758	das	Leben
448	das	Bewußtsein
410	das	Wort
400	das	Kind
397	das	Herz
343	das	Volk
335	das	Haus
324	das	Wesen
309	das	Wasser
274	das	Land
269	das	Gesicht
247	das	Dasein
244	das	Bild
227	das	Gefühl
217	das	Meer
211	das	Zimmer
207	das	Ganze
201	das	Mädchen
199	das	Feuer
198	das	Glück
187	das	Licht
167	das	Blut
157	das	Buch
155	das	Weib
146	das	Gesetz
146	das	Geld
145	das	Recht
144	das	Gespräch
144	das	Auge
140	das	Selbst
140	das	Schicksal
139	das	Verhältnis
125	das	Fenster
125	das	Beste
123	das	Gegenteil
123	das	Ding
121	das	Haupt
117	das	Pferd
115	das	Selbstbewußtsein
112	das	Allgemeine
107	das	Ende
103	das	Zeichen
102	das	Sein
101	das	Schloß
101	das	Feld
100	das	Werk
99	das	Ich
98	das	An
97	das	Ziel
96	das	Spiel
95	das	Wissen
91	das	Bett
91	Das	Leben
90	das	Wahre
86	das	Denken
85	das	Tier
85	das	Innere
84	das	Gute
83	das	Schiff
81	das	Geheimnis
80	Das	Mädchen
76	das	Urteil
76	das	Mannigfaltige
74	das	Vermögen
74	das	Tun
74	Das	Bewußtsein
72	das	Für
72	das	Dorf
72	Das	Volk
71	das	Grab
70	das	Reich
69	Das	Kind
68	das	Fräulein
67	das	Kinn
66	das	Zinzilein
64	das	Haar
63	das	Messer
63	das	Gewehr
62	das	Subjekt
62	das	Blatt
61	das	Interesse
61	das	Glas
57	das	Resultat
57	das	Fleisch
56	das	Tor
54	das	Vergnügen
53	das	Moment
53	das	Lied
53	das	Individuum
53	Das	Wort
52	das	Unglück
52	das	Papier
51	das	Bedürfnis
50	das	Element
48	das	Stück
48	das	Objekt
48	das	Negative
47	das	Wetter
47	das	Lager
47	das	Eine
47	das	Dunkel
46	das	Schema
46	das	Geschäft
45	das	Böse
45	das	Boot
42	das	Prädikat
42	das	Gras
42	das	Eis
41	das	Brot
40	das	Schwert
40	das	Essen
40	das	Dach
40	Das	Land
39	das	Verlangen
39	das	Prinzip
39	das	Kleid
38	das	Wohl
38	das	Tal
38	das	Schöne
38	das	Erkennen
37	das	Problem
37	das	Jahr
37	das	Ideal
36	das	Unbedingte
36	das	Höchste
36	das	Geräusch
36	Das	Wasser
35	das	Gewissen
35	das	Bedingte
35	das	Antlitz
34	das	Wichtelmännchen
34	das	Sie
34	das	Publikum
34	Das	Haus
34	Das	Bild
33	das	Reale
33	das	Ohr
33	das	Maß
33	das	Lachen
33	das	Ergebnis
33	das	Einfache
32	das	Ufer
32	das	System
32	das	Sofa
32	das	Schlimmste
32	das	Richtige
32	das	Kreuz
32	das	Gebiet
32	Das	Weib
32	Das	Buch
31	das	Werden
31	das	Loch
31	das	Gleichgewicht
31	das	Frühstück
30	das	Wunder
30	das	Vaterland
30	das	Thal
30	das	Mittel
30	das	Gericht
30	das	Ansehen
30	das	Andere
29	das	Äußere
29	das	Opfer
29	das	Große
29	das	Gehirn
29	das	Alter
28	das	Wesentliche
28	das	Thema
28	das	Rechte
28	das	Lächeln
28	das	Bildnis
28	das	Aufheben
28	das	Alte
28	Das	Pferd
28	Das	Licht
28	Das	Ganze
27	das	Theater
27	das	Regiment
27	das	Hemd
27	das	Gespenst
27	das	Gebäude
27	das	Besondere
27	das	Andre
27	Das	Wetter
27	Das	Herz
27	Das	Gesetz
27	Das	Blut
26	das	Wirkliche
26	das	Verständnis
26	das	Fest
26	das	Dienstmädchen
26	Das	Wesen
26	Das	Meer
25	das	Wichtigste
25	das	Vertrauen
25	das	Verfahren
25	das	Murmelthier
25	das	Maul
25	das	Kleine
25	das	Innre
25	das	Heil
25	das	Gerücht
25	das	Genie
25	das	Anderssein
24	das	Zelt
24	das	Verbrechen
24	das	Studium
24	das	Schreiben
24	das	Gemüt
24	das	Gebirge
24	das	Einzelne
24	Das	Gespräch
24	Das	Feuer
23	das	Vieh
23	das	Tuch
23	das	Rad
23	das	Nichts
23	das	Mädel
23	das	Gedicht
23	das	Eisen
23	das	Beispiel
23	Das	Schicksal
23	Das	Gefühl
22	das	Unheimliche
22	das	Rätsel
22	das	Leiden
22	das	Erste
22	das	Amt
21	das	Verhalten
21	das	Seine
21	das	Schönste
21	das	Paradies
21	das	Mitleid
21	das	Lob
21	das	Holz
21	das	Gold
21	das	Gift
21	Das	Selbstbewußtsein
20	das	Zeug
20	das	Talent
20	das	Schlechte
20	das	Nichtsein
20	das	Material
20	das	Handeln
20	das	Geschrei
20	das	Elend
20	das	Ei
20	das	Band
20	das	All
20	das	Absolute
19	das	Schweigen
19	das	Neue
19	das	Letzte
19	das	Klavier
19	das	Instrument
19	das	Hotel
19	das	Heer
19	das	Eigentum
19	das	Andenken
19	Das	Schiff
19	Das	Gewissen
19	Das	Fleisch
19	Das	Beste
18	das	Zugleichsein
18	das	Vergangene
18	das	Thor
18	das	Pflaster
18	das	Original
18	das	Netz
18	das	Leid
18	das	Laster
18	das	Heu
18	das	Geschick
18	das	Du
18	das	Aussehen
18	Das	Schema
18	Das	Gesicht
17	das	Versprechen
17	das	Verdienst
17	das	Sterben
17	das	Seinige
17	das	Mahl
17	das	Kästchen
17	das	Kaninchen
17	das	Geringste
17	das	Gedächtnis
17	das	Erscheinen
17	das	Entgegengesetzte
17	das	Denkmal
17	das	Beharrliche
17	das	Angesicht
17	das	Abendessen
17	Das	Zimmer
17	Das	Schloß
16	das	Wäldchen
16	das	Unmittelbare
16	das	Rauschen
16	das	Nämliche
16	das	Mitleiden
16	das	Laub
16	das	Korn
16	das	In
16	das	Hier
16	das	Gut
16	das	Glied
16	das	Gleiche
16	das	Gewand
16	das	Geländer
16	das	Gegenwärtige
16	das	Fieber
16	das	Erwachen
16	das	Entlein
16	das	Eigentümliche
16	das	Christentum
16	das	Bier
16	Das	Schwert
16	Das	Auge
15	das	Zufällige
15	das	Zittern
15	das	Zeugnis
15	das	Vorstellen
15	das	Verkehrte
15	das	Und
15	das	Telegramm
15	das	Positive
15	das	Organ
15	das	Motiv
15	das	Manuskript
15	das	Knie
15	das	Kloster
15	das	Gänsemädchen
15	das	Gewicht
15	das	Geschenk
15	das	Gemach
15	das	Fett
15	das	Es
15	das	Eiweiß
15	das	Das
15	das	Christenthum
15	Das	Zinzilein
15	Das	Innere
15	Das	Glück
15	Das	Denken
14	das	Werkzeug
14	das	Was
14	das	Wachs
14	das	Vorrecht
14	das	Unwesentliche
14	das	Unwandelbare
14	das	Treiben
14	das	Traumleben
14	das	Substratum
14	das	Ruder
14	das	Renntier
14	das	Raumschiff
14	das	Nötige
14	das	Itzt
14	das	Heimweh
14	das	Gitter
14	das	Geschehene
14	das	Gebet
14	das	Flugzeug
14	das	Er
14	das	Bein
14	das	Bad
14	Das	Verhältnis
14	Das	Publikum
14	Das	Lied
14	Das	Fräulein
14	Das	Ding
13	das	Übel
13	das	Weltall
13	das	Vergessen
13	das	Unbewußte
13	das	Thier
13	das	Nützliche
13	das	Nächste
13	das	Märchen
13	das	Merkmal
13	das	Majorat
13	das	Kälbchen
13	das	Kamel
13	das	Kabinett
13	das	Herr
13	das	Gelände
13	das	Fell
13	das	Erdreich
13	das	Entsetzen
13	das	Eichhörnchen
13	das	Benehmen
13	das	Alles
13	das	Abenteuer
13	Das	Individuum
13	Das	Ideal
13	Das	Geld
13	Das	Fenster
13	Das	Ende
13	Das	Dorf
12	das	Vorzimmer
12	das	Urbild
12	das	Taschentuch
12	das	Seil
12	das	Schwerste
12	das	Schlafzimmer
12	das	Schauspiel
12	das	Salz
12	das	Räthsel
12	das	Roß
12	das	Rathaus
12	das	Praktische
12	das	Organische
12	das	Notwendige
12	das	Nervensystem
12	das	Los
12	das	Leere
12	das	Kissen
12	das	Ihre
12	das	Hündchen
12	das	Geschirr
12	das	Gemeinwesen
12	das	Gehen
12	das	Gedränge
12	das	Fürwahrhalten
12	das	Folgmädchen
12	das	Entzücken
12	das	Ehepaar
12	das	Echo
12	das	Bestehen
12	Das	Stück
12	Das	Dasein
11	das	Übergewicht
11	das	Weiße
11	das	Verhör
11	das	Verderben
11	das	Unrecht
11	das	Unmögliche
11	das	Träumen
11	das	Streben
11	das	Sonnenlicht
11	das	Sollen
11	das	Sich
11	das	Selbe
11	das	Seiende
11	das	Nachdenken
11	das	Mützchen
11	das	Mondlicht
11	das	Jenseits
11	das	Göttliche
11	das	Gewühl
11	das	Geschlecht
11	das	Gegentheil
11	das	Gefecht
11	das	Extrem
11	das	Erkenntnis
11	das	Einzige
11	das	Dritte
11	das	Atmen
11	Das	Unglück
11	Das	Schlimmste
11	Das	Prinzip
11	Das	Mädel
11	Das	Ich
11	Das	Boot
10	das	Wadi
10	das	Verschwinden
10	das	Umgekehrte
10	das	Tageslicht
10	das	Steigen
10	das	Seelenleben
10	das	Rennen
10	das	Prisma
10	das	Prinzipium
10	das	Pathos
10	das	Paar
10	das	Nebenzimmer
10	das	Maass
10	das	Liebste
10	das	Kontor
10	das	Klima
10	das	Klappern
10	das	Kapital
10	das	Ja
10	das	Horn
10	das	Heulen
10	das	Grün
10	das	Geständnis
10	das	Gesinde
10	das	Geleit
10	das	Gegenstück
10	das	Gebüsch
10	das	Fahrzeug
10	das	Eins
10	das	Eigentliche
10	das	Doppelte
10	das	Dickicht
10	das	Der
10	das	Deck
10	das	Brett
10	das	Blendwerk
10	das	Blau
10	das	Bestreben
10	das	Auto
10	das	Auftreten
10	Das	Tun
10	Das	Selbst
10	Das	Resultat
10	Das	Gute
10	Das	Gelände
10	Das	Antlitz
9	das	Übermaß
9	das	Äußerste
9	das	Zeitalter
9	das	Wie
9	das	Weinen
9	das	Weibchen
9	das	Vorbewußte
9	das	Verdeck
9	das	Urtheil
9	das	Sprichwort
9	das	Sinnliche
9	das	Siegel
9	das	Schlachtfeld
9	das	Notwendigste
9	das	Niveau
9	das	Nichtige
9	das	Neueste
9	das	Nein
9	das	Männchen
9	das	Moor
9	das	Mittagessen
9	das	Merkwürdige
9	das	Kommando
9	das	Kistchen
9	das	Höhere
9	das	Heiligtum
9	das	Heilige
9	das	Gott
9	das	Floß
9	das	Experiment
9	das	Brautpaar
9	das	Bessere
9	das	Beobachten
9	das	Bataillon
9	das	Angenehme
9	das	Aber
9	Das	Wesentliche
9	Das	Unheimliche
9	Das	System
9	Das	Problem
9	Das	Essen
8	das	Zweite
8	das	Wirken
8	das	Wild
8	das	Wiedersehen
8	das	Vorhandensein
8	das	Vbw
8	das	Trinken
8	das	Traumbild
8	das	Suchen
8	das	Stroh
8	das	Stadthaupt
8	das	Sprechen
8	das	Schlimme
8	das	Produkt
8	das	Nun
8	das	Nest
8	das	Muster
8	das	Museum
8	das	Morgenrot
8	das	Lächerliche
8	das	Lernen
8	das	Köpfchen
8	das	Kunstwerk
8	das	Ihr
8	das	Ideelle
8	das	Häuschen
8	das	Huhn
8	das	Herkommen
8	das	Gymnasium
8	das	Getöse
8	das	Getreide
8	das	Gesehene
8	das	Geschoß
8	das	Genitale
8	das	Genick
8	das	Gefäß
8	das	Gedeihen
8	das	Gas
8	das	Fundament
8	das	Erlebnis
8	das	Entsetzliche
8	das	Drama
8	das	Da
8	das	Bündel
8	das	Billet
8	das	Beil
8	das	Bedürfniss
8	das	Aussprechen
8	das	Aug
8	das	Auffassen
8	das	Artilleriefeuer
8	das	Anschauen
8	das	Abendbrot
8	Das	Spiel
8	Das	Sein
8	Das	Märchen
8	Das	Kochen
8	Das	Interesse
8	Das	Haar
8	Das	Genie
8	Das	Bildnis
8	Das	Bett
7	das	Zeitliche
7	das	Wörtchen
7	das	Wollen
7	das	Weitere
7	das	Vögeln
7	das	Unwetter
7	das	Unternehmen
7	das	Unlustprinzip
7	das	Ungleiche
7	das	Ungeheure
7	das	Trottoir
7	das	Traurige
7	das	Traummaterial
7	das	Symbol
7	das	Städtchen
7	das	Speisezimmer
7	das	Sollizitierende
7	das	So
7	das	Sittengesetz
7	das	Signal
7	das	Seufzen
7	das	Schlüsselloch
7	das	Schifflein
7	das	Rückenmark
7	das	Rößlein
7	das	Reiten
7	das	Pulver
7	das	Pult
7	das	Programm
7	das	Porträt
7	das	Podium
7	das	Plaid
7	das	Om
7	das	Nachfolgende
7	das	Moralische
7	das	Mißtrauen
7	das	Merkwürdigste
7	das	Menschengeschlecht
7	das	Meiste
7	das	Meinen
7	das	Medium
7	das	Maschinengewehr
7	das	Lokal
7	das	Lesen
7	das	Katheder
7	das	Kanapee
7	das	Ist
7	das	Innerste
7	das	Ihrige
7	das	Hünengrab
7	das	Handwerk
7	das	Gouvernement
7	das	Gleichnamige
7	das	Gewitter
7	das	Gesagte
7	das	Gepäck
7	das	Gefolge
7	das	Gedächtniss
7	das	Gebot
7	das	Gasthaus
7	das	Futter
7	das	Frühjahr
7	das	Freie
7	das	Erz
7	das	Entstehen
7	das	Einssein
7	das	Ein
7	das	Eierhäuschen
7	das	Die
7	das	Dampfboot
7	das	Bäumchen
7	das	Billett
7	das	Betragen
7	das	Bestimmte
7	das	Aufhören
7	das	Auf
7	das	Ansehn
7	das	Allerheiligste
7	Das	Ziel
7	Das	Werk
7	Das	Unbewußte
7	Das	Traumleben
7	Das	Tal
7	Das	Studium
7	Das	Schweigen
7	Das	Recht
7	Das	Projekt
7	Das	Haupt
7	Das	Gold
7	Das	Element
7	Das	Bier
7	Das	Allgemeine
6	das	Zusammentreffen
6	das	Zusammengesetzte
6	das	Wunderliche
6	das	Wohnzimmer
6	das	Widerspiel
6	das	Wer
6	das	Wenn
6	das	Wappen
6	das	Walten
6	das	Wahrnehmen
6	das	Wachstum
6	das	Vorgelände
6	das	Vorgefallene
6	das	Vorbild
6	das	Vernünftige
6	das	Vernunftvermögen
6	das	Vergehen
6	das	Urwesen
6	das	Unvermögen
6	das	Unterscheidende
6	das	Unterholz
6	das	Unglaubliche
6	das	Ungewisse
6	das	Unendliche
6	das	Unangenehme
6	das	Tischtuch
6	das	Tierchen
6	das	Telephon
6	das	Stückchen
6	das	Steuer
6	das	Sterbliche
6	das	Skelett
6	das	Schwein
6	das	Schwarze
6	das	Schluchzen
6	das	Schlagen
6	das	Schilf
6	das	Schaffen
6	das	Räubermädchen
6	das	Räderwerk
6	das	Rote
6	das	Rohr
6	das	Quecksilber
6	das	Portal
6	das	Parlament
6	das	Noumenon
6	das	Nicht
6	das	Nibelungenlied
6	das	Naturgesetz
6	das	Nahen
6	das	Moos
6	das	Misstrauen
6	das	Militär
6	das	Meisterstück
6	das	Mehl
6	das	Mark
6	das	Lösegeld
6	das	Königreich
6	das	Krokodil
6	das	Kriterium
6	das	Kompliment
6	das	Kochen
6	das	Kleinste
6	das	Kindlein
6	das	Karneval
6	das	Kapitol
6	das	Kapitel
6	das	Junge
6	das	Irdische
6	das	Ihnen
6	das	Hohe
6	das	Hirn
6	das	Hin
6	das	Hexenlied
6	das	Herrenhaus
6	das	Grauen
6	das	Gestein
6	das	Geschöpf
6	das	Geschriebene
6	das	Gerüst
6	das	Gemälde
6	das	Gemeinwohl
6	das	Gemeinsame
6	das	Gelächter
6	das	Geleite
6	das	Gelb
6	das	Geistige
6	das	Geheul
6	das	Gefängnis
6	das	Gartenhaus
6	das	Fußvolk
6	das	Frühlingshaus
6	das	Fragen
6	das	Folgende
6	das	Fliegen
6	das	Firmament
6	das	Feldlazarett
6	das	Faktum
6	das	Ewige
6	das	Dunkle
6	das	Diederich
6	das	Begreifen
6	das	Außerordentliche
6	das	Auftauchen
6	das	Angeln
6	das	Allerbeste
6	das	Alleinsein
6	Das	Wichtigste
6	Das	Thema
6	Das	Original
6	Das	Neue
6	Das	Moment
6	Das	Mittelalter
6	Das	Material
6	Das	Itzt
6	Das	Gänsemädchen
6	Das	Gras
6	Das	Geschoß
6	Das	Gericht
6	Das	Fieber
6	Das	Fett
6	Das	Fest
6	Das	Brot
5	das	Übergehen
5	das	Öffnen
5	das	Ärgste
5	das	Zustandekommen
5	das	Zusammenwirken
5	das	Zuhören
5	das	Weite
5	das	Warten
5	das	Wandelbare
5	das	Wachleben
5	das	Vorurteil
5	das	Vortreffliche
5	das	Vorhandene
5	das	Vollkommenste
5	das	Vollkommene
5	das	Vestibül
5	das	Verlöbnis
5	das	Verhängnis
5	das	Ungetüm
5	das	Tribunal
5	das	Tintenfaß
5	das	Tiefste
5	das	Teezeug
5	das	Säuglingsheim
5	das	Symptom
5	das	Stärkemehl
5	das	Stäbchen
5	das	Sitzen
5	das	Singen
5	das	Sieb
5	das	Seltsamste
5	das	Seltsame
5	das	Schreckliche
5	das	Schlechteste
5	das	Schießen
5	das	Röhricht
5	das	Rollen
5	das	Reisen
5	das	Reden
5	das	Rascheln
5	das	Plätschern
5	das	Pincenez
5	das	Phänomen
5	das	Personal
5	das	Parkett
5	das	Paket
5	das	Pack
5	das	Oberhaupt
5	das	Nötigste
5	das	Nähere
5	das	Münster
5	das	Mühen
5	das	Mögliche
5	das	Mägdlein
5	das	Mägdelein
5	das	Mysterium
5	das	Menschliche
5	das	Meinige
5	das	Malzeug
5	das	Liedchen
5	das	Liebe
5	das	Leintuch
5	das	Lebendige
5	das	Landleben
5	das	Landexamen
5	das	Komitee
5	das	Kokain
5	das	Knarren
5	das	Klopfen
5	das	Klirren
5	das	Kleinod
5	das	Kerlchen
5	das	Kennzeichen
5	das	Kaiser
5	das	Joch
5	das	Ideale
5	das	Häßliche
5	das	Hosentürl
5	das	Heidekraut
5	das	Heft
5	das	Hauswesen
5	das	Hauptquartier
5	das	Handtuch
5	das	Grundstück
5	das	Gleichnis
5	das	Gewebe
5	das	Gerichtsverfahren
5	das	Gepräge
5	das	Gemüse
5	das	Gelingen
5	das	Gelbe
5	das	Gegenständliche
5	das	Gedachte
5	das	Fürchten
5	das	Frühstückszimmer
5	das	Frauenzimmer
5	das	Flüßchen
5	das	Feuerzeug
5	das	Fensterbrett
5	das	Fehlerhafte
5	das	Familienleben
5	das	Falsche
5	das	Examen
5	das	Evangelium
5	das	Erzeugnis
5	das	Englische
5	das	Empfinden
5	das	Einmaleins
5	das	Einfachste
5	das	Diese
5	das	Coupé
5	das	Chaos
5	das	Büchlein
5	das	Bureau
5	das	Brausen
5	das	Brandenburger
5	das	Bewusstsein
5	das	Bekenntnis
5	das	Begräbnis
5	das	Befinden
5	das	Barometer
5	das	Automobil
5	das	Ausland
5	das	Aufzeigen
5	das	Arbeitszimmer
5	das	Albrechtstor
5	das	Ach
5	das	Abzeichen
5	Das	Wunder
5	Das	Wissen
5	Das	Wahre
5	Das	Verfahren
5	Das	Ufer
5	Das	Tier
5	Das	Subjekt
5	Das	Salz
5	Das	Rad
5	Das	Postulat
5	Das	Nämliche
5	Das	Murmelthier
5	Das	Inhaltsverzeichnis
5	Das	Hier
5	Das	Handeln
5	Das	Geräusch
5	Das	Gefecht
5	Das	Für
5	Das	Erscheinen
5	Das	Eisen
5	Das	Eis
5	Das	Einfache
5	Das	Ei
5	Das	Echo
5	Das	Dunkel
5	Das	Christenthum
5	Das	Blatt
5	Das	Backen
5	Das	All
4	das	Übersinnliche
4	das	Zweideutige
4	das	Zurückgehen
4	das	Zucken
4	das	Zigeunerweib
4	das	Ziehen
4	das	Wunderbare
4	das	Wohnhaus
4	das	Wohlwollen
4	das	Wohlbehagen
4	das	Wohlbefinden
4	das	Wo
4	das	Wirtshaus
4	das	Wirksame
4	das	Wirbeln
4	das	Weltganze
4	das	Weihnachtskapitel
4	das	Warum
4	das	Wachsen
4	das	Vorstellungsvermögen
4	das	Vorhergehende
4	das	Viele
4	das	Verständniss
4	das	Verhängniss
4	das	Verhältniss
4	das	Urtier
4	das	Unwesen
4	das	Unterscheiden
4	das	Unmoralische
4	das	Ungewöhnliche
4	das	Ungeheuer
4	das	Unbegreifliche
4	das	Ubw
4	das	Tuende
4	das	Traum
4	das	Tote
4	das	Tosen
4	das	Todtengräber
4	das	Toben
4	das	Ticken
4	das	Thomas
4	das	Testament
4	das	Terrain
4	das	Systematische
4	das	Summen
4	das	Stubenmädchen
4	das	Strumpfband
4	das	Stichwort
4	das	Staunen
4	das	Sommertheater
4	das	Sollizitierte
4	das	Silber
4	das	Setzen
4	das	Seminar
4	das	Selamlük
4	das	Sehnen
4	das	Schreien
4	das	Schlechthinunbedingte
4	das	Schild
4	das	Schauen
4	das	Schaf
4	das	Sausen
4	das	Rückgrat
4	das	Rot
4	das	Rondell
4	das	Regenwasser
4	das	Rauchen
4	das	Quartier
4	das	Qualitative
4	das	Psychische
4	das	Projekt
4	das	Prestige
4	das	Polster
4	das	Pförtchen
4	das	Pergament
4	das	Peinliche
4	das	Passieren
4	das	Organon
4	das	Orchester
4	das	Orakel
4	das	Obst
4	das	Mütterchen
4	das	Mähen
4	das	Modell
4	das	Mindeste
4	das	Mikroskop
4	das	Mein
4	das	Medaillon
4	das	Man
4	das	Losungswort
4	das	Leuchten
4	das	Leichte
4	das	Lamm
4	das	Körperliche
4	das	Käthchen
4	das	Kuvert
4	das	Kratzen
4	das	Krankenzimmer
4	das	Krachen
4	das	Konzert
4	das	Konzept
4	das	Konservatorium
4	das	Komische
4	das	Knirschen
4	das	Klassenbuch
4	das	Kirchenbuch
4	das	Kabuff
4	das	Jungchen
4	das	Jubiläum
4	das	Jetzt
4	das	Jawort
4	das	Jahrhundert
4	das	Interessanteste
4	das	Intelligible
4	das	Institut
4	das	Innerliche
4	das	Hoftor
4	das	Hoftheater
4	das	Hochamt
4	das	Hindernis
4	das	Himmlische
4	das	Himmelreich
4	das	Hervorbringen
4	das	Herrschende
4	das	Größte
4	das	Goldene
4	das	Gnadenbrot
4	das	Geäst
4	das	Gewölbe
4	das	Gewohnte
4	das	Gewirre
4	das	Gewirr
4	das	Getümmel
4	das	Getränk
4	das	Getriebe
4	das	Gestad
4	das	Gesindel
4	das	Geschlechtliche
4	das	Geschehen
4	das	Gerüste
4	das	Gerippe
4	das	Gemüth
4	das	Gemeinte
4	das	Geläut
4	das	Gelten
4	das	Geleise
4	das	Gehörte
4	das	Gehör
4	das	Geheimnisvolle
4	das	Geheime
4	das	Gegebene
4	das	Gedächtniß
4	das	Gebäck
4	das	Gebrüll
4	das	Gastrecht
4	das	Furchtbare
4	das	Frдulein
4	das	Frühstücksschiff
4	das	Fremde
4	das	Fortschreiten
4	das	Forsthaus
4	das	Flüstern
4	das	Fläschchen
4	das	Flehen
4	das	Festhalten
4	das	Feinste
4	das	Fehlen
4	das	Faß
4	das	Ewig
4	das	Etwas
4	das	Erstaunen
4	das	Erleben
4	das	Ereignis
4	das	Erbteil
4	das	Entscheidende
4	das	Empirische
4	das	Eiserne
4	das	Einschlagen
4	das	Eingreifen
4	das	Einen
4	das	Eindringen
4	das	Echte
4	das	Duell
4	das	Diesseits
4	das	Deutsche
4	das	Daß
4	das	Chor
4	das	Café
4	das	Büfett
4	das	Burgtor
4	das	Briefchen
4	das	Bollwerk
4	das	Blühen
4	das	Blinken
4	das	Blech
4	das	Bewegliche
4	das	Bette
4	das	Besitztum
4	das	Bellen
4	das	Behältnis
4	das	Begehren
4	das	Bedeutende
4	das	Basil
4	das	Backwerk
4	das	Bab
4	das	Aufgeben
4	das	Auch
4	das	Atelier
4	das	Ansinnen
4	das	Ansichseiende
4	das	Angebot
4	das	Anerkannte
4	das	Altertum
4	das	Abendrot
4	das	Abendmahl
4	das	ABC
4	das	A
4	Das	Zeichen
4	Das	Wirtshaus
4	Das	Wichtelmännchen
4	Das	Versprechen
4	Das	Vermögen
4	Das	Verhalten
4	Das	Vergnügen
4	Das	Urteil
4	Das	Träumen
4	Das	Traummaterial
4	Das	Tor
4	Das	Theater
4	Das	Talent
4	Das	Sprichwort
4	Das	Schlimme
4	Das	Römische
4	Das	Paar
4	Das	Originalbuch
4	Das	Mitleiden
4	Das	Merkwürdigste
4	Das	Lächeln
4	Das	Lob
4	Das	Letzte
4	Das	Lager
4	Das	Kunstwerk
4	Das	Kloster
4	Das	Kleid
4	Das	Klavier
4	Das	Jahr
4	Das	Göttliche
4	Das	Glas
4	Das	Geschäft
4	Das	Geschrei
4	Das	Geheimnis
4	Das	Fürwahrhalten
4	Das	Feldlazarett
4	Das	Erste
4	Das	Eine
4	Das	Ehepaar
4	Das	Dienstmädchen
4	Das	Dach
4	Das	Christentum
4	Das	Beil
4	Das	Begräbnis
4	Das	Bataillon
4	Das	Alter
4	Das	Alles
3	das	Äpfelweib
3	das	Älfdal
3	das	Ächzen
3	das	Zwitschern
3	das	Zweckmäßige
3	das	Zusammensein
3	das	Zusammenleben
3	das	Zimmermädchen
3	das	Zepter
3	das	Zentrum
3	das	Zentralkörperchen
3	das	Zeitungsblatt
3	das	Zarathustra
3	das	Wohlan
3	das	Wogen
3	das	Wimmern
3	das	Wiederkäuen
3	das	Wickelkind
3	das	Wichtige
3	das	Wichtelvolk
3	das	Wesenlose
3	das	Weltmeer
3	das	Weiß
3	das	Weihnachtsfest
3	das	Wegwerfen
3	das	Wasserglas
3	das	Wachsein
3	das	Vorspiel
3	das	Vorrücken
3	das	Vorkommnis
3	das	Vorgehen
3	das	Vollkommne
3	das	Verlangte
3	das	Urteilen
3	das	Ursprüngliche
3	das	Unwirkliche
3	das	Untier
3	das	Unterschiedne
3	das	Unsichtbare
3	das	Unrat
3	das	Unkraut
3	das	Universum
3	das	Ungeziefer
3	das	Ungeheuerliche
3	das	Ungefähre
3	das	Unerhörte
3	das	Unegoistische
3	das	Unbewegte
3	das	Unbestimmte
3	das	Unanständige
3	das	Unabänderliche
3	das	Uebrige
3	das	Uebel
3	das	Törleß
3	das	Töchterlein
3	das	Titelblatt
3	das	Tischchen
3	das	Tigerfell
3	das	Thermometer
3	das	Teuflische
3	das	Tempo
3	das	Temperament
3	das	Teehaus
3	das	Tau
3	das	Taschenbuch
3	das	Tanzen
3	das	Säckchen
3	das	Substantiale
3	das	Stük
3	das	Stübchen
3	das	Stöhnen
3	das	Stimmen
3	das	Stiegensteigen
3	das	Sticharion
3	das	Stehlen
3	das	Stehen
3	das	Standbild
3	das	Stampfen
3	das	Stadttor
3	das	Stadttheater
3	das	St
3	das	Spitzel
3	das	Spinnrad
3	das	Spielzeug
3	das	Spiegelbild
3	das	Spektakel
3	das	Sopha
3	das	Sittah
3	das	Seltene
3	das	Sehen
3	das	Segel
3	das	Sechste
3	das	Schwirren
3	das	Schwefelholz
3	das	Schwanken
3	das	Schreibzeug
3	das	Schon
3	das	Schelten
3	das	Schaukeln
3	das	Scharfe
3	das	Röckchen
3	das	Röcheln
3	das	Rundell
3	das	Ross
3	das	Rom
3	das	Richtmaß
3	das	Rezept
3	das	Rendezvous
3	das	Reminiscenzen
3	das	Regieren
3	das	Rasseln
3	das	Quadrat
3	das	Prüfen
3	das	Protoplasma
3	das	Protokoll
3	das	Portefeuille
3	das	Politische
3	das	Pochen
3	das	Phantom
3	das	Pflichtmäßige
3	das	Perspektivische
3	das	Pensum
3	das	Parterre
3	das	Pantheon
3	das	Ordinariat
3	das	Opernglas
3	das	Offizierkorps
3	das	Oberkommando
3	das	O
3	das	Natürliche
3	das	Naturgemäße
3	das	Nachtlied
3	das	Männlein
3	das	Murmeln
3	das	Mundstück
3	das	Mißfallen
3	das	Mittagsmahl
3	das	Mit
3	das	Ministerium
3	das	Menu
3	das	Menschenleben
3	das	Mensch
3	das	Mechanische
3	das	Masturbieren
3	das	Maschinengewehrfeuer
3	das	Marskuratorium
3	das	Läuten
3	das	Lumpenpack
3	das	Luise
3	das	Lineal
3	das	Lichtwesen
3	das	Letztere
3	das	Lazarett
3	das	Lauschen
3	das	Latein
3	das	Landvolk
3	das	Landschaftsbild
3	das	Labyrinth
3	das	Laboratorium
3	das	Küssen
3	das	Künftige
3	das	Köfferchen
3	das	Kätzchen
3	das	Kutschieren
3	das	Kunststück
3	das	Kronprinzenufer
3	das	Kristall
3	das	Kriegsschiff
3	das	Kriegsgericht
3	das	Korrelatum
3	das	Kopfende
3	das	Konvikt
3	das	Kochwasser
3	das	Klügste
3	das	Klingen
3	das	Klaus
3	das	Klassenzimmer
3	das	Kichern
3	das	Keimbläschen
3	das	Kampfspiel
3	das	Kalb
3	das	Kaffeehaus
3	das	Jammern
3	das	Indifferente
3	das	I
3	das	Hören
3	das	Höllenloch
3	das	Häuflein
3	das	Horatio
3	das	Himmelslicht
3	das	Heßlingsche
3	das	Herze
3	das	Herbarium
3	das	Helle
3	das	Heldische
3	das	Heiligste
3	das	Heiligenbild
3	das	Harry
3	das	Handelnde
3	das	Halstuch
3	das	Halsband
3	das	Haben
3	das	Gütchen
3	das	Gäßchen
3	das	Gänsegeschnatter
3	das	Grüne
3	das	Grundorgan
3	das	Gregor
3	das	Grabmal
3	das	Gotteshaus
3	das	Glük
3	das	Glöcklein
3	das	Glockenzeichen
3	das	Glauben
3	das	Gewünschte
3	das	Gewimmel
3	das	Gewerbe
3	das	Gesäß
3	das	Gesetzmäßige
3	das	Geschlechtsleben
3	das	Gesangbuch
3	das	Gerassel
3	das	Gepräg
3	das	Genaueste
3	das	Gemüsefeld
3	das	Gemurmel
3	das	Gemeinschaftliche
3	das	Gemeine
3	das	Gelöbnis
3	das	Gehorchen
3	das	Geheimniß
3	das	Geh
3	das	Gegenbild
3	das	Gefüge
3	das	Gefährt
3	das	Geflügel
3	das	Gedräng
3	das	Gedankending
3	das	Gebiß
3	das	Gastzimmer
3	das	Fürchterliche
3	das	Furchtbarste
3	das	Fremdeste
3	das	Fragment
3	das	Fort
3	das	Formale
3	das	Fixe
3	das	Feuerwerk
3	das	Festland
3	das	Fernrohr
3	das	Fehlende
3	das	Fasten
3	das	Familienzimmer
3	das	Eßzimmer
3	das	Eure
3	das	Etui
3	das	Erstere
3	das	Erkenntnisvermögen
3	das	Erinnerungsbild
3	das	Erhalten
3	das	Erhabene
3	das	Ereigniss
3	das	Erblickte
3	das	Erbe
3	das	Entzweien
3	das	Empfindungsvermögen
3	das	Eintreffen
3	das	Einschlafen
3	das	Einhorn
3	das	Edelste
3	das	Dämchen
3	das	Durchdringen
3	das	Dreieck
3	das	Dorotheen
3	das	Dichterwort
3	das	Dich
3	das	Deine
3	das	Datum
3	das	Charakteristische
3	das	Bürgerrecht
3	das	Bündnis
3	das	Bändchen
3	das	Buschwerk
3	das	Buschfeld
3	das	Brüllen
3	das	Braun
3	das	Blümchen
3	das	Blockhaus
3	das	Blei
3	das	Bilden
3	das	Beßre
3	das	Beziehen
3	das	Bewußtwerden
3	das	Bewegende
3	das	Bevorstehende
3	das	Bettzeug
3	das	Bestimmende
3	das	Bestimmbare
3	das	Beschreiben
3	das	Bereich
3	das	Beinhaus
3	das	Bedenken
3	das	Bedauern
3	das	Bauwerk
3	das	Bassin
3	das	Banner
3	das	Bajonett
3	das	Backen
3	das	Aufsteigen
3	das	Aufgebot
3	das	Argument
3	das	Arabische
3	das	Angstgeschrei
3	das	Amphitheater
3	das	Amen
3	das	Als
3	das	Akzidens
3	das	Abstrakte
3	das	Absterben
3	das	Abschießen
3	das	Abgeriebene
3	Das	Übel
3	Das	Wirkliche
3	Das	Werden
3	Das	Wecken
3	Das	Verlangen
3	Das	Vergessen
3	Das	Verdienst
3	Das	Verbrechen
3	Das	Vaterland
3	Das	Unvollständige
3	Das	Tageslicht
3	Das	Sterben
3	Das	Stadthaupt
3	Das	Sinnliche
3	Das	Schöne
3	Das	Schreckliche
3	Das	Schauen
3	Das	Rot
3	Das	Revolutionstribunal
3	Das	Rennen
3	Das	Reich
3	Das	Regiment
3	Das	Regenwasser
3	Das	Püppchen
3	Das	Pathos
3	Das	Papier
3	Das	Organische
3	Das	Ohr
3	Das	Nützliche
3	Das	Nichts
3	Das	Nest
3	Das	Männchen
3	Das	Mittel
3	Das	Mittagessen
3	Das	Mitleid
3	Das	Messer
3	Das	Merkwürdige
3	Das	Liedchen
3	Das	Laster
3	Das	Lachen
3	Das	Korn
3	Das	Kleine
3	Das	Kaiser
3	Das	Inzestmotiv
3	Das	Instrument
3	Das	Infantile
3	Das	Himmelreich
3	Das	Gut
3	Das	Große
3	Das	Grauen
3	Das	Glöcklein
3	Das	Glied
3	Das	Gitter
3	Das	Gewehr
3	Das	Gepäck
3	Das	Gemeinwesen
3	Das	Gemeinsame
3	Das	Gehirn
3	Das	Gedränge
3	Das	Gebot
3	Das	Gebet
3	Das	Folgende
3	Das	Feuerzeug
3	Das	Feld
3	Das	Fahrzeug
3	Das	Extrem
3	Das	Examen
3	Das	Erkenntnis
3	Das	Entsetzen
3	Das	Entlein
3	Das	Einzelne
3	Das	Eigentümliche
3	Das	Du
3	Das	Das
3	Das	Brautpaar
3	Das	Blau
3	Das	Beobachten
3	Das	Auto
3	Das	Aufgeben
3	Das	Andenken
3	Das	Abendmahl
