261	dem	Wege
236	dem	Hause
185	dem	Herrn
173	dem	Leben
167	dem	Rücken
167	dem	Lande
161	dem	Boden
161	dem	Begriffe
160	dem	Wasser
156	dem	Tode
144	dem	Menschen
141	dem	Bewußtsein
135	dem	Augenblick
132	dem	Kopfe
123	dem	Namen
120	dem	Jungen
113	dem	Vater
107	dem	Gedanken
106	dem	Kopf
105	dem	Herzen
103	dem	Fenster
96	dem	Verstande
95	dem	Geiste
94	dem	Kinde
92	dem	König
86	dem	Volke
81	dem	Walde
80	dem	Wesen
80	dem	Meere
79	dem	Alten
76	dem	Zimmer
76	dem	Tische
75	dem	Felde
74	dem	Traume
74	dem	Tage
74	dem	Hofe
73	dem	Gegenstande
71	dem	Gesicht
68	dem	Tisch
66	dem	Schlosse
66	dem	Feuer
66	dem	Bilde
64	dem	Bett
63	dem	Wagen
63	dem	Munde
62	dem	Manne
62	dem	Auge
58	dem	Spiegel
57	dem	Grunde
55	dem	Himmel
55	dem	Gesetze
53	dem	Sofa
50	dem	Weg
50	dem	Dorfe
50	dem	Arm
49	dem	Dasein
48	dem	Haus
48	dem	Ganzen
48	dem	Bruder
47	dem	Grafen
47	dem	Bette
46	dem	Sinne
46	dem	Mädchen
45	dem	Worte
45	dem	Raume
45	dem	Garten
44	dem	Prinzen
44	dem	Grade
44	dem	Glauben
44	dem	Finger
42	dem	Kaiser
41	dem	Volk
41	dem	Satze
41	dem	Augenblicke
40	dem	Platze
40	dem	Meer
40	dem	Innern
40	dem	Essen
40	dem	Erwachen
38	dem	Könige
38	dem	Blick
37	dem	Ausdruck
35	dem	Willen
35	dem	See
35	dem	Inhalte
35	dem	Hügel
35	dem	Gipfel
35	dem	Fürsten
35	dem	Begriff
35	dem	Anblick
34	dem	Professor
34	dem	Gefühl
34	dem	Flusse
34	dem	Feinde
33	dem	Verhältnisse
33	dem	Tod
33	dem	Schlafe
33	dem	Knaben
33	dem	Fußboden
32	dem	Unterschiede
32	dem	Ufer
32	dem	Teufel
32	dem	Kreise
32	dem	Hauptmann
31	dem	Saal
30	dem	Wunsche
30	dem	Licht
30	dem	Fuße
29	dem	Studenten
29	dem	Selbstbewußtsein
29	dem	Lichte
29	dem	Gänserich
29	dem	Fuß
28	dem	Schiffe
28	dem	Grabe
28	dem	Gebiete
28	dem	Buche
28	dem	Berge
27	dem	Weibe
27	dem	Throne
27	dem	Prinzip
27	dem	Inhalt
27	dem	Gesetz
26	dem	Tor
26	dem	Theater
26	dem	Freunde
26	dem	Doktor
26	dem	Dinge
25	dem	Zustande
25	dem	Zuge
25	dem	Wissen
25	dem	Schloß
25	dem	Orte
25	dem	Lager
25	dem	Korridor
25	dem	Hof
25	dem	Grundsatze
25	dem	Fräulein
25	dem	Ende
25	dem	Einfluß
25	dem	Degen
25	dem	Dache
25	dem	Baron
24	dem	Scheik
24	dem	Platz
24	dem	Mannigfaltigen
24	dem	Major
24	dem	Lehrer
23	dem	Wort
23	dem	Werke
23	dem	Titel
23	dem	Tiere
23	dem	Sohne
23	dem	Schicksal
23	dem	Saale
23	dem	Propst
23	dem	Körper
23	dem	Haupte
23	dem	Graben
23	dem	Glück
23	dem	Gefühle
23	dem	Falle
23	dem	Dunkel
23	dem	Bahnhof
23	dem	Allgemeinen
22	dem	Verhältnis
22	dem	Traum
22	dem	Soldaten
22	dem	Scheine
22	dem	Sattel
22	dem	Pferde
22	dem	Mund
22	dem	Ich
22	dem	Geist
22	dem	Eingang
22	dem	Diakon
21	dem	Selbst
21	dem	Raum
21	dem	Land
21	dem	Kutscher
21	dem	Konsul
21	dem	Kirchhof
21	dem	Häuschen
21	dem	Diener
21	dem	Bauch
21	dem	Arme
21	dem	Archivarius
21	dem	Andern
20	dem	Zwecke
20	dem	Spiele
20	dem	Rhein
20	dem	Maße
20	dem	Mann
20	dem	Leutnant
20	dem	Künstler
20	dem	Grund
20	dem	Flügel
20	dem	Einflusse
20	dem	Bedingten
19	dem	Strand
19	dem	Sinn
19	dem	Rande
19	dem	Punkte
19	dem	Mittagessen
19	dem	Marsche
19	dem	Kind
19	dem	Gespräch
19	dem	Gesichte
19	dem	Eindruck
19	dem	Denken
18	dem	Sultan
18	dem	Spiel
18	dem	Schwerte
18	dem	Schutze
18	dem	Schlaf
18	dem	Ofen
18	dem	Markt
18	dem	Leibe
18	dem	Interesse
18	dem	Hunde
18	dem	Gewissen
18	dem	Gange
18	dem	Felsen
18	dem	Druck
18	dem	Brunnen
18	dem	Baum
18	dem	Arzte
18	dem	Altar
17	dem	Taschentuch
17	dem	Schoße
17	dem	Schiff
17	dem	Papier
17	dem	Objekt
17	dem	Messer
17	dem	Maler
17	dem	Leser
17	dem	Kanapee
17	dem	Halse
17	dem	Großherzog
17	dem	Gegner
17	dem	Fremden
17	dem	Dichter
17	dem	Balkon
17	Dem	Jungen
16	dem	Winde
16	dem	Stuhl
16	dem	Staube
16	dem	Rückwege
16	dem	Philosophen
16	dem	Pastor
16	dem	Heimweg
16	dem	Glücke
16	dem	Führer
16	dem	Eise
16	dem	Alter
15	dem	Zufall
15	dem	Tore
15	dem	Tag
15	dem	Stein
15	dem	Staate
15	dem	Sie
15	dem	Schnabel
15	dem	Publikum
15	dem	Markte
15	dem	Leitfaden
15	dem	Kullaberg
15	dem	Kaffee
15	dem	Helden
15	dem	Gouverneur
15	dem	Gebäude
15	dem	Gatten
15	dem	Feind
15	dem	Fall
15	dem	Erdboden
15	dem	Bild
15	dem	Anselmus
14	dem	Ziel
14	dem	Vorwande
14	dem	Unbewußten
14	dem	Tun
14	dem	Tartarus
14	dem	Subjekte
14	dem	Sturme
14	dem	Studium
14	dem	Streite
14	dem	Schreibtisch
14	dem	Sarge
14	dem	Reichtum
14	dem	Recken
14	dem	Punkt
14	dem	Ort
14	dem	Ohr
14	dem	Objekte
14	dem	Material
14	dem	Hotel
14	dem	Heere
14	dem	Hasen
14	dem	Gesinde
14	dem	Gesichtspunkte
14	dem	Gast
14	dem	Frühstück
14	dem	Direktor
14	dem	Buch
14	dem	Baume
14	dem	Bauche
14	dem	Abend
13	dem	Weltlaufe
13	dem	Verdeck
13	dem	Ton
13	dem	Thron
13	dem	Süden
13	dem	Stalle
13	dem	Sohn
13	dem	Sitze
13	dem	Schlummer
13	dem	Schlafengehen
13	dem	Samen
13	dem	Ring
13	dem	Rechten
13	dem	Kontor
13	dem	Kleinen
13	dem	Kamin
13	dem	Individuum
13	dem	Hut
13	dem	Gebüsch
13	dem	Gebirge
13	dem	Flur
13	dem	Engländer
13	dem	Bürgermeister
13	dem	Busch
13	dem	Andres
13	dem	An
13	dem	Abgrund
12	dem	Zwange
12	dem	Zusammenhange
12	dem	Zinzilein
12	dem	Zelte
12	dem	Wirtshause
12	dem	Wald
12	dem	Träumer
12	dem	Teppich
12	dem	Sein
12	dem	Regressus
12	dem	Offizier
12	dem	Nichts
12	dem	Nebel
12	dem	Münster
12	dem	Monde
12	dem	Leib
12	dem	Jüngling
12	dem	Jahre
12	dem	Inbegriffe
12	dem	Ideal
12	dem	Guten
12	dem	Genusse
12	dem	Gedächtnis
12	dem	Gaste
12	dem	Feld
12	dem	Elemente
12	dem	Einzelnen
12	dem	Dienst
12	dem	Blicke
12	dem	Blatt
12	dem	Begräbnis
12	dem	Anscheine
11	dem	Zeigefinger
11	dem	Werte
11	dem	Urteil
11	dem	Unglück
11	dem	Toten
11	dem	Sumpfe
11	dem	Sturm
11	dem	Strom
11	dem	Stock
11	dem	Sessel
11	dem	Schnee
11	dem	Schicksale
11	dem	Schatten
11	dem	Reisenden
11	dem	Pflaster
11	dem	Pferd
11	dem	Nachbar
11	dem	Moment
11	dem	Meister
11	dem	Mangel
11	dem	Magen
11	dem	Lärm
11	dem	Kriege
11	dem	Kranken
11	dem	Kloster
11	dem	Klavier
11	dem	Irrtum
11	dem	Hute
11	dem	Herzog
11	dem	Haufen
11	dem	Großen
11	dem	Grab
11	dem	Glanz
11	dem	Geschäft
11	dem	Geliebten
11	dem	Gelde
11	dem	Fuchs
11	dem	Fluß
11	dem	Eis
11	dem	Eintritt
11	dem	Einschlafen
11	dem	Einen
11	dem	Diwan
11	dem	Buben
11	dem	Blute
11	dem	Abendessen
11	Dem	Vater
10	dem	Zusammenhang
10	dem	Wirklichen
10	dem	Winkel
10	dem	Vermögen
10	dem	Urteile
10	dem	Unteroffizier
10	dem	Tone
10	dem	Tanz
10	dem	Stuhle
10	dem	Stande
10	dem	Schwanze
10	dem	Schwanz
10	dem	Schmerze
10	dem	Schlitten
10	dem	Richter
10	dem	Regen
10	dem	Rasen
10	dem	Präsidenten
10	dem	Palast
10	dem	Mantel
10	dem	Krieg
10	dem	Knecht
10	dem	Kinn
10	dem	Kampfe
10	dem	Kabinett
10	dem	Herde
10	dem	Heiligen
10	dem	Hafen
10	dem	Grase
10	dem	Glase
10	dem	Geschmack
10	dem	Geld
10	dem	Geheimnis
10	dem	Gebrauche
10	dem	Friedhof
10	dem	Freund
10	dem	Erscheinen
10	dem	Einfachen
10	dem	Ei
10	dem	Däumling
10	dem	Drucke
10	dem	Donner
10	dem	Dach
10	dem	Bösen
10	dem	Briefe
10	dem	Bestreben
10	dem	Beischlafe
10	dem	Befinden
10	dem	Balle
10	dem	Bade
10	dem	Ausgang
10	dem	Arzt
10	dem	Armen
10	dem	Adler
9	dem	Zweiten
9	dem	Zweck
9	dem	Wichtelmännchen
9	dem	Wein
9	dem	Wahn
9	dem	Vogel
9	dem	Verurteilten
9	dem	Verkehr
9	dem	Vergnügen
9	dem	Verfasser
9	dem	Tempel
9	dem	Teile
9	dem	Tale
9	dem	System
9	dem	Städtchen
9	dem	Strome
9	dem	Standpunkte
9	dem	Schweif
9	dem	Schmerz
9	dem	Schlüssel
9	dem	Schlafzimmer
9	dem	Scheitel
9	dem	Rückweg
9	dem	Prokuristen
9	dem	Popo
9	dem	Pascha
9	dem	Papst
9	dem	Norden
9	dem	Momente
9	dem	Minister
9	dem	Maasse
9	dem	Lachen
9	dem	Krieger
9	dem	Kreuz
9	dem	Katheder
9	dem	Kasten
9	dem	Kampf
9	dem	Holunderbaum
9	dem	Hofgelag
9	dem	Herkommen
9	dem	Gute
9	dem	Golde
9	dem	Gold
9	dem	Gewichte
9	dem	Gericht
9	dem	General
9	dem	Gebiet
9	dem	Gartenhause
9	dem	Esel
9	dem	Du
9	dem	Diner
9	dem	Busen
9	dem	Bräutigam
9	dem	Brief
9	dem	Bock
9	dem	Bischof
9	dem	Besitze
9	dem	Beispiele
9	dem	Ausdrucke
9	dem	Angriff
9	Dem	Herrn
8	dem	Zustand
8	dem	Ziele
8	dem	Wind
8	dem	Wahren
8	dem	Versprechen
8	dem	Verlangen
8	dem	Verkauf
8	dem	Unterschied
8	dem	Untergange
8	dem	Ubw
8	dem	Traumleben
8	dem	Thema
8	dem	Tagebuch
8	dem	Säbel
8	dem	Stamme
8	dem	Staat
8	dem	Sprunge
8	dem	Senator
8	dem	Schöpfer
8	dem	Schema
8	dem	Riesen
8	dem	Resultate
8	dem	Rechte
8	dem	Posten
8	dem	Portal
8	dem	Original
8	dem	Organismus
8	dem	Organischen
8	dem	Morgen
8	dem	Ministerium
8	dem	Mars
8	dem	Liede
8	dem	Laufe
8	dem	Kontext
8	dem	Kessel
8	dem	Kerl
8	dem	Gottesdienst
8	dem	Gleichgewicht
8	dem	Glanze
8	dem	Frieden
8	dem	Fensterbrett
8	dem	Faden
8	dem	Erkennen
8	dem	Dorf
8	dem	Dienstmädchen
8	dem	Chef
8	dem	Charakter
8	dem	Boote
8	dem	Blut
8	dem	Bildnis
8	dem	Besuch
8	dem	Ball
7	dem	Ärmel
7	dem	Ältesten
7	dem	Zug
7	dem	Zeichen
7	dem	Wunsch
7	dem	Wirbel
7	dem	Wechsel
7	dem	Wahne
7	dem	Wachleben
7	dem	Vorgeben
7	dem	Vorfall
7	dem	Vieh
7	dem	Verwalter
7	dem	Verderben
7	dem	Vaterlande
7	dem	Urbilde
7	dem	Unwandelbaren
7	dem	Umsturz
7	dem	Tyrannen
7	dem	Turm
7	dem	Subjekt
7	dem	Stück
7	dem	Streit
7	dem	Strande
7	dem	Storå
7	dem	Stoffe
7	dem	Steine
7	dem	Stall
7	dem	Schüler
7	dem	Schoß
7	dem	Satan
7	dem	Sande
7	dem	Rheine
7	dem	Pöbel
7	dem	Nächsten
7	dem	Neuen
7	dem	Nebenzimmer
7	dem	Mörder
7	dem	Mädel
7	dem	Maule
7	dem	Makler
7	dem	Lesen
7	dem	Klang
7	dem	Jockele
7	dem	Inbegriff
7	dem	Heimwege
7	dem	Heil
7	dem	Gürtel
7	dem	Gärtner
7	dem	Gänserücken
7	dem	Gott
7	dem	Glas
7	dem	Gitter
7	dem	Geschlechte
7	dem	Gesang
7	dem	Geräusch
7	dem	Gehirn
7	dem	Geheimrath
7	dem	Gedränge
7	dem	Gebrauch
7	dem	Gang
7	dem	Für
7	dem	Fleische
7	dem	Erfolge
7	dem	Erfolg
7	dem	Dome
7	dem	Chor
7	dem	Chinesen
7	dem	Boten
7	dem	Beweise
7	dem	Berg
7	dem	Benehmen
7	dem	Befehl
7	dem	Bau
7	dem	Bahnsteig
7	dem	Ausruf
7	dem	Ausgange
7	dem	Aug
7	dem	Anschein
7	dem	Angesichte
7	dem	Angeklagten
7	dem	Altare
7	dem	Altan
6	dem	Übermenschen
6	dem	Zeitverhältnisse
6	dem	Westen
6	dem	Wert
6	dem	Werk
6	dem	Wadi
6	dem	Vorsaal
6	dem	Vollkommenen
6	dem	Versuche
6	dem	Verständnis
6	dem	Verlust
6	dem	Unternehmen
6	dem	Umfange
6	dem	Tåkern
6	dem	Treppenabsatz
6	dem	Tier
6	dem	Thore
6	dem	Thee
6	dem	Tanze
6	dem	Stroh
6	dem	Storch
6	dem	Stern
6	dem	Spielplatz
6	dem	Speisezimmer
6	dem	Sieger
6	dem	Siege
6	dem	Schönen
6	dem	Schrank
6	dem	Schornstein
6	dem	Schlage
6	dem	Schlachtfelde
6	dem	Schematismus
6	dem	Schauspiel
6	dem	Schatze
6	dem	Rufe
6	dem	Rest
6	dem	Reiche
6	dem	Rat
6	dem	Rade
6	dem	Raben
6	dem	Prozeß
6	dem	Preise
6	dem	Portier
6	dem	Polizeichef
6	dem	Pavillon
6	dem	Palaste
6	dem	Osten
6	dem	Originaltext
6	dem	Oberkörper
6	dem	Netz
6	dem	Nacken
6	dem	Märchen
6	dem	Meeresgrunde
6	dem	Macchiavelli
6	dem	Loch
6	dem	Lido
6	dem	Kreis
6	dem	Klub
6	dem	Kleide
6	dem	Kapitän
6	dem	Kammerdiener
6	dem	Jubel
6	dem	Jenseits
6	dem	Institute
6	dem	Inspektor
6	dem	Infantilen
6	dem	Höchsten
6	dem	Honig
6	dem	Holunderbusch
6	dem	Holm
6	dem	Herd
6	dem	Handel
6	dem	Hals
6	dem	Haar
6	dem	Großvater
6	dem	Gotte
6	dem	Glockenschlag
6	dem	Gewühl
6	dem	Gespräche
6	dem	Gesindel
6	dem	Geschrei
6	dem	Gesange
6	dem	Gesagten
6	dem	Gerede
6	dem	Genuß
6	dem	Geistlichen
6	dem	Gegenteil
6	dem	Gegensatze
6	dem	Fährmann
6	dem	Frühling
6	dem	Freiherrn
6	dem	Folgenden
6	dem	Fleck
6	dem	Festland
6	dem	Entsetzen
6	dem	Ellbogen
6	dem	Eingange
6	dem	Eifer
6	dem	Ehepaar
6	dem	Duft
6	dem	Ding
6	dem	Dickicht
6	dem	Daumen
6	dem	Christenthum
6	dem	Bären
6	dem	Bureau
6	dem	Buddenbrookschen
6	dem	Brocken
6	dem	Brande
6	dem	Blauen
6	dem	Blatte
6	dem	Bettchen
6	dem	Besitzer
6	dem	Besitz
6	dem	Beispiel
6	dem	Bedienten
6	dem	Beamten
6	dem	Auslande
6	dem	Architekten
6	dem	Apparat
6	dem	Antlitz
6	dem	Anfange
6	dem	Amte
6	dem	Allen
6	dem	All
6	dem	Affen
6	dem	Adelsmarschall
6	dem	Adel
6	dem	Abzug
5	dem	Zuschauer
5	dem	Zeitalter
5	dem	Zauber
5	dem	Wunderbaren
5	dem	Wunder
5	dem	Wohnzimmer
5	dem	Wohlwollen
5	dem	Wohl
5	dem	Widerspruch
5	dem	Wetter
5	dem	Weinen
5	dem	Wanderer
5	dem	Wall
5	dem	Waldhüter
5	dem	Wahrnehmen
5	dem	Wahnsinn
5	dem	Vorwand
5	dem	Vorhang
5	dem	Vorbilde
5	dem	Verteidiger
5	dem	Verschwinden
5	dem	Verräter
5	dem	Unterricht
5	dem	Unrat
5	dem	Unheimlichen
5	dem	Unendlichen
5	dem	Unbedingten
5	dem	Tuche
5	dem	Tuch
5	dem	Trottoir
5	dem	Trauminhalt
5	dem	Thale
5	dem	Teil
5	dem	Teetisch
5	dem	Tadel
5	dem	Sturz
5	dem	Strauß
5	dem	Stadtpfarrer
5	dem	Spuk
5	dem	Sopha
5	dem	Schädel
5	dem	Schweigen
5	dem	Schuß
5	dem	Schuhmacher
5	dem	Schott
5	dem	Schluß
5	dem	Schlusse
5	dem	Schlunde
5	dem	Schlachtfeld
5	dem	Schilde
5	dem	Schemel
5	dem	Satz
5	dem	Sand
5	dem	Salon
5	dem	Rücksitz
5	dem	Rudolf
5	dem	Ringe
5	dem	Reichtume
5	dem	Regiment
5	dem	Rechtsanwalt
5	dem	Rauschen
5	dem	Rauch
5	dem	Rathaus
5	dem	Rahmen
5	dem	Quartier
5	dem	Pulte
5	dem	Propheten
5	dem	Programm
5	dem	Pinsel
5	dem	Pfluge
5	dem	Perron
5	dem	Papste
5	dem	Papiere
5	dem	Papa
5	dem	Oktober
5	dem	Ohre
5	dem	Obelisk
5	dem	Neste
5	dem	Negativen
5	dem	Naturgesetze
5	dem	Nachdenken
5	dem	Mond
5	dem	Molo
5	dem	Mittelpunkte
5	dem	Mahle
5	dem	Lächeln
5	dem	Liebling
5	dem	Leiden
5	dem	Lehnstuhl
5	dem	Lauf
5	dem	Laster
5	dem	Ladentisch
5	dem	Kruse
5	dem	Kragen
5	dem	Korso
5	dem	Korb
5	dem	Kommandanten
5	dem	Kerne
5	dem	Kern
5	dem	Keller
5	dem	Kelch
5	dem	Karren
5	dem	Kahne
5	dem	Kahn
5	dem	Individuellen
5	dem	Ihr
5	dem	Ideale
5	dem	Höheren
5	dem	Händler
5	dem	Hunger
5	dem	Holze
5	dem	Hofrat
5	dem	Hofgelage
5	dem	Hirten
5	dem	Hinweis
5	dem	Henker
5	dem	Hemd
5	dem	Handrücken
5	dem	Handeln
5	dem	Hammer
5	dem	Hain
5	dem	Gruße
5	dem	Griechischen
5	dem	Gesichtspunkt
5	dem	Gesichtsausdruck
5	dem	Geschäfte
5	dem	Geschwader
5	dem	Geschlecht
5	dem	Geruch
5	dem	Gemüte
5	dem	Geländer
5	dem	Geleise
5	dem	Gegenstand
5	dem	Gegensatz
5	dem	Gefangenen
5	dem	Fächer
5	dem	Fremdling
5	dem	Fischer
5	dem	Feu
5	dem	Ewigen
5	dem	Erz
5	dem	Ernst
5	dem	Ergebnis
5	dem	Ephorus
5	dem	Englischen
5	dem	Engel
5	dem	Empirischen
5	dem	Ellenbogen
5	dem	Eindrucke
5	dem	Ehrgeiz
5	dem	Dschebel
5	dem	Deckel
5	dem	Dampfe
5	dem	Coupé
5	dem	Bürgersteig
5	dem	Büfett
5	dem	Bäcker
5	dem	Boot
5	dem	Bogen
5	dem	Bocke
5	dem	Bezirk
5	dem	Besten
5	dem	Beobachter
5	dem	Beischlaf
5	dem	Beil
5	dem	Bedürfnis
5	dem	Barte
5	dem	Baldachin
5	dem	Ausland
5	dem	Auftrage
5	dem	Aufsatz
5	dem	Ansturm
5	dem	Anfang
5	dem	Amt
5	dem	Albert
5	dem	Acker
5	dem	Achten
5	dem	Achilla
5	dem	Absatz
5	dem	Aberglauben
5	Dem	Sieger
5	Dem	Liebchen
5	Dem	Bewußtsein
4	dem	Überfall
4	dem	Übel
4	dem	Äußern
4	dem	Zweifel
4	dem	Zustandekommen
4	dem	Zusammenwirken
4	dem	Zorn
4	dem	Zoologischen
4	dem	Zipfel
4	dem	Zero
4	dem	Zaun
4	dem	Wärter
4	dem	Wäldchen
4	dem	Wolf
4	dem	Wirtshaus
4	dem	Wirt
4	dem	Winter
4	dem	Widerstand
4	dem	Wekil
4	dem	Warnawa
4	dem	Wappen
4	dem	Waldgeist
4	dem	Wachen
4	dem	Vorwurfe
4	dem	Vorwurf
4	dem	Vorsatz
4	dem	Vornamen
4	dem	Vorhergehenden
4	dem	Vorgang
4	dem	Vorbewußten
4	dem	Vesuv
4	dem	Verlaufe
4	dem	Verfolg
4	dem	Verdienste
4	dem	Verbleib
4	dem	Vbw
4	dem	Vaterland
4	dem	Urwesen
4	dem	Unvermögen
4	dem	Untersuchungsrichter
4	dem	Untergang
4	dem	Unglücklichen
4	dem	Unbekannten
4	dem	Umstand
4	dem	Turme
4	dem	Treiben
4	dem	Tigris
4	dem	Teller
4	dem	Teebrett
4	dem	Tee
4	dem	Tal
4	dem	Takt
4	dem	Säbelgriff
4	dem	Symbol
4	dem	Streich
4	dem	Streben
4	dem	Stolze
4	dem	Stocke
4	dem	Stemmeisen
4	dem	Stegreif
4	dem	Stand
4	dem	Stachel
4	dem	Staatsminister
4	dem	Sprechen
4	dem	Spervogel
4	dem	Spektakel
4	dem	Spaziergange
4	dem	Sonnenschein
4	dem	Sommer
4	dem	Sieg
4	dem	Sekretär
4	dem	Seelenleben
4	dem	Schwager
4	dem	Schutz
4	dem	Schreiner
4	dem	Schrecken
4	dem	Schneider
4	dem	Schmutz
4	dem	Schläfer
4	dem	Schloя
4	dem	Sambuk
4	dem	Ruf
4	dem	Rock
4	dem	Riesengeschlecht
4	dem	Revolver
4	dem	Reich
4	dem	Registrator
4	dem	Realen
4	dem	Rappen
4	dem	Rachen
4	dem	Pult
4	dem	Pudel
4	dem	Problem
4	dem	Portale
4	dem	Plan
4	dem	Pfade
4	dem	Patienten
4	dem	Organ
4	dem	Ombascha
4	dem	Obersten
4	dem	Oberst
4	dem	Nutzen
4	dem	Niederland
4	dem	Nichtsein
4	dem	Nathanael
4	dem	Nachttische
4	dem	Mühlenwall
4	dem	Mäuerchen
4	dem	Muster
4	dem	Museum
4	dem	Moor
4	dem	Mitleiden
4	dem	Mephistopheles
4	dem	Maß
4	dem	Maschinenmeister
4	dem	Marktplatz
4	dem	Löffel
4	dem	Lorenzo
4	dem	Loche
4	dem	Liebchen
4	dem	Leidenden
4	dem	Leid
4	dem	Leichnam
4	dem	Lehrlinge
4	dem	Lebenden
4	dem	Laden
4	dem	Laboratorium
4	dem	Kürnberg
4	dem	Kämmerchen
4	dem	Kunstwerke
4	dem	Korbe
4	dem	Kommissar
4	dem	Koch
4	dem	Knie
4	dem	Klange
4	dem	Kistchen
4	dem	Kirchturm
4	dem	Kirchhofe
4	dem	Kinderzimmer
4	dem	Kausalgesetze
4	dem	Kamme
4	dem	Kachelofen
4	dem	Justitiarius
4	dem	Jakobus
4	dem	Jahr
4	dem	Instrument
4	dem	Igel
4	dem	Häuptling
4	dem	Hund
4	dem	Horte
4	dem	Horizont
4	dem	Holländer
4	dem	Hofplatz
4	dem	Hofball
4	dem	Hilfslehrer
4	dem	Herren
4	dem	Heiligenbilde
4	dem	Hauptzwecke
4	dem	Hauptquartier
4	dem	Harmonium
4	dem	Handelnden
4	dem	Gänsemädchen
4	dem	Grünen
4	dem	Großherrn
4	dem	Greise
4	dem	Grad
4	dem	Gleichgewichte
4	dem	Gewehr
4	dem	Getümmel
4	dem	Getröpfel
4	dem	Gesträuch
4	dem	Gerichte
4	dem	Gerechten
4	dem	Geplauder
4	dem	Gemeinwesen
4	dem	Gemahl
4	dem	Gelächter
4	dem	Gehorsam
4	dem	Gefolge
4	dem	Gebirg
4	dem	Fähnrich
4	dem	Friedhofe
4	dem	Flüchtling
4	dem	Fleisch
4	dem	Fischfang
4	dem	Fieber
4	dem	Festlande
4	dem	Felsblock
4	dem	Feldwebel
4	dem	Faß
4	dem	Falken
4	dem	Examen
4	dem	Erstaunen
4	dem	Eroberer
4	dem	Ernste
4	dem	Erhabenen
4	dem	Erdreich
4	dem	Entzücken
4	dem	Entweder
4	dem	Entschluß
4	dem	Entschlusse
4	dem	Empfange
4	dem	Elend
4	dem	Eisernen
4	dem	Eisen
4	dem	Einschlag
4	dem	Einsamen
4	dem	Ehepaare
4	dem	Denner
4	dem	D
4	dem	Coppola
4	dem	Christen
4	dem	Bürger
4	dem	Buschfeld
4	dem	Bruderteil
4	dem	Blocksberg
4	dem	Blinden
4	dem	Bey
4	dem	Bewußten
4	dem	Besuche
4	dem	Beschauer
4	dem	Berliner
4	dem	Beginn
4	dem	Bauernhof
4	dem	Bauern
4	dem	Bart
4	dem	Bankerott
4	dem	Autor
4	dem	Auftrag
4	dem	Aufgeben
4	dem	Atem
4	dem	Arbeiter
4	dem	Anziehen
4	dem	Anteil
4	dem	Anstand
4	dem	Ansehen
4	dem	Anderssein
4	dem	Altertum
4	dem	Albrechtsplatz
4	dem	Absoluten
4	dem	Ableben
4	dem	Abenteuer
4	dem	Abendlande
4	dem	A
4	Dem	Studenten
4	Dem	Menschen
4	Dem	Mann
4	Dem	König
3	dem	Überschuß
3	dem	Übergange
3	dem	Äußeren
3	dem	Äquator
3	dem	Zügel
3	dem	Zwölften
3	dem	Zwerge
3	dem	Zwerg
3	dem	Zweckbegriffe
3	dem	Zusammenbruch
3	dem	Zufalle
3	dem	Zinnsoldaten
3	dem	Zeugen
3	dem	Zettel
3	dem	Zentrum
3	dem	Zelt
3	dem	Zeitpunkte
3	dem	Zauberer
3	dem	Wünschen
3	dem	Wortlaute
3	dem	Wollen
3	dem	Wohnhause
3	dem	Wohlgefallen
3	dem	Wirte
3	dem	Wirken
3	dem	Wie
3	dem	Widerstreite
3	dem	Werthe
3	dem	Werden
3	dem	Wenigen
3	dem	Weisen
3	dem	Wasserfall
3	dem	Warum
3	dem	Walle
3	dem	Waggon
3	dem	Wachstum
3	dem	Vorzuge
3	dem	Vorzimmer
3	dem	Vorstellen
3	dem	Vorsitze
3	dem	Vorschlag
3	dem	Vorsaale
3	dem	Vorderteil
3	dem	Vorderdeck
3	dem	Vetter
3	dem	Vertrauen
3	dem	Verstorbenen
3	dem	Verstand
3	dem	Verschlage
3	dem	Verluste
3	dem	Verhalten
3	dem	Vergehen
3	dem	Verfall
3	dem	Verdecke
3	dem	Verbrechen
3	dem	Unheil
3	dem	Unerkannten
3	dem	Unbegreiflichen
3	dem	Umstande
3	dem	Tümpel
3	dem	Träumen
3	dem	Trockenen
3	dem	Tribunal
3	dem	Treuen
3	dem	Traumstudium
3	dem	Traummaterial
3	dem	Transport
3	dem	Totenbette
3	dem	Totenbett
3	dem	Torwege
3	dem	Topfe
3	dem	Topf
3	dem	Tom
3	dem	Tiergarten
3	dem	Thiere
3	dem	Tageslicht
3	dem	Sünder
3	dem	Säugling
3	dem	Sänger
3	dem	Stärkeren
3	dem	Steuer
3	dem	Sterben
3	dem	Sterbebette
3	dem	Stempel
3	dem	Steinpflaster
3	dem	Steinmäuerchen
3	dem	Steinhaufen
3	dem	Steigen
3	dem	Staub
3	dem	Standpunkt
3	dem	Stammtisch
3	dem	Stamm
3	dem	Stadttor
3	dem	Spielen
3	dem	Sperling
3	dem	Sperber
3	dem	Speisesalon
3	dem	Sonntag
3	dem	Socialismus
3	dem	Sitz
3	dem	Senate
3	dem	Selamlük
3	dem	Sechsten
3	dem	Schwall
3	dem	Schuße
3	dem	Schurken
3	dem	Schulhof
3	dem	Schuh
3	dem	Schreien
3	dem	Schreibtische
3	dem	Schreiber
3	dem	Schranke
3	dem	Schnupftuch
3	dem	Schmied
3	dem	Schmetterling
3	dem	Schloßhofe
3	dem	Schleier
3	dem	Schlafkabinett
3	dem	Schlafenden
3	dem	Schilfe
3	dem	Schießplatz
3	dem	Scheiterhaufen
3	dem	Schein
3	dem	Schau
3	dem	Schatz
3	dem	Schaffenden
3	dem	Schaffen
3	dem	Saum
3	dem	Sang
3	dem	Saladin
3	dem	Sake
3	dem	Sachsentor
3	dem	S
3	dem	Rumor
3	dem	Ruhm
3	dem	Ruder
3	dem	Rosenstock
3	dem	Rondell
3	dem	Roman
3	dem	Robert
3	dem	Reïs
3	dem	Rehbock
3	dem	Regimentskommandeur
3	dem	Redakteur
3	dem	Rathe
3	dem	Rate
3	dem	Rasenplatze
3	dem	Rand
3	dem	Quellengarten
3	dem	Quell
3	dem	Privatstande
3	dem	Prisma
3	dem	Priester
3	dem	Postillon
3	dem	Porträt
3	dem	Popen
3	dem	Podium
3	dem	Plane
3	dem	Pilze
3	dem	Pfuhle
3	dem	Pfuhl
3	dem	Pferdestall
3	dem	Pfarrer
3	dem	Pfad
3	dem	Pater
3	dem	Parkett
3	dem	Pandolfo
3	dem	Orient
3	dem	Orden
3	dem	Objektiven
3	dem	Nützlichen
3	dem	Neid
3	dem	Neger
3	dem	Naturforscher
3	dem	Narren
3	dem	Nachtessen
3	dem	Nachlaß
3	dem	Mörser
3	dem	Mälar
3	dem	Mächtigen
3	dem	Mutwillen
3	dem	Mut
3	dem	Munksee
3	dem	Morgenrot
3	dem	Morgenlande
3	dem	Morast
3	dem	Moralischen
3	dem	Mißbrauche
3	dem	Mittel
3	dem	Mitleid
3	dem	Menschlichen
3	dem	Meeresgrund
3	dem	Marstall
3	dem	Marmor
3	dem	Marktplatze
3	dem	Markgrafen
3	dem	Marder
3	dem	Löwen
3	dem	Lied
3	dem	Liebhaber
3	dem	Lieben
3	dem	Lewin
3	dem	Leuchtturm
3	dem	Ledersofa
3	dem	Laufenden
3	dem	Laubwerk
3	dem	Lappen
3	dem	Landratsamt
3	dem	Lahmen
3	dem	Lagerplatz
3	dem	Köpfchen
3	dem	Kästchen
3	dem	Kultus
3	dem	Krüppel
3	dem	Kristall
3	dem	Kriegstheater
3	dem	Kriegerverein
3	dem	Kot
3	dem	Kostüm
3	dem	Korn
3	dem	Konsistorium
3	dem	Konrektor
3	dem	Konditor
3	dem	Komitee
3	dem	Kollegen
3	dem	Kochen
3	dem	Klemmer
3	dem	Kissen
3	dem	Kiesweg
3	dem	Kerbholz
3	dem	Kaufmann
3	dem	Kaufherrn
3	dem	Kastellan
3	dem	Kastell
3	dem	Kandidaten
3	dem	Kanal
3	dem	Kampfplatz
3	dem	Kaminsims
3	dem	Kai
3	dem	K
3	dem	Jünglinge
3	dem	Jüngeren
3	dem	Jäger
3	dem	Junker
3	dem	Jumben
3	dem	Juden
3	dem	Jammer
3	dem	Jagen
3	dem	Jagdhause
3	dem	Intelligiblen
3	dem	Innstettenschen
3	dem	Inneren
3	dem	Idealismus
3	dem	Hünengrab
3	dem	Holzwege
3	dem	Hinterkopf
3	dem	Hinterhalt
3	dem	Hintergrunde
3	dem	Heu
3	dem	Herzoge
3	dem	Herrenhof
3	dem	Herrenhause
3	dem	Helme
3	dem	Haß
3	dem	Haustor
3	dem	Hausherrn
3	dem	Hauptportal
3	dem	Haupt
3	dem	Hamlet
3	dem	Halm
3	dem	Halbdunkel
3	dem	Hahn
3	dem	Göttlichen
3	dem	Großscherif
3	dem	Griechen
3	dem	Greifen
3	dem	Grauen
3	dem	Grabscheit
3	dem	Grabmale
3	dem	Gottesdienste
3	dem	Gewölbe
3	dem	Gewirr
3	dem	Gewande
3	dem	Gestein
3	dem	Gesimse
3	dem	Gesichtskreise
3	dem	Geschwister
3	dem	Geschirr
3	dem	Geschick
3	dem	Geschehenen
3	dem	Gerichtssaal
3	dem	Gepäck
3	dem	Genossen
3	dem	Gemüt
3	dem	Gemüse
3	dem	Gemach
3	dem	Gelübde
3	dem	Gelände
3	dem	Gelehrten
3	dem	Gegenwärtigen
3	dem	Gefecht
3	dem	Gedräng
3	dem	Gedichte
3	dem	Gasthof
3	dem	Gasthause
3	dem	Gartenhaus
3	dem	Füsilier
3	dem	Fußsteig
3	dem	Fundament
3	dem	Fuluälf
3	dem	Frühstückstisch
3	dem	Frühlingshause
3	dem	Freisinn
3	dem	Fortgange
3	dem	Fort
3	dem	Forst
3	dem	Folgmädchen
3	dem	Fingerhut
3	dem	Feuerwerk
3	dem	Feste
3	dem	Ferdl
3	dem	Felsenvorsprung
3	dem	Familienzimmer
3	dem	Falschen
3	dem	Ersten
3	dem	Erdgeschoß
3	dem	Entstehen
3	dem	Entgegengesetzten
3	dem	Entflohenen
3	dem	Endzweck
3	dem	Empfang
3	dem	Elch
3	dem	Eintretenden
3	dem	Einsamsten
3	dem	Einfluss
3	dem	Eichhörnchen
3	dem	Effi
3	dem	Dunst
3	dem	Dritten
3	dem	Drange
3	dem	Dr
3	dem	Dogmatismus
3	dem	Docht
3	dem	Diederich
3	dem	Diebe
3	dem	Denkmal
3	dem	Deck
3	dem	Danilka
3	dem	Dampfer
3	dem	Damm
3	dem	Chore
3	dem	Bänkchen
3	dem	Busche
3	dem	Brette
3	dem	Brautpaar
3	dem	Blitze
3	dem	Blitz
3	dem	Bissen
3	dem	Bewußtlosen
3	dem	Betragen
3	dem	Besiegten
3	dem	Beruf
3	dem	Berner
3	dem	Bericht
3	dem	Berggipfel
3	dem	Bereiche
3	dem	Bereich
3	dem	Beobachtungsplatz
3	dem	Bedürfniss
3	dem	Beding
3	dem	Bassin
3	dem	Baschi
3	dem	Barbyschen
3	dem	Barbier
3	dem	Banne
3	dem	Bankier
3	dem	Bahndamm
3	dem	Bache
3	dem	Bach
3	dem	Aussehen
3	dem	Ausfluge
3	dem	Aufstand
3	dem	Aufhören
3	dem	Aufheben
3	dem	Auffassen
3	dem	Assessor
3	dem	Armsessel
3	dem	Aristoteles
3	dem	Anspruch
3	dem	Anschauen
3	dem	Angreifer
3	dem	Anführer
3	dem	Andenken
3	dem	Anblicke
3	dem	Allmächtigen
3	dem	Aktus
3	dem	Advokaten
3	dem	Ackerfelde
3	dem	Abgrunde
3	Dem	Wirth
3	Dem	Volke
3	Dem	Sultan
3	Dem	Sohn
3	Dem	Ritter
3	Dem	Rathe
3	Dem	Pöbel
3	Dem	Patriarchen
3	Dem	Nächsten
3	Dem	Nathanael
3	Dem	Konsul
3	Dem	Kaiser
3	Dem	Helden
3	Dem	Heer
3	Dem	Glauben
3	Dem	Geist
3	Dem	Andres
