1091	den	Kopf
517	den	Weg
455	den	Augen
433	den	Menschen
384	den	Mund
320	den	Tisch
290	den	Tod
274	den	Händen
269	den	Boden
265	den	Traum
260	den	Begriff
214	den	Wald
207	den	Namen
206	den	Hals
204	den	Rücken
187	den	Tag
168	den	Saal
166	den	Arm
165	den	Leuten
162	den	Garten
161	den	Vater
159	den	Grund
157	den	Geist
149	den	Blick
147	den	Verstand
147	den	Herrn
144	den	Hof
136	den	Sinn
136	den	Gedanken
134	den	Dingen
130	den	Mann
129	den	Füßen
128	den	Jungen
123	den	Kindern
123	den	Gegenstand
122	den	Himmel
121	den	Leib
119	den	Traumgedanken
118	den	Wagen
118	den	Hut
118	den	Brief
114	den	Eindruck
110	den	Worten
109	den	Inhalt
104	den	Armen
102	den	Fingern
99	den	Fluß
94	den	Wunsch
94	den	Fenstern
92	den	Bäumen
91	den	Platz
88	den	Bergen
85	den	König
85	den	Feind
81	den	Berg
80	den	Alten
78	den	Frauen
78	den	Charakter
77	den	Mut
77	den	Krieg
77	den	Erscheinungen
76	den	Sinnen
76	den	Rest
76	den	Raum
75	den	Wildgänsen
75	den	Schlüssel
74	den	Augenblick
73	den	Fuß
72	den	Wänden
72	den	Fall
70	den	Rand
69	den	Lippen
68	den	Schlaf
67	den	Kampf
66	den	See
66	den	Damen
65	den	Versuch
65	den	Teufel
65	den	Ohren
65	den	Knaben
64	den	Willen
64	den	Gästen
64	den	Gang
64	den	Finger
63	den	Ausdruck
62	den	Rhein
62	den	Glauben
61	den	Ort
61	den	Gegenständen
59	den	Zweck
58	den	Sohn
57	den	Schultern
56	den	Unterschied
56	den	Schein
56	den	Herren
56	den	Eltern
55	den	Beinen
54	den	Satz
53	den	Zähnen
53	den	Wert
53	den	Graben
53	den	Bruder
52	den	Strand
52	den	Eingang
52	den	Anschein
51	den	Spiegel
51	den	Sand
51	den	Flügeln
50	den	Wind
49	den	Trauminhalt
49	den	Schmerz
49	den	Körper
48	den	Zusammenhang
48	den	Seinen
48	den	Freunden
48	den	Bedingungen
48	den	Baum
47	den	Straßen
47	den	Schatten
47	den	Helden
47	den	Anfang
46	den	Ursprung
46	den	Sieg
46	den	Salon
46	den	Männern
46	den	Begriffen
45	den	Knien
45	den	Kaiser
45	den	Heunen
45	den	Abend
44	den	Träumen
44	den	Stein
44	den	Schoß
44	den	Fürsten
44	den	Dienst
44	den	Besitz
44	den	Atem
44	den	April
44	den	Anblick
43	den	Schwanz
43	den	Plan
43	den	Blicken
42	den	Zug
42	den	Freund
41	den	Jahren
40	den	Staat
40	den	Göttern
40	den	Gegensatz
39	den	Ton
39	den	Deckel
39	den	Bauch
38	den	Beweis
37	den	Staub
37	den	Soldaten
37	Den	Oktober
36	den	Zustand
36	den	Tieren
36	den	Streit
36	den	Kreis
36	den	Grafen
36	den	Degen
35	den	Verlust
35	den	Thron
35	den	Stuhl
35	den	Stoff
35	den	Sternen
35	den	Stand
35	den	März
35	den	Major
34	den	Ruf
34	den	Muth
34	den	Hügel
34	den	Gesetzen
34	den	Felsen
34	den	Doktor
34	den	Diakon
34	den	Befehl
33	den	Köpfen
33	den	Korridor
33	den	Kaffee
33	den	Geschmack
33	den	Frieden
33	den	Bauern
32	den	Weibern
32	den	Schluß
32	den	Ring
32	den	Prinzen
32	den	Nacken
32	den	Lüften
32	den	Haaren
32	den	Entschluß
31	den	Winter
31	den	Vorzug
31	den	Tagen
31	den	Reiz
31	den	Professor
31	den	Lehrer
31	den	Kranken
31	den	Häusern
31	den	Fußboden
31	den	Deutschen
31	den	Auftrag
31	den	Arzt
30	den	Wein
30	den	Verhältnissen
30	den	Schnee
30	den	Rock
30	den	Reisenden
30	den	Inbegriff
30	den	Bart
30	den	Abgrund
29	den	Zweigen
29	den	Wolken
29	den	Vorstellungen
29	den	Umfang
29	den	Sie
29	den	Preis
29	den	Pferden
29	den	Mond
29	den	Mauern
29	den	Mantel
29	den	Mangel
29	den	Mai
29	den	Glanz
29	den	Genuß
29	den	Flur
29	den	Burgunden
28	den	Stall
28	den	Sommer
28	den	Recken
28	den	Park
28	den	Heiligen
28	den	Gebrauch
28	den	Franzosen
28	den	Druck
27	den	Titel
27	den	Kleidern
27	den	Hund
27	den	Feldern
27	den	Erfolg
27	den	Blumen
26	den	Zaun
26	den	Vögeln
26	den	Tee
26	den	Strom
26	den	Rauch
26	den	Löwen
26	den	Kasten
26	den	Gänsen
26	den	Fremden
26	den	Blättern
26	den	Baron
26	Den	September
25	den	Zügen
25	den	Waffen
25	den	Text
25	den	Steinen
25	den	Schritt
25	den	Sattel
25	den	Ofen
25	den	Hauptmann
25	den	Ferien
25	den	Anselmus
24	den	Zeiten
24	den	Wäldern
24	den	Widerspruch
24	den	Schaden
24	den	Ruinen
24	den	Regen
24	den	Mädchen
24	den	Markt
24	den	Kategorien
24	den	Grundsätzen
24	den	Großen
24	den	Einfluß
24	den	Büschen
24	den	Büchern
24	den	Aufenthalt
23	den	Vorschlag
23	den	Verkehr
23	den	Topf
23	den	Schatz
23	den	Leser
23	den	Haufen
23	den	Feinden
23	den	Dächern
23	den	Bau
23	den	Ausgang
23	den	Abu
22	den	Tiefen
22	den	Teppich
22	den	Schützengräben
22	den	Schnabel
22	den	Schild
22	den	Morgen
22	den	Knieen
22	den	Kleinen
22	den	Gänserich
22	den	Guten
22	den	Grenzen
22	den	Gegner
22	den	Frühling
22	den	Flügel
21	den	Wegen
21	den	Vorhang
21	den	September
21	den	Seiten
21	den	Punkt
21	den	Ideen
21	den	Grad
20	den	Zehen
20	den	Werth
20	den	Vorteil
20	den	Utopiern
20	den	Turm
20	den	Studenten
20	den	Sessel
20	den	Schreibtisch
20	den	Schrecken
20	den	Schleier
20	den	Propst
20	den	Leichnam
20	den	Kameraden
20	den	Haß
20	den	Griff
20	den	Gefangenen
20	den	Boten
20	den	Bach
20	den	Apparat
19	den	Zwang
19	den	Zeitungen
19	den	Wölfen
19	den	Wogen
19	den	Wiesen
19	den	Wangen
19	den	Vorwurf
19	den	Verdacht
19	den	Trümmern
19	den	Stock
19	den	Segen
19	den	Schläfen
19	den	Rat
19	den	Philosophen
19	den	Mittelpunkt
19	den	Magen
19	den	Königen
19	den	Keller
19	den	Juli
19	den	Helm
19	den	Gott
19	den	Geschäften
19	den	Fehler
19	den	Ereignissen
19	den	Enden
19	den	Eintritt
19	den	Buben
19	den	Brüsten
19	den	Brunnen
19	den	Becher
19	den	Andern
18	den	Übergang
18	den	Zugang
18	den	Wellen
18	den	Wechsel
18	den	Vogel
18	den	Ufern
18	den	Toten
18	den	Söhnen
18	den	Stufen
18	den	Stolz
18	den	Rennen
18	den	Nebel
18	den	Lauf
18	den	Gipfel
18	den	Faden
18	den	Durst
18	den	Dichter
18	den	Besuch
18	den	Angriff
18	den	Adern
17	den	Umständen
17	den	Türen
17	den	Toren
17	den	Tischen
17	den	Strick
17	den	Seinigen
17	den	Schwarzen
17	den	Schutz
17	den	Sarg
17	den	Römern
17	den	Ruhm
17	den	Oberkörper
17	den	Mitteln
17	den	Meister
17	den	Lärm
17	den	Konsul
17	den	Klub
17	den	Juden
17	den	Irrtum
17	den	Hasen
17	den	Gärten
17	den	Geruch
17	den	Gerechten
17	den	Engländern
17	den	Engeln
17	den	Einzelnen
17	den	Duft
17	den	Beutel
17	den	Bahnhof
17	den	Arbeitern
17	den	Anteil
16	den	Zeugen
16	den	Taschen
16	den	Stamm
16	den	Seelen
16	den	Schott
16	den	Schafen
16	den	Samanas
16	den	Riegel
16	den	Prozeß
16	den	Palast
16	den	Kragen
16	den	Kahn
16	den	Gründen
16	den	Gliedern
16	den	Folgen
16	den	Dörfern
16	den	Diwan
16	den	Bildern
16	den	Balkon
16	den	Autoren
16	Den	Schild
16	Den	Januar
15	den	Winkeln
15	den	Schären
15	den	Schirm
15	den	Scheik
15	den	Sack
15	den	Quellen
15	den	Offizieren
15	den	Objekten
15	den	November
15	den	Lehrern
15	den	Hintergrund
15	den	Haddedihn
15	den	Gräbern
15	den	Gelehrten
15	den	Gefallen
15	den	Gast
15	den	Führer
15	den	Fußspitzen
15	den	Februar
15	den	Eindrücken
15	den	Christen
15	den	Busch
15	den	Bewegungen
15	den	Ball
15	den	Angeklagten
15	den	Abschied
14	den	Zahn
14	den	Weisen
14	den	Wahehe
14	den	Verlauf
14	den	Ursachen
14	den	Türken
14	den	Schweif
14	den	Schlag
14	den	Regeln
14	den	Oktober
14	den	Lehnstuhl
14	den	Künstler
14	den	Kern
14	den	Kamin
14	den	Hüften
14	den	Höfen
14	den	Hunden
14	den	Hosentaschen
14	den	Heimweg
14	den	Hafen
14	den	Grundsatz
14	den	Griechen
14	den	Geliebten
14	den	Gassen
14	den	Ernst
14	den	Ellbogen
14	den	Ecken
14	den	Andres
14	den	Abschnitt
14	Den	Kopf
13	den	Zettel
13	den	Winkel
13	den	Verstandesbegriffen
13	den	Trost
13	den	Sündern
13	den	Sturm
13	den	Stunden
13	den	Strahlen
13	den	Schülern
13	den	Schüler
13	den	Schranken
13	den	Schnurrbart
13	den	Rückzug
13	den	Reichtum
13	den	Rasen
13	den	Nutzen
13	den	Löffel
13	den	Lohn
13	den	Lebenden
13	den	Lappen
13	den	Kutscher
13	den	Koffer
13	den	Kirchen
13	den	Kessel
13	den	Hütten
13	den	Herrschaften
13	den	Herd
13	den	Gürtel
13	den	Gräben
13	den	Fäusten
13	den	Fuchs
13	den	Fortschritt
13	den	Fersen
13	den	Ellenbogen
13	den	Bürgermeister
13	den	Busen
13	den	Briefen
13	den	Bericht
13	den	Beischlaf
13	den	Auserwählten
13	den	Archivarius
13	den	Abhang
13	Den	November
12	den	Zweifel
12	den	Zimmern
12	den	Zauber
12	den	Zapfen
12	den	Werken
12	den	Vorgang
12	den	Verwundeten
12	den	Teil
12	den	Takt
12	den	Standpunkt
12	den	Stab
12	den	Spuren
12	den	Spitzen
12	den	Spaß
12	den	Sonnenschein
12	den	Schuhen
12	den	Schmutz
12	den	Schlund
12	den	Schloßhof
12	den	Rändern
12	den	Regressus
12	den	Puls
12	den	Prinzipien
12	den	Pfad
12	den	Kühen
12	den	Krähen
12	den	Kauf
12	den	Hühnern
12	den	Heiland
12	den	Gesang
12	den	Geheimrath
12	den	Gatten
12	den	Fächer
12	den	Forst
12	den	Engländer
12	den	Eigenschaften
12	den	Diener
12	den	Burschen
12	den	Bogen
12	den	Bewohnern
12	den	Ausschlag
12	den	Antrag
12	Den	Tag
11	den	Übermenschen
11	den	Zwecken
11	den	Zelten
11	den	Zeigefinger
11	den	Wahrnehmungen
11	den	Vorbereitungen
11	den	Unterricht
11	den	Töchtern
11	den	Tälern
11	den	Tatsachen
11	den	Tanz
11	den	Säulen
11	den	Säbel
11	den	Sumpf
11	den	Stämmen
11	den	Stadtgarten
11	den	Schädel
11	den	Schweiß
11	den	Schmuck
11	den	Schiffen
11	den	Räubern
11	den	Rossen
11	den	Revolver
11	den	Pinsel
11	den	Pastor
11	den	Moment
11	den	Meinen
11	den	Leitfaden
11	den	Laden
11	den	Korso
11	den	Knecht
11	den	Kirchhof
11	den	Horizont
11	den	Himmeln
11	den	Herzog
11	den	Gesichtern
11	den	Freiherrn
11	den	Fragen
11	den	Erwachsenen
11	den	Erinnerungen
11	den	Engel
11	den	Elementen
11	den	Däumling
11	den	Dezember
11	den	Chor
11	den	Bänken
11	den	Bock
11	den	Betrieb
11	den	Beifall
11	den	Barbys
11	den	Altar
11	Den	Dezember
10	den	Ärzten
10	den	Ärmel
10	den	Zorn
10	den	Vordergrund
10	den	Verstandesgebrauch
10	den	Unterstand
10	den	Untergang
10	den	Unglücklichen
10	den	Umsturz
10	den	Typus
10	den	Thee
10	den	Teller
10	den	Spott
10	den	Speisesaal
10	den	Spalt
10	den	Schlamm
10	den	Schlafrock
10	den	Scheitel
10	den	Rädern
10	den	Riesen
10	den	Reihen
10	den	Posten
10	den	Pelz
10	den	Papst
10	den	Nachmittag
10	den	Nachbarn
10	den	Mörder
10	den	Menschenkindern
10	den	Linden
10	den	Leutnant
10	den	Körpern
10	den	Käfig
10	den	Kuß
10	den	Kräften
10	den	Knopf
10	den	Klängen
10	den	Klang
10	den	Kaufmann
10	den	Kanal
10	den	Hort
10	den	Hofrat
10	den	Herbst
10	den	Hang
10	den	Gehorsam
10	den	Gefahren
10	den	Flammen
10	den	Fisch
10	den	Erhabenen
10	den	Erdboden
10	den	Empfindungen
10	den	Dichtern
10	den	Dachs
10	den	Brüdern
10	den	Betrug
10	den	Beginn
10	den	Beamten
10	den	Arbeiter
10	den	Anwesenden
10	den	Anforderungen
10	den	Adlern
10	Den	König
10	Den	Februar
9	den	Äckern
9	den	Zufall
9	den	Zeichen
9	den	Wurzeln
9	den	Wissenschaften
9	den	Wirkungen
9	den	Widerstand
9	den	Wassern
9	den	Waggon
9	den	Vertretern
9	den	Unsinn
9	den	Tåkern
9	den	Träumer
9	den	Trieb
9	den	Thieren
9	den	Städten
9	den	Stern
9	den	Sohlen
9	den	Sitten
9	den	Schöpfer
9	den	Schwänen
9	den	Schwachen
9	den	Schornstein
9	den	Schluchten
9	den	Schlitten
9	den	Rückweg
9	den	Räumen
9	den	Richter
9	den	Rahmen
9	den	Rachen
9	den	Priestern
9	den	Popo
9	den	Platanen
9	den	Pfoten
9	den	Nächsten
9	den	Nibelungen
9	den	Narren
9	den	Nagel
9	den	Mars
9	den	Marktplatz
9	den	Mahlzeiten
9	den	Leim
9	den	Künstlern
9	den	Kuchen
9	den	Kranz
9	den	Korb
9	den	Knochen
9	den	Knechten
9	den	Kissen
9	den	Juni
9	den	Jockele
9	den	Inseln
9	den	Ihrigen
9	den	Ihr
9	den	Hirten
9	den	Herzen
9	den	Hain
9	den	Gesellen
9	den	Gelenken
9	den	Gefährten
9	den	Fluten
9	den	Farben
9	den	Familien
9	den	Esel
9	den	Dünen
9	den	Daumen
9	den	Dank
9	den	Bund
9	den	Bruderteil
9	den	Ausspruch
9	den	Arabern
9	den	Anlaß
9	den	Adel
9	den	Acker
9	den	Achilla
9	Den	Menschen
9	Den	Blick
8	den	Zwerg
8	den	Zuschauern
8	den	Wünschen
8	den	Wirt
8	den	Vornamen
8	den	Vorigen
8	den	Vesuv
8	den	Verwandten
8	den	Verkauf
8	den	Verfasser
8	den	Unteroffizier
8	den	Tyrannen
8	den	Triumph
8	den	Trank
8	den	Tom
8	den	Tigris
8	den	Tempel
8	den	Teig
8	den	Teich
8	den	Substanzen
8	den	Stühlen
8	den	Strahl
8	den	Stimmen
8	den	Stempel
8	den	Sonntag
8	den	Sitz
8	den	Seen
8	den	Schuß
8	den	Schulen
8	den	Schriften
8	den	Schrein
8	den	Schrank
8	den	Scherz
8	den	Saum
8	den	Samowar
8	den	Samen
8	den	Sachen
8	den	Rosen
8	den	Rang
8	den	Präsidenten
8	den	Pfeilern
8	den	Nägeln
8	den	Maler
8	den	Lumpen
8	den	Linien
8	den	Leuchter
8	den	Leidenschaften
8	den	Leidenden
8	den	Lakaien
8	den	Kolben
8	den	Klauen
8	den	Jägern
8	den	Instinkten
8	den	Ihren
8	den	Hügeln
8	den	Hunger
8	den	Honig
8	den	Hohlweg
8	den	Herbergen
8	den	Hengst
8	den	Hausherrn
8	den	Handel
8	den	Gruß
8	den	Gläubigen
8	den	Gestalten
8	den	Genitalien
8	den	Garaus
8	den	Füchsen
8	den	Formen
8	den	Fischen
8	den	Falten
8	den	Eßsaal
8	den	Erzähler
8	den	Dschesidi
8	den	Dom
8	den	Dolch
8	den	Dogmatiker
8	den	Bösen
8	den	Bären
8	den	Bereich
8	den	Bedienten
8	den	Ausblick
8	den	Affen
8	den	Achseln
8	Den	Vater
7	den	Ästen
7	den	Zylinder
7	den	Zweig
7	den	Zuhörern
7	den	Zinnsoldaten
7	den	Zellen
7	den	Zeilen
7	den	Winden
7	den	Wall
7	den	Völkern
7	den	Vorschriften
7	den	Vorsatz
7	den	Vorsaal
7	den	Vorplatz
7	den	Urteilen
7	den	Umstehenden
7	den	Türhüter
7	den	Trichtern
7	den	Trichter
7	den	Trabacchio
7	den	Teilen
7	den	Säcken
7	den	Strauß
7	den	Stoß
7	den	Steg
7	den	Stechlin
7	den	Stachel
7	den	Spuk
7	den	Sprung
7	den	Spruch
7	den	Speisen
7	den	Senator
7	den	Senat
7	den	Schönen
7	den	Schwestern
7	den	Schwamm
7	den	Schmerzen
7	den	Schlafzustand
7	den	Schlafenden
7	den	Schienen
7	den	Russen
7	den	Roman
7	den	Ritter
7	den	Riemen
7	den	Rappen
7	den	Quell
7	den	Pflug
7	den	Pfeil
7	den	Pausen
7	den	Ozean
7	den	Obersten
7	den	Nachweis
7	den	Mälar
7	den	Motor
7	den	Lehren
7	den	Landen
7	den	Künsten
7	den	Kummer
7	den	Knöpfen
7	den	Kies
7	den	Kiefern
7	den	Kerl
7	den	Keim
7	den	Hörnern
7	den	Hufen
7	den	Herr
7	den	Handlungen
7	den	Gütern
7	den	Gängen
7	den	Gouverneur
7	den	Glücklichen
7	den	Gewinn
7	den	Gerüchten
7	den	Germanen
7	den	Genossen
7	den	Geistern
7	den	Geheimnissen
7	den	Gebäuden
7	den	Gebirgen
7	den	Frühstückstisch
7	den	Forderungen
7	den	Faust
7	den	Elch
7	den	Einwohnern
7	den	Einsatz
7	den	Einen
7	den	Eid
7	den	Durchmesser
7	den	Drang
7	den	Draht
7	den	Deinen
7	den	Damm
7	den	Bächen
7	den	Brücken
7	den	Bräutigam
7	den	Brettern
7	den	Bleistift
7	den	Bienen
7	den	Betten
7	den	Besten
7	den	Balken
7	den	Aufwand
7	den	Aufsatz
7	den	Appetit
7	den	Anstrengungen
7	den	Angeln
7	den	Allah
7	den	Ablauf
7	den	Abhängen
7	Den	Weg
7	Den	Namen
7	Den	Kaiser
7	Den	Himmel
7	Den	Göttern
6	den	Zügeln
6	den	Zügel
6	den	Zutritt
6	den	Zuständen
6	den	Zehenspitzen
6	den	Wipfeln
6	den	Weizen
6	den	Weckreiz
6	den	Vätern
6	den	Vorübergehenden
6	den	Vortritt
6	den	Vorsitz
6	den	Vetter
6	den	Verurteilten
6	den	Versen
6	den	Verhandlungen
6	den	Vergleich
6	den	Verein
6	den	Verbrecher
6	den	Urgrund
6	den	Umriß
6	den	Umgang
6	den	Türspalt
6	den	Tugenden
6	den	Tribut
6	den	Todten
6	den	Tischrand
6	den	Thränen
6	den	Teufelsanbetern
6	den	Teetisch
6	den	Tann
6	den	Süden
6	den	Säugling
6	den	Sätzen
6	den	Sälen
6	den	Sultan
6	den	Stollen
6	den	Sterbenden
6	den	Stellen
6	den	Starken
6	den	Springbrunnen
6	den	Spaten
6	den	Sofa
6	den	Sitzen
6	den	Sieger
6	den	Schwur
6	den	Schwindel
6	den	Schwellen
6	den	Schuppen
6	den	Schränken
6	den	Schreiner
6	den	Schläfer
6	den	Scheiks
6	den	Schauplatz
6	den	Schall
6	den	Schaft
6	den	Sang
6	den	Reichstag
6	den	Ratskeller
6	den	Pöbel
6	den	Propheten
6	den	Polizeichef
6	den	Pokal
6	den	Plätzen
6	den	Personen
6	den	Papa
6	den	Naturwissenschaften
6	den	Naturursachen
6	den	Mörser
6	den	Mönchen
6	den	Mondschein
6	den	Momenten
6	den	Mitleidigen
6	den	Mitgliedern
6	den	Mienen
6	den	Massen
6	den	Marschall
6	den	Lohengrin
6	den	Lidern
6	den	Leichtsinn
6	den	Krieger
6	den	Krallen
6	den	Klippen
6	den	Kirchturm
6	den	Kelch
6	den	Kapitän
6	den	Kanon
6	den	Jüngling
6	den	Instinkt
6	den	Idealismus
6	den	Höh
6	den	Häuptern
6	den	Hofplatz
6	den	Hinweis
6	den	Hindernissen
6	den	Hergang
6	den	Hausflur
6	den	Hammer
6	den	Gärtner
6	den	Grundlagen
6	den	Großherzog
6	den	Großeltern
6	den	Gleichklang
6	den	Geschwistern
6	den	Gerichtsdienern
6	den	Gegenden
6	den	Geber
6	den	Füssen
6	den	Fugen
6	den	Friedhof
6	den	Freundinnen
6	den	Freuden
6	den	Frau
6	den	Franz
6	den	Flüssen
6	den	Flug
6	den	Fingerspitzen
6	den	Feuern
6	den	Erzählungen
6	den	Erdkreis
6	den	Ehrgeiz
6	den	Effekt
6	den	Duteln
6	den	Dunst
6	den	Donner
6	den	Denner
6	den	Dampf
6	den	Beschluß
6	den	Beschauer
6	den	Beistand
6	den	Aufgaben
6	den	Ateïbeh
6	den	Armleuchter
6	den	Architekten
6	den	Apenninen
6	den	Anstand
6	den	Ansprüchen
6	den	Anspruch
6	den	Analogien
6	den	Adler
6	Den	Wald
6	Den	Teufel
6	Den	Sohn
6	Den	Rest
6	Den	Abend
5	den	Überschuß
5	den	Ärger
5	den	Zwergen
5	den	Wächtern
5	den	Wurm
5	den	Wundern
5	den	Wunden
5	den	Wohlstand
5	den	Wirtshäusern
5	den	Wirbel
5	den	Weinbergen
5	den	Wahnsinn
5	den	Wahn
5	den	Vorsitzenden
5	den	Vorrang
5	den	Vormittag
5	den	Vorfall
5	den	Vorderpfoten
5	den	Verzicht
5	den	Vertrag
5	den	Verräter
5	den	Turban
5	den	Tumult
5	den	Tränen
5	den	Tribünen
5	den	Transport
5	den	Titeln
5	den	Tiger
5	den	Tiergarten
5	den	Thüren
5	den	Teufeln
5	den	Teichen
5	den	Taten
5	den	Sängern
5	den	Sueben
5	den	Stößen
5	den	Ställen
5	den	Stutzen
5	den	Spielmann
5	den	Sper
5	den	Sonnenuntergang
5	den	Skandal
5	den	Schwung
5	den	Schritten
5	den	Schrei
5	den	Schlüsselbeinen
5	den	Schilden
5	den	Scheïtan
5	den	Schammar
5	den	Sargdeckel
5	den	Salamander
5	den	Saiten
5	den	Resten
5	den	Respekt
5	den	Reigen
5	den	Reichen
5	den	Redner
5	den	Reden
5	den	Redakteur
5	den	Rechten
5	den	Rasenplatz
5	den	Quellengarten
5	den	Puppen
5	den	Prokuristen
5	den	Prediger
5	den	Portieren
5	den	Pilgern
5	den	Pfarrer
5	den	Pfaffen
5	den	Perron
5	den	Paß
5	den	Pascha
5	den	Paralogismen
5	den	Papieren
5	den	Orient
5	den	Offizier
5	den	Nächten
5	den	Noten
5	den	Neuteutonen
5	den	Neid
5	den	Negern
5	den	Nebeln
5	den	Nachkommen
5	den	Möbeln
5	den	Mächtigen
5	den	Mord
5	den	Moralisten
5	den	Ministern
5	den	Mechanismus
5	den	Marder
5	den	Livius
5	den	Lieferanten
5	den	Liedern
5	den	Lichtern
5	den	Lebensunterhalt
5	den	Ladentisch
5	den	Küsten
5	den	Kürassieren
5	den	Kämpfenden
5	den	Kämpfen
5	den	Kuhstall
5	den	Kriegerverein
5	den	Kreisen
5	den	Kot
5	den	Korridoren
5	den	Konrektor
5	den	Kommandanten
5	den	Klosterhof
5	den	Kerker
5	den	Kellern
5	den	Kartoffeln
5	den	Karl
5	den	Kardinal
5	den	Kanonendonner
5	den	Kammerdiener
5	den	Kaffeetisch
5	den	Jüngern
5	den	Jumben
5	den	Jakobinern
5	den	Irrthum
5	den	Inglis
5	den	Individuen
5	den	Henker
5	den	Heldentod
5	den	Haushalt
5	den	Hauch
5	den	Hamlet
5	den	Haken
5	den	Hahn
5	den	Grabhügel
5	den	Gläsern
5	den	Gewächsen
5	den	Gesunden
5	den	Gesprächen
5	den	Geschlechtsteilen
5	den	Genius
5	den	General
5	den	Geistlichen
5	den	Gebildeten
5	den	Föhn
5	den	Fuss
5	den	Funktionen
5	den	Früchten
5	den	Fluss
5	den	Fesseln
5	den	Felswänden
5	den	Feldwebel
5	den	Feigen
5	den	Federn
5	den	Familienpapieren
5	den	Falken
5	den	Entwurf
5	den	Elchen
5	den	Einwand
5	den	Einsamen
5	den	Eingängen
5	den	Eingeweiden
5	den	Einflüssen
5	den	Einfall
5	den	Eigensinn
5	den	Eiern
5	den	Dschowari
5	den	Drücker
5	den	Direktor
5	den	Dienern
5	den	Dieb
5	den	Coppelius
5	den	Bürgern
5	den	Bösewicht
5	den	Buddenbrooks
5	den	Brillanten
5	den	Brenner
5	den	Bischof
5	den	Bestandteilen
5	den	Bescheid
5	den	Beni
5	den	Beiden
5	den	Beeten
5	den	Baumwipfeln
5	den	Bann
5	den	Backen
5	den	Ausbruch
5	den	August
5	den	Augenblicken
5	den	Aufbau
5	den	Athem
5	den	Askaris
5	den	Angehörigen
5	den	Albrechtsplatz
5	den	Albert
5	den	Akt
5	den	Affekten
5	den	Advokaten
5	den	Aberglauben
5	den	Abendstunden
5	Den	Herrn
5	Den	Gästen
4	den	Äußerungen
4	den	Äquator
4	den	Ägypter
4	den	Zäunen
4	den	Zuschauer
4	den	Zinnen
4	den	Zeichner
4	den	Wärter
4	den	Wächter
4	den	Wochen
4	den	Wink
4	den	Widerwillen
4	den	Widerstreit
4	den	Westen
4	den	Wesen
4	den	Weltlauf
4	den	Warzen
4	den	Wandschirm
4	den	Wanderer
4	den	Waldrand
4	den	Waldhüter
4	den	Wachtposten
4	den	Vortheil
4	den	Vorsprung
4	den	Vorhängen
4	den	Vorhof
4	den	Vorgängen
4	den	Vorgesetzten
4	den	Vorgarten
4	den	Vorfahren
4	den	Verwalter
4	den	Vertreter
4	den	Verstandesgesetzen
4	den	Vers
4	den	Verfall
4	den	Verdruß
4	den	Venezianern
4	den	Urheber
4	den	Unterthanen
4	den	Unterarm
4	den	Unrat
4	den	Umstand
4	den	Umkreis
4	den	Türpfosten
4	den	Türgriff
4	den	Tönen
4	den	Tropfen
4	den	Tropen
4	den	Tripper
4	den	Triangel
4	den	Traumwunsch
4	den	Traumbildern
4	den	Toast
4	den	Terrassen
4	den	Tabak
4	den	Sünder
4	den	Sänger
4	den	Stücken
4	den	Studien
4	den	Strumpf
4	den	Strich
4	den	Streich
4	den	Storch
4	den	Stier
4	den	Stiefeln
4	den	Stammbaum
4	den	Spion
4	den	Spieß
4	den	Speisetisch
4	den	Speichel
4	den	Specht
4	den	Sozialdemokraten
4	den	Sorgen
4	den	Sopha
4	den	Sonnenschirm
4	den	Sold
4	den	Schützen
4	den	Schweinen
4	den	Schwefelhölzern
4	den	Schuster
4	den	Schtscherbazkiys
4	den	Schnupfen
4	den	Schmetterlingen
4	den	Schlummer
4	den	Schlangen
4	den	Schimmer
4	den	Schenkeln
4	den	Schenkel
4	den	Schaum
4	den	Schakalen
4	den	Sandmann
4	den	Räuber
4	den	Ruhestand
4	den	Rudolf
4	den	Rudern
4	den	Richtern
4	den	Reitern
4	den	Reiter
4	den	Reis
4	den	Regenbogen
4	den	Qualen
4	den	Pudding
4	den	Psychoneurosen
4	den	Prunk
4	den	Protestanten
4	den	Prinz
4	den	Predigern
4	den	Pour
4	den	Popen
4	den	Polen
4	den	Pflichten
4	den	Pflastersteinen
4	den	Perser
4	den	Patronengurt
4	den	Patriarchen
4	den	Patienten
4	den	Palmen
4	den	Orten
4	den	Orsini
4	den	Originalen
4	den	Organismus
4	den	Orden
4	den	Opfern
4	den	Onkel
4	den	Olymp
4	den	Oheim
4	den	Obeïde
4	den	Oberschenkel
4	den	Norden
4	den	Niederungen
4	den	Neuen
4	den	Mönch
4	den	Mänteln
4	den	Musikanten
4	den	Mundwinkeln
4	den	Morast
4	den	Mooren
4	den	Mißbrauch
4	den	Mist
4	den	Mephistopheles
4	den	Meeresgrund
4	den	Maßstab
4	den	Marsch
4	den	Marmor
4	den	Ländern
4	den	Läden
4	den	Lenden
4	den	Leichen
4	den	Köder
4	den	Kullaberg
4	den	Kulissen
4	den	Kompaß
4	den	Kommissar
4	den	Kognak
4	den	Knöcheln
4	den	Knirps
4	den	Klemmer
4	den	Kleinsten
4	den	Ketten
4	den	Kaufleuten
4	den	Kastanien
4	den	Karren
4	den	Karenin
4	den	Kapellmeister
4	den	Kandidaten
4	den	Kampfplatz
4	den	Kamm
4	den	Jünglingen
4	den	Jüngeren
4	den	Jäger
4	den	Januar
4	den	Jammer
4	den	Inspektor
4	den	Höhen
4	den	Husaren
4	den	Homer
4	den	Holunderbaum
4	den	Holmen
4	den	Holm
4	den	Holländer
4	den	Hohn
4	den	Hofmarschall
4	den	Hoden
4	den	Hinterkopf
4	den	Hinterfüßen
4	den	Heuboden
4	den	Herrschenden
4	den	Herrlichkeiten
4	den	Helmen
4	den	Haustüren
4	den	Hausstand
4	den	Handschuh
4	den	Hallen
4	den	Hagenströms
4	den	Greis
4	den	Gram
4	den	Golf
4	den	Goethe
4	den	Giovanni
4	den	Giebelhäusern
4	den	Geschwornen
4	den	Gerichtshof
4	den	Gehülfen
4	den	Gehalt
4	den	Gegnern
4	den	Gefühlen
4	den	Gedichten
4	den	Fünfen
4	den	Führern
4	den	Fächern
4	den	Furchen
4	den	Frost
4	den	Frosch
4	den	Franken
4	den	Frack
4	den	Flor
4	den	Fliegenden
4	den	Flaschen
4	den	Feldzug
4	den	Feldherrn
4	den	Fahnen
4	den	Erwartungen
4	den	Erlebnissen
4	den	Erfolgen
4	den	Ephorus
4	den	Empfang
4	den	Ekel
4	den	Eisenhammer
4	den	Einzigen
4	den	Eintretenden
4	den	Einrichtungen
4	den	Einlaß
4	den	Einfällen
4	den	Eigendünkel
4	den	Eifer
4	den	Edlen
4	den	Durchblick
4	den	Drachen
4	den	Disch
4	den	Dienstboten
4	den	Diebstahl
4	den	Decken
4	den	Debatten
4	den	Darm
4	den	Cremmer
4	den	Chinesen
4	den	Chatten
4	den	Bällen
4	den	Burgen
4	den	Brutus
4	den	Brustwarzen
4	den	Brauen
4	den	Braten
4	den	Boys
4	den	Born
4	den	Booten
4	den	Bohnen
4	den	Bitten
4	den	Bissen
4	den	Beweisgründen
4	den	Bettler
4	den	Betrag
4	den	Betrachtungen
4	den	Bestimmungen
4	den	Besitzer
4	den	Besiegten
4	den	Beschwerden
4	den	Berliner
4	den	Berichten
4	den	Bergwerkdistrikt
4	den	Bemerkungen
4	den	Befehlen
4	den	Bedürfnissen
4	den	Baß
4	den	Band
4	den	Ballsaal
4	den	Augenwinkeln
4	den	Augenschein
4	den	Aufschluß
4	den	Aufruhr
4	den	Ast
4	den	Araber
4	den	Apfel
4	den	Anzug
4	den	Anstoß
4	den	Anschlag
4	den	Anlagen
4	den	Anker
4	den	Angelegenheiten
4	den	Anderen
4	den	Analysen
4	den	Altanen
4	den	Alkohol
4	den	Akten
4	den	Adligen
4	den	Absätzen
4	den	Absichten
4	den	Abenteuern
4	Den	Stein
4	Den	Schlüssel
4	Den	Mann
4	Den	Hort
4	Den	Geist
4	Den	Boden
4	Den	Begriff
4	Den	Becher
4	Den	August
4	Den	Armen
3	den	Überzieher
3	den	Überrock
3	den	Überfall
3	den	Äther
3	den	Ärmeln
3	den	Älteren
3	den	Ägyptern
3	den	Zwischenfall
3	den	Zweiten
3	den	Zuschauerraum
3	den	Zusammenkünften
3	den	Zusammenklang
3	den	Zoologischen
3	den	Zollverein
3	den	Zirkel
3	den	Zipfeln
3	den	Zins
3	den	Zeugnissen
3	den	Zeitgenossen
3	den	Zauberer
3	den	Zahlen
3	den	Wässern
3	den	Wolf
3	den	Wohlgeschmack
3	den	Wochentag
3	den	Winterbedarf
3	den	Windungen
3	den	Wilden
3	den	Widerschein
3	den	Wichtelmännchen
3	den	Werther
3	den	Wekil
3	den	Wasserstrahl
3	den	Wangenknochen
3	den	Walfisch
3	den	Waldgrund
3	den	Waldgeist
3	den	Wahehes
3	den	Vorzügen
3	den	Vorteilen
3	den	Vorstellungsinhalt
3	den	Vorstellungsablauf
3	den	Vorraum
3	den	Vorrat
3	den	Vornehmen
3	den	Vierten
3	den	Vielen
3	den	Veränderungen
3	den	Verunglückten
3	den	Vertrauten
3	den	Verstorbenen
3	den	Versicherungen
3	den	Verrat
3	den	Vernunftgebrauch
3	den	Verhau
3	den	Verfolgern
3	den	Vereinigten
3	den	Verbrechern
3	den	Verband
3	den	V
3	den	Urwald
3	den	Unsrigen
3	den	Unglücksfall
3	den	Unglauben
3	den	Unfall
3	den	Unbilden
3	den	Umweg
3	den	Umschlag
3	den	Uebermuth
3	den	Türmen
3	den	Tüchern
3	den	Täter
3	den	Typhus
3	den	Turnspielen
3	den	Trägern
3	den	Trunk
3	den	Traumdeuter
3	den	Torweg
3	den	Tornister
3	den	Torheiten
3	den	Todesschlaf
3	den	Tischkasten
3	den	Tiroler
3	den	Theatersitzen
3	den	Theatern
3	den	Tempeln
3	den	Tellern
3	den	Tausenden
3	den	Tausch
3	den	Tatzen
3	den	Tasso
3	den	Tapeten
3	den	Tanzenden
3	den	Tagesresten
3	den	Tafeln
3	den	Tacitus
3	den	Sätteln
3	den	Sund
3	den	Stürmen
3	den	Strapazen
3	den	Stiefel
3	den	Stechliner
3	den	Stadtverordneten
3	den	Stadthauptmann
3	den	Stabsarzt
3	den	Staatsanwalt
3	den	St
3	den	Sprüchen
3	den	Sprecher
3	den	Sprachgebrauch
3	den	Sporn
3	den	Spielen
3	den	Spaniern
3	den	Sklaven
3	den	Skeptizismus
3	den	Sinnesorganen
3	den	Silberblick
3	den	Seligen
3	den	Selbstmord
3	den	Seitenflügel
3	den	Secretär
3	den	Schwingen
3	den	Schwierigkeiten
3	den	Schwertern
3	den	Schwarm
3	den	Schwalben
3	den	Schutt
3	den	Schullehrer
3	den	Schulhof
3	den	Schuldschein
3	den	Schuldigen
3	den	Schuhmacher
3	den	Schtscherbazkiy
3	den	Schriftsteller
3	den	Schreiber
3	den	Schreck
3	den	Schneebergen
3	den	Schlägen
3	den	Schlechten
3	den	Schlauch
3	den	Schlachtfeldern
3	den	Schimpf
3	den	Schiffsleuten
3	den	Schiffern
3	den	Scherben
3	den	Schenken
3	den	Schauspieler
3	den	Schaufenstern
3	den	Schalen
3	den	Sauerstoff
3	den	Sambuk
3	den	Salzen
3	den	Salamandern
3	den	Saft
3	den	Sachsen
3	den	Röhren
3	den	Rätseln
3	den	Rundgang
3	den	Ruin
3	den	Ruaha
3	den	Rocken
3	den	Riß
3	den	Rittmeister
3	den	Ritt
3	den	Rinnstein
3	den	Ringen
3	den	Rhythmus
3	den	Reizen
3	den	Reisen
3	den	Reinen
3	den	Registrator
3	den	Rechtsanwalt
3	den	Rausch
3	den	Raupen
3	den	Raubtieren
3	den	Raub
3	den	Rathenowern
3	den	Rath
3	den	Qualm
3	den	Pyramiden
3	den	Prämissen
3	den	Prinzessinnen
3	den	Priester
3	den	Preußen
3	den	Pranger
3	den	Portier
3	den	Polonius
3	den	Plänen
3	den	Planeten
3	den	Plafond
3	den	Phänomenen
3	den	Pharisäern
3	den	Pfützen
3	den	Pfropfen
3	den	Pflanzen
3	den	Pfeiler
3	den	Pfaden
3	den	Pavor
3	den	Pater
3	den	Partikeln
3	den	Parthern
3	den	Panzer
3	den	Pakt
3	den	Orpheus
3	den	Orientalen
3	den	Organismen
3	den	Organen
3	den	Ordinarius
3	den	Ocean
3	den	Obstbäumen
3	den	Oberlehrer
3	den	Nüstern
3	den	Nähtisch
3	den	Notar
3	den	Nischen
3	den	Neuangekommenen
3	den	Nemsi
3	den	Neffen
3	den	Nebenhoden
3	den	Naturgesetzen
3	den	Nationen
3	den	Nachteil
3	den	Nachen
3	den	Nachbar
3	den	Müttern
3	den	Münzen
3	den	Mündungen
3	den	Möllendorpfs
3	den	Märchen
3	den	Mähren
3	den	Mystikern
3	den	Modernen
3	den	Missionaren
3	den	Minister
3	den	Messias
3	den	Merkmalen
3	den	Meistersingern
3	den	Meistern
3	den	Meeresspiegel
3	den	Mathematikern
3	den	Mast
3	den	Maschen
3	den	Markusturm
3	den	Markgrafen
3	den	Maikäfern
3	den	Magenkatarrh
3	den	Machthabern
3	den	Macchiavelli
3	den	Läufen
3	den	Lord
3	den	Logen
3	den	Lockungen
3	den	Ljungan
3	den	Lift
3	den	Lichtschein
3	den	Leutnants
3	den	Leuchtturm
3	den	Leistungen
3	den	Leisten
3	den	Leiden
3	den	Leibgrenadieren
3	den	Lehm
3	den	Lebewesen
3	den	Lebendigen
3	den	Landtag
3	den	Landstraßen
3	den	Landsitz
3	den	Lampen
3	den	Laien
3	den	Laertes
3	den	Kühnen
3	den	Käse
3	den	Käfer
3	den	Kurgarten
3	den	Kuran
3	den	Kunstwerken
3	den	Kunstvogel
3	den	Kronen
3	den	Kriegern
3	den	Kredit
3	den	Kram
3	den	Kotillon
3	den	Kornhaufen
3	den	Konzerten
3	den	Konflikt
3	den	Komplex
3	den	Kommandeur
3	den	Kolmården
3	den	Kollegen
3	den	Koitus
3	den	Kohl
3	den	Kochtopf
3	den	Knabenjahren
3	den	Klettenwald
3	den	Kleber
3	den	Kity
3	den	Kisten
3	den	Kindertagen
3	den	Kindermenschen
3	den	Kessinern
3	den	Kater
3	den	Katechismus
3	den	Kastrationskomplex
3	den	Kanälen
3	den	Kanonen
3	den	Kaninchenbau
3	den	Kaminen
3	den	Kalatravaritter
3	den	Kai
3	den	Jungfrauen
3	den	Jesuiten
3	den	Jahrhunderten
3	den	Italienern
3	den	Interessen
3	den	Insekten
3	den	Indern
3	den	Imperativ
3	den	Igel
3	den	Hдnden
3	den	Hörern
3	den	Hufschlag
3	den	Hornissen
3	den	Holzschuh
3	den	Hohenzollern
3	den	Hochmut
3	den	Hochaltar
3	den	Hinterweltlern
3	den	Hintern
3	den	Hinterbacken
3	den	Hexen
3	den	Herthasee
3	den	Herrenhof
3	den	Herkules
3	den	Heimathlosen
3	den	Heiden
3	den	Heckengraben
3	den	Hebel
3	den	Hauptteil
3	den	Hauptstraßen
3	den	Hauptpunkt
3	den	Hass
3	den	Harnisch
3	den	Handwerkern
3	den	Hafer
3	den	Gänsestall
3	den	Grundstein
3	den	Grundbegriffen
3	den	Großvater
3	den	Groll
3	den	Grimmburger
3	den	Greifen
3	den	Grasenabbs
3	den	Gottlosen
3	den	Gotthard
3	den	Gipfeln
3	den	Giebeln
3	den	Gespenstern
3	den	Gesichtspunkt
3	den	Geschäftsgang
3	den	Geschlechtstrieb
3	den	Geschlechtern
3	den	Geschenken
3	den	Gerüsten
3	den	Gerichtssaal
3	den	Gerichtspersonen
3	den	Gerichten
3	den	Gemüsebeeten
3	den	Geleisen
3	den	Gelegenheiten
3	den	Gegensätzen
3	den	Gefreiten
3	den	Gefilden
3	den	Gefallenen
3	den	Geburtstag
3	den	Gaul
3	den	Gasthof
3	den	Gartenzaun
3	den	Gaben
3	den	Füsilier
3	den	Fährmann
3	den	Fähren
3	den	Fußgängern
3	den	Fusstapfen
3	den	Fuluälf
3	den	Fortgang
3	den	Flüchtling
3	den	Fluren
3	den	Florentinern
3	den	Flitterwochen
3	den	Fliegen
3	den	Flaschenhals
3	den	Fiedelspieler
3	den	Fiedelmann
3	den	Fichten
3	den	Festsaal
3	den	Festen
3	den	Fensterladen
3	den	Felsenspalten
3	den	Fasanen
3	den	Familiennamen
3	den	Fabrikanten
3	den	Extrakt
3	den	Exhibitionsträumen
3	den	Europäern
3	den	Essig
3	den	Ergebnissen
3	den	Erfindungen
3	den	Erdball
3	den	Er
3	den	Enten
3	den	Elenden
3	den	Einzelheiten
3	den	Einschlag
3	den	Einjährigen
3	den	Eindringling
3	den	Eimer
3	den	Eilzug
3	den	Eichen
3	den	Ehrentitel
3	den	Ehrennamen
3	den	Ehemann
3	den	Düften
3	den	Dämon
3	den	Du
3	den	Dschebel
3	den	Dritten
3	den	Dragoner
3	den	Dr
3	den	Doppelgänger
3	den	Dolmetscher
3	den	Dielen
3	den	Diederich
3	den	Dialekt
3	den	Dezemvirn
3	den	Descartes
3	den	Dachboden
3	den	Cultus
3	den	Chef
3	den	Centrosomen
3	den	Büßern
3	den	Bürgersteig
3	den	Bürger
3	den	Buddha
3	den	Bucks
3	den	Buckel
3	den	Buchstaben
3	den	Brummer
3	den	Bruchstücken
3	den	Brecher
3	den	Branntwein
3	den	Brand
3	den	Brahmanen
3	den	Borckes
3	den	Blüten
3	den	Block
3	den	Blauen
3	den	Blackåsen
3	den	Birken
3	den	Bildnissen
3	den	Beziehungen
3	den	Bettrand
3	den	Bettelstab
3	den	Besucher
3	den	Bestien
3	den	Bestand
3	den	Bergwald
3	den	Bergrücken
3	den	Bergleuten
3	den	Berchtesgadens
3	den	Beobachtungen
3	den	Beobachter
3	den	Bemühungen
3	den	Bekannten
3	den	Beitrag
3	den	Beispielen
3	den	Beinchen
3	den	Beinamen
3	den	Beichtstuhl
3	den	Behörden
3	den	Behauptungen
3	den	Begierden
3	den	Beduinen
3	den	Baumstämmen
3	den	Banden
3	den	Ballen
3	den	Backenbart
3	den	Axiomen
3	den	Ausweis
3	den	Ausweg
3	den	Austern
3	den	Ausschweifungen
3	den	Aussagen
3	den	Ausnahmen
3	den	Auskünften
3	den	Ausflug
3	den	Aufschwung
3	den	Aufführungen
3	den	Auen
3	den	Assessor
3	den	Armstuhl
3	den	Arbeiten
3	den	Antworten
3	den	Antrieben
3	den	Anstrich
3	den	Anstalten
3	den	Anschluß
3	den	Anschauungen
3	den	Ansatz
3	den	Anordnungen
3	den	Ankommenden
3	den	Anger
3	den	Angaben
3	den	Anführer
3	den	Anfall
3	den	Andeutungen
3	den	Andachten
3	den	Alles
3	den	Aleksey
3	den	Ahnen
3	den	Affekt
3	den	Adjutanten
3	den	Adirondacks
3	den	Ackerbau
3	den	Abstand
3	den	Abglanz
3	den	Abfluß
3	den	Abendhimmel
3	Den	Teppich
3	Den	Sper
3	Den	Sinn
3	Den	Schluß
3	Den	Satz
3	Den	Ruhm
3	Den	Ring
3	Den	Preis
3	Den	Pfad
3	Den	Nachmittag
3	Den	Mund
3	Den	Inbegriff
3	Den	Hauptpunkt
3	Den	Glanz
3	Den	Fürsten
3	Den	Fuß
3	Den	Frauen
3	Den	Finger
3	Den	Feinden
3	Den	Engeln
3	Den	Boten
3	Den	Beweis
3	Den	Berg
3	Den	Bart
3	Den	Alten
3	Den	Acker
