1230	der	Welt
904	der	Hand
814	der	Zeit
803	der	Natur
748	der	Junge
668	der	Stadt
650	der	Vernunft
600	der	Erde
586	der	Erfahrung
522	der	Tat
518	der	Mensch
480	der	Dinge
424	der	Herr
423	der	Geist
421	der	Vater
385	der	Nacht
370	der	Nähe
367	der	Mann
362	der	König
355	der	Erscheinungen
341	der	Seele
332	der	Traum
307	der	Anschauung
299	der	Begriff
286	der	Sonne
282	der	Sache
276	der	Straße
272	der	Reihe
270	der	Alte
268	der	Mitte
266	der	Erscheinung
265	der	Luft
256	der	Wahrheit
256	der	Mutter
254	Der	Junge
252	der	Möglichkeit
249	der	Form
246	der	Menschen
233	der	Tür
232	der	Seite
229	der	Kirche
227	der	Wirklichkeit
224	der	Liebe
206	der	Sinnlichkeit
202	der	Verstand
201	der	Fall
200	der	Gedanke
197	der	Frau
196	der	Familie
191	der	Gegenstand
190	der	Tod
186	der	Erkenntnis
180	der	That
179	der	Kunst
178	der	Wind
178	der	Himmel
178	der	Ferne
177	der	Konsul
173	der	Idee
173	der	Gesellschaft
173	der	Art
171	der	Kaiser
170	der	Stelle
169	der	Menschheit
163	der	Regel
158	der	Tag
156	der	Vorstellung
154	der	Brust
154	der	Arbeit
154	Der	Traum
150	der	Bedingungen
149	der	Schule
148	der	Synthesis
148	der	Professor
143	der	Substanz
141	der	Sinne
140	der	Weg
139	der	Diakon
137	der	Fürst
133	der	Höhe
133	der	Geschichte
133	Der	Mann
132	der	Wand
131	der	Wahrnehmung
127	der	Freiheit
127	Der	Mensch
126	der	Wissenschaft
126	der	Mond
125	der	Teufel
123	Der	Vater
123	Der	Geist
122	Der	Alte
121	der	Spitze
121	der	Gegenstände
121	der	Degen
119	der	Einheit
118	der	Sohn
117	der	Student
117	der	Geister
117	der	Geheimrath
115	der	Arzt
115	Der	Herr
114	der	Name
114	der	Grund
111	der	Philosophie
111	der	Königin
109	der	Tasche
108	der	Kausalität
106	der	Thür
103	der	Küche
102	der	Träume
102	der	Tiefe
101	der	Senator
100	der	Sinnenwelt
100	der	Scheik
99	der	Wagen
99	der	Lehrer
98	der	Jugend
98	der	Begriffe
97	der	Religion
96	Der	König
95	der	Zug
95	der	Kinder
95	der	Gegend
95	der	Erinnerung
94	der	Treppe
94	der	Mathematik
92	der	Unterschied
92	der	Propst
92	der	Nase
91	der	Meinung
91	der	Baron
89	der	Menge
89	der	Bauer
88	der	Kategorien
88	der	Gegenwart
88	der	Apperzeption
87	der	Macht
87	der	Knabe
86	der	Musik
86	der	Künstlerin
84	der	Maler
84	der	Hauptmann
84	der	Fremde
84	der	Einbildungskraft
83	der	Größe
82	der	Zukunft
82	der	Absicht
82	Der	Konsul
81	der	Ordnung
81	der	Materie
81	der	Inhalt
81	der	Gänserich
81	der	Doktor
80	der	Satz
80	der	Graf
80	der	Bewegung
79	der	Wald
79	der	Ursache
79	der	Station
79	der	Insel
79	der	Hund
78	der	Raum
78	der	Gerechtigkeit
77	der	Stirn
77	der	Offizier
77	der	Kopf
76	der	Türe
76	der	Hoffnung
75	der	Richtung
75	der	Reise
75	der	Gräfin
75	der	Gestalt
75	der	Feind
74	der	Wille
74	der	Front
74	der	Frauen
74	der	Analyse
73	der	Held
73	der	Heimat
73	der	Glaube
72	der	Traumdeutung
72	der	Fluß
71	der	Moral
70	der	Vorstellungen
70	der	Stube
70	der	Individualität
69	der	Kraft
69	der	Ausdruck
68	der	Empfindung
68	der	Dichter
67	der	Traumgedanken
67	der	Soldat
67	der	Realität
67	der	Lust
67	der	Frage
67	der	Ecke
67	der	Boden
67	der	Bedingung
67	der	Archivarius
66	der	Sturm
66	der	Schwelle
65	der	Traumbildung
65	der	Sinn
65	der	Notwendigkeit
64	der	Tugend
64	der	Bestimmung
64	der	Apprehension
63	der	Wüste
63	der	Sprache
63	der	Allgemeinheit
63	der	Adler
62	der	Lage
62	der	Hase
62	der	Folge
62	der	Blick
62	Der	Weg
62	Der	Himmel
61	der	Traumarbeit
61	der	Regierung
61	der	Küste
61	der	Körper
61	der	Klasse
61	der	Gefahr
61	der	Einzelnheit
60	der	Bildung
60	der	Alten
59	der	Wunsch
59	der	Engländer
59	der	Dunkelheit
59	der	Ansicht
59	Der	Begriff
58	der	Rede
58	der	Engel
58	der	Ehe
57	der	Stille
57	Der	Diakon
56	der	Weise
56	der	Major
56	der	Kampf
56	der	Freund
56	der	Anblick
55	der	Schmerz
55	der	Leute
55	der	Kindheit
55	der	Hölle
55	der	Gegner
55	der	Erkenntniss
55	der	Beziehung
54	der	Schwester
54	der	Reisende
54	der	Rabe
54	der	Moralität
54	der	Mauer
54	der	Künstler
54	der	Grenze
54	der	Fürstin
53	der	Teile
53	der	Stimme
53	der	See
53	der	Prinz
53	der	Person
53	der	Konsulin
53	der	Höhle
53	der	Herrschaft
53	der	Fuchs
53	der	Freude
53	der	Decke
53	der	Anfang
53	Der	Kaiser
52	der	Tafel
52	der	Schönheit
52	der	Pflicht
52	der	Leutnant
52	der	Krieg
52	der	Baum
52	Der	Tod
51	der	Weisheit
51	der	Schulter
51	der	Frühling
51	der	Eltern
51	der	Diener
51	Der	Arzt
50	der	Zahl
50	der	Vergangenheit
50	der	Gegensatz
50	der	Abend
50	Der	Tag
49	der	Stunde
49	der	Regen
49	der	Priester
49	der	Landstraße
49	der	Kehle
49	der	Gärtner
48	der	Sittlichkeit
48	der	Oberfläche
48	der	Mühe
48	der	Jagd
48	der	Firma
48	Der	Major
48	Der	Gedanke
48	Der	Baron
47	der	Zunge
47	der	Schafe
47	der	Residenz
47	der	Kritik
47	der	Angst
46	der	Worte
46	der	Meister
46	der	Jüngling
46	der	Ehre
46	der	Bruder
46	Der	Fürst
45	der	Totalität
45	der	Handlung
45	der	Existenz
44	der	Zweck
44	der	Zufall
44	der	Staat
44	der	Schein
44	der	Konrektor
44	der	Geburt
44	der	Cultur
43	der	Sandmann
43	der	Registrator
43	der	Philosoph
43	der	Mengstraße
43	der	Götter
43	der	Gedanken
43	der	Führer
43	der	Einsamkeit
43	der	Dämmerung
43	der	Bürgermeister
43	der	Bäume
42	der	Uhr
42	der	Morgen
42	der	Metaphysik
42	der	Finsternis
42	der	Bank
42	der	Aufklärung
42	Der	Student
42	Der	Propst
41	der	Wirkung
41	der	Utopier
41	der	Tiere
41	der	Großherzog
41	der	Bühne
41	der	Beobachtung
41	Der	Mond
40	der	Schnee
40	der	Schlacht
40	der	Nebel
40	der	Hutmacher
40	der	Haddedihn
40	der	Dame
39	der	Zwerg
39	der	Wirt
39	der	Schlaf
39	der	Prinzessin
39	der	Platz
39	der	Pastor
39	der	Krankheit
39	der	Kategorie
39	der	Grundsätze
39	der	Gewißheit
39	der	Furcht
39	der	Freiherr
39	der	Bibel
38	der	Storch
38	der	Schöpfung
38	der	Ort
38	der	Heiligen
38	der	Baronin
38	Der	Wind
37	der	Zensur
37	der	Wahrnehmungen
37	der	Veranda
37	der	Phantasie
37	der	Nachbarschaft
37	der	Greif
37	der	Gewalt
37	der	Gemeinschaft
37	der	Deutung
37	der	Anwendung
36	der	Verurteilte
36	der	Tochter
36	der	Männer
36	der	Mund
36	der	Hut
36	der	Haustür
36	der	Darstellung
36	der	Brücke
36	der	Breiten
36	der	Außenwelt
36	Der	Graf
35	der	Zeitung
35	der	Vorsitzende
35	der	Voraussetzung
35	der	Verzweiflung
35	der	Urteilskraft
35	der	Streit
35	der	Richter
35	der	Kräfte
35	der	Herren
35	der	Gouverneur
35	der	Glanz
35	der	Flut
35	der	Erwartung
35	der	Erklärung
35	der	Entwicklung
35	Der	Professor
35	Der	Krieg
34	der	Vorhang
34	der	Tante
34	der	Schwere
34	der	Riese
34	der	Psychologie
34	der	Lampe
34	der	Kranken
34	der	Kompagnie
34	der	Kleine
34	der	Gebrauch
34	der	Entfernung
34	der	Bienen
34	Der	Satz
33	der	Zeiten
33	der	Woche
33	der	Unterhaltung
33	der	Ton
33	der	Schlüssel
33	der	Rückkehr
33	der	Lärm
33	der	Lehre
33	der	Ideen
33	der	Hütte
33	der	Herzog
33	der	Haut
33	der	Burgunden
33	der	Betrachtung
33	der	Assessor
33	der	Analogie
33	Der	Reisende
33	Der	Raum
33	Der	Hauptmann
32	der	Überzeugung
32	der	Stein
32	der	Regressus
32	der	Maschine
32	der	Markgraf
32	der	Leidenschaft
32	der	Kerl
32	der	Garten
32	der	Ewigkeit
32	der	Einsicht
32	der	Bär
32	der	Berge
31	der	Wiese
31	der	Verknüpfung
31	der	Teilung
31	der	Oper
31	der	Leiche
31	der	Fischer
31	der	Beweis
31	der	Ausführung
31	der	Augenblick
31	Der	Teufel
30	der	Zustand
30	der	Wein
30	der	Sterne
30	der	Sphäre
30	der	Schatten
30	der	Ruhe
30	der	Republik
30	der	Rechten
30	der	Rauch
30	der	Politik
30	der	Logik
30	der	Landschaft
30	der	Kammer
30	der	General
30	der	Freundschaft
30	der	Blitz
30	Der	Sultan
30	Der	Geheimrath
29	der	Widerspruch
29	der	Unmöglichkeit
29	der	Scheide
29	der	Revolution
29	der	Knecht
29	der	Kette
29	der	Hofrat
29	der	Hitze
29	der	Gottheit
29	der	Gott
29	der	Fahrt
29	der	Atem
29	Der	Zug
29	Der	Sohn
29	Der	Maler
28	der	Zwecke
28	der	Wächter
28	der	Weiber
28	der	Ursachen
28	der	Umstand
28	der	Tragödie
28	der	Terrasse
28	der	Sie
28	der	Ritter
28	der	Persönlichkeit
28	der	Gesundheit
28	der	Gesetze
28	der	Gerechten
28	der	Gasse
28	der	Feinde
28	der	Erste
28	der	Einzelne
28	der	Einbildung
28	der	Ebene
28	der	Augen
28	der	Aufmerksamkeit
27	der	Wohnung
27	der	Verteidigung
27	der	Thüre
27	der	Sünde
27	der	Sultan
27	der	Schweiz
27	der	Schluß
27	der	Schar
27	der	Rache
27	der	Pflanze
27	der	Not
27	der	Momente
27	der	Länge
27	der	Jockele
27	der	Glückseligkeit
27	der	Gesang
27	der	Faust
27	der	Erzählung
27	der	Eilbote
27	der	Direktor
27	der	Dichtung
27	der	Beschaffenheit
27	der	Berg
27	der	Bedeutung
27	der	Affe
27	Der	Grund
27	Der	Doktor
26	der	Völker
26	der	Vollkommenheit
26	der	Vogel
26	der	Verschiedenheit
26	der	Untersuchung
26	der	Tätigkeit
26	der	Träumer
26	der	Substanzen
26	der	Storå
26	der	Sommer
26	der	Schwanz
26	der	Kälte
26	der	Kutscher
26	der	Hausfrau
26	der	Hauptstadt
26	der	Fülle
26	der	Einteilung
26	der	Börse
26	der	Behandlung
26	der	Beamte
26	der	Bahn
26	der	Ausdehnung
26	der	Auflösung
26	Der	Verstand
26	Der	Senator
26	Der	Knabe
26	Der	Fremde
26	Der	Bürgermeister
25	der	Wurzel
25	der	Wunscherfüllung
25	der	Winter
25	der	Verdrängung
25	der	Tage
25	der	Prüfung
25	der	Pferde
25	der	Mühle
25	der	Mama
25	der	Könige
25	der	Kranke
25	der	Helden
25	der	Hahn
25	der	Fabrikant
25	der	Erfüllung
25	der	Bestimmtheit
25	Der	Wirt
25	Der	Wagen
25	Der	Prinz
24	der	Verhältnisse
24	der	Verfasser
24	der	Schüler
24	der	Regeln
24	der	Philosophen
24	der	Papst
24	der	Oberst
24	der	Muth
24	der	Mangel
24	der	Linken
24	der	Leser
24	der	Kaffee
24	der	Häuser
24	der	Hochzeit
24	der	Gäste
24	der	Großen
24	der	Grausamkeit
24	der	Gleichheit
24	der	Gattung
24	der	Fels
24	der	Erfolg
24	der	Eitelkeit
24	der	Deutschen
24	der	Besitzer
24	der	Assoziation
24	der	Angeklagte
24	der	Abu
24	Der	Wirth
24	Der	Offizier
24	Der	Lehrer
24	Der	Inhalt
24	Der	Gegenstand
24	Der	Bauer
24	Der	Antinomie
24	Der	Anblick
23	der	Zufälligkeit
23	der	Wechsel
23	der	Villa
23	der	Veränderung
23	der	Unmittelbarkeit
23	der	Treue
23	der	Toten
23	der	Tisch
23	der	Szene
23	der	Strom
23	der	Stirne
23	der	Soldaten
23	der	Sehnsucht
23	der	Schuhmacher
23	der	Portier
23	der	Polizei
23	der	Pflanzen
23	der	Pfarrer
23	der	Nachricht
23	der	Mörder
23	der	Last
23	der	Hauptsache
23	der	Goetheschen
23	der	Glauben
23	der	Geistliche
23	der	Erregung
23	der	Elemente
23	der	Eindruck
23	der	Damen
23	der	Charakter
23	der	Bürger
23	der	Brief
23	der	Bischof
23	der	Arbeiter
23	Der	Unterschied
23	Der	Schüler
23	Der	Name
23	Der	Künstler
22	der	Wärme
22	der	Wildnis
22	der	Wahnsinn
22	der	Wahl
22	der	Verlust
22	der	Universität
22	der	Sieg
22	der	Scham
22	der	Ruf
22	der	Psychoanalyse
22	der	Partei
22	der	Nation
22	der	Konstruktion
22	der	Hof
22	der	Guten
22	der	Grundsatz
22	der	Große
22	der	Greis
22	der	Geruch
22	der	Gemeinde
22	der	Galerie
22	der	Freunde
22	der	Franzosen
22	der	Flucht
22	der	Faselhase
22	der	Farbe
22	der	Donner
22	der	Blumen
22	der	Besuch
22	der	Architekt
22	der	Araber
22	der	Andere
22	Der	Wille
22	Der	Hund
22	Der	Adler
21	der	Zwischenzeit
21	der	Zusammensetzung
21	der	Vollständigkeit
21	der	Vollendung
21	der	Verbindung
21	der	Urteile
21	der	Spur
21	der	Schwäche
21	der	Schrecken
21	der	Sarg
21	der	Oberlippe
21	der	Mut
21	der	Modalität
21	der	Lüge
21	der	Leiter
21	der	Leib
21	der	Inbegriff
21	der	Heunen
21	der	Herrlichkeit
21	der	Handlungen
21	der	Griechen
21	der	Gnade
21	der	Fürsten
21	der	Fremden
21	der	Fiedelspieler
21	der	Anschauungen
21	der	Ankunft
21	der	Allee
21	Der	Boden
20	der	Zweite
20	der	Würde
20	der	Witwe
20	der	Wirth
20	der	Swinegel
20	der	Saal
20	der	Ruhm
20	der	Reproduktion
20	der	Recken
20	der	Naturwissenschaft
20	der	Löwe
20	der	Krone
20	der	Kapellmeister
20	der	Jahre
20	der	Hysterie
20	der	Güte
20	der	Gruppe
20	der	Grube
20	der	Geometrie
20	der	Fuß
20	der	Flamme
20	der	Esel
20	der	Deutsche
20	der	Begierde
20	der	Autoren
20	der	Aufgabe
20	der	Antwort
20	der	Abreise
20	Der	Träumer
20	Der	Herzog
20	Der	Gouverneur
19	der	Zorn
19	der	Zinnsoldat
19	der	Wut
19	der	Widder
19	der	Vögel
19	der	Verkehr
19	der	Verachtung
19	der	Umgebung
19	der	Sünder
19	der	Strafe
19	der	Stiege
19	der	Sitte
19	der	Sieger
19	der	Quelle
19	der	Quell
19	der	Pforte
19	der	Mönch
19	der	Literatur
19	der	Laube
19	der	Kreis
19	der	Kapelle
19	der	Harnröhre
19	der	Halle
19	der	Glieder
19	der	Geliebten
19	der	Garderobe
19	der	Freundin
19	der	Feldherr
19	der	Burg
19	der	Anlage
19	Der	Soldat
19	Der	Platz
19	Der	Jüngling
19	Der	Hase
19	Der	Gänserich
19	Der	Erfolg
19	Der	Dichter
19	Der	Abend
18	der	Zusammenhang
18	der	Wunde
18	der	Vereinigung
18	der	Transzendentalphilosophie
18	der	Theorie
18	der	Stolz
18	der	Sitten
18	der	Sicherheit
18	der	Rückseite
18	der	Reiter
18	der	Qualität
18	der	Prinzipien
18	der	Obrigkeit
18	der	Mittel
18	der	Miene
18	der	Marwitz
18	der	Leinwand
18	der	Kultur
18	der	Kronprinz
18	der	Kleinen
18	der	Kern
18	der	Jäger
18	der	Jungfrau
18	der	Hunger
18	der	Herzogin
18	der	Gewohnheit
18	der	Gast
18	der	Frühe
18	der	Feder
18	der	Erziehung
18	der	Entdeckung
18	der	Eisenbahn
18	der	Einfachheit
18	der	Chef
18	der	Bärenvater
18	der	Bub
18	der	Braut
18	der	Blüte
18	der	Bevölkerung
18	der	Besitz
18	der	Bediente
18	der	Baronesse
18	der	Affekte
18	Der	Großherzog
18	Der	General
18	Der	Feind
17	der	Wollust
17	der	Willkür
17	der	Wahrsager
17	der	Umgegend
17	der	Tatsache
17	der	Säulenhalle
17	der	Symbolik
17	der	Strategie
17	der	Stoff
17	der	Stellung
17	der	Sitzung
17	der	Schöpfer
17	der	Sachen
17	der	Prokurist
17	der	Pension
17	der	Objekte
17	der	Messe
17	der	Lohn
17	der	Kommissär
17	der	Kanzel
17	der	Instinkt
17	der	Identität
17	der	Hügel
17	der	Hausherr
17	der	Gruft
17	der	Gattin
17	der	Forderung
17	der	Erhaltung
17	der	Erhabene
17	der	Entstehung
17	der	Elch
17	der	Diele
17	der	Chaussee
17	der	Beurteilung
17	der	Annahme
17	Der	Wald
17	Der	Sturm
17	Der	Scheik
17	Der	Kutscher
17	Der	Fluß
17	Der	Engländer
16	der	Übergang
16	der	Öffentlichkeit
16	der	Wissenschaften
16	der	Wirkungen
16	der	Weltgeschichte
16	der	Wache
16	der	Versuchung
16	der	Verfolgung
16	der	Verdacht
16	der	Ursprung
16	der	Städte
16	der	Spezifikation
16	der	Schuld
16	der	Schrift
16	der	Rudolf
16	der	Reichtum
16	der	Reflexion
16	der	Rasse
16	der	Präsident
16	der	Preis
16	der	Patriarch
16	der	Nerven
16	der	Neigung
16	der	Naturursachen
16	der	Milch
16	der	Mannigfaltigkeit
16	der	Makler
16	der	Lauf
16	der	Kolonie
16	der	Klugheit
16	der	Kapitän
16	der	Glut
16	der	Erkenntnisse
16	der	Erfahrungen
16	der	Entwickelung
16	der	Entscheidung
16	der	Elf
16	der	Eile
16	der	Donau
16	der	Dachs
16	der	Bücher
16	der	Bursche
16	der	Blume
16	der	Bemerkung
16	der	Behauptung
16	der	Befriedigung
16	der	Bande
16	der	Autor
16	der	Aufenthalt
16	der	Ateïbeh
16	der	Armut
16	der	Armen
16	der	Antithesis
16	Der	Vogel
16	Der	Saal
16	Der	Nebel
16	Der	Mutter
16	Der	Morgen
16	Der	Leutnant
16	Der	Gott
16	Der	Glaube
16	Der	Frühling
16	Der	Diener
15	der	Übersetzung
15	der	Übereinstimmung
15	der	Wiege
15	der	Versuch
15	der	Unendlichkeit
15	der	Trieb
15	der	Tribüne
15	der	Trennung
15	der	Tanz
15	der	Taktik
15	der	Sukzession
15	der	Selbstständigkeit
15	der	Seelen
15	der	Schweiß
15	der	Schammar
15	der	Schaffende
15	der	Rechte
15	der	Qual
15	der	Pöbel
15	der	Posten
15	der	Papa
15	der	Ostsee
15	der	Nibelungen
15	der	Neurosen
15	der	Mädchen
15	der	Mode
15	der	Masse
15	der	Maske
15	der	Maria
15	der	Lektüre
15	der	Landwirtschaft
15	der	Lady
15	der	Ideenwelt
15	der	Haß
15	der	Haltung
15	der	Güter
15	der	Gouvernementsstadt
15	der	Gestalten
15	der	Fut
15	der	Fische
15	der	Fenster
15	der	Erden
15	der	Ephorus
15	der	Eifersucht
15	der	Däumling
15	der	Duft
15	der	Du
15	der	Denkungsart
15	der	Dankbarkeit
15	der	Bräutigam
15	der	Bitte
15	der	Bestimmungen
15	der	Asche
15	der	Arme
15	der	Anstalt
15	der	Anselmus
15	der	Anführer
15	der	Akademie
15	der	Abstraktion
15	Der	Schuhmacher
15	Der	Schmerz
15	Der	Schlaf
15	Der	Präsident
15	Der	Meister
15	Der	Ausdruck
14	der	Übermensch
14	der	Zuschauer
14	der	Werthe
14	der	Waldhornist
14	der	Verehrung
14	der	Theologie
14	der	Stärke
14	der	Spiegel
14	der	Sonnenschein
14	der	Seligkeit
14	der	Schtscherbazkiy
14	der	Schneekönigin
14	der	Schmied
14	der	Sage
14	der	Römer
14	der	Rolle
14	der	Richtigkeit
14	der	Rest
14	der	Reihen
14	der	Punkt
14	der	Presse
14	der	Pflege
14	der	Pascha
14	der	Onkel
14	der	Netziger
14	der	Mathematiker
14	der	Mahlzeit
14	der	Liebenden
14	der	Kleidung
14	der	Kaufmann
14	der	Katze
14	der	Kardinal
14	der	Kameraden
14	der	Hände
14	der	Heilige
14	der	Gelegenheit
14	der	Gefangenen
14	der	Gebärmutter
14	der	Gang
14	der	Flasche
14	der	Feste
14	der	Erzeugung
14	der	Domina
14	der	Dienst
14	der	Beharrlichkeit
14	der	Begebenheiten
14	der	Bau
14	der	Ausübung
14	der	Aufforderung
14	der	Atmosphäre
14	der	Anwesenden
14	der	Anlaß
14	der	Ableitung
14	Der	Zwerg
14	Der	Patriarch
14	Der	Kopf
14	Der	Held
14	Der	Blick
14	Der	Beweis
13	der	Ökonomie
13	der	Zeuge
13	der	Zeitreihe
13	der	Wildgänse
13	der	Wahehe
13	der	Vorteil
13	der	Vorhalle
13	der	Veränderungen
13	der	Verwalter
13	der	Versammlung
13	der	Urheber
13	der	Unlust
13	der	Ungerechtigkeit
13	der	Umstände
13	der	Tote
13	der	Tempelherr
13	der	Teil
13	der	Taille
13	der	Suche
13	der	Straßen
13	der	Spekulation
13	der	Sorge
13	der	Seinen
13	der	Schädel
13	der	Schlange
13	der	Schenke
13	der	Rose
13	der	Predigt
13	der	Poesie
13	der	Papagei
13	der	Oberleutnant
13	der	Negation
13	der	Naturforscher
13	der	Methode
13	der	Mannschaft
13	der	Majestät
13	der	Liebsten
13	der	Lauer
13	der	Königstochter
13	der	Kenntnis
13	der	Kathedrale
13	der	Kater
13	der	Katechet
13	der	Individuen
13	der	Indianer
13	der	Harmonie
13	der	Guillotine
13	der	Gründe
13	der	Großonkel
13	der	Gesinnung
13	der	Genuß
13	der	Genesung
13	der	Gefangenschaft
13	der	Fährmann
13	der	Freitreppe
13	der	Fortpflanzung
13	der	Formen
13	der	Ernte
13	der	Einrichtung
13	der	Einladung
13	der	Einfluß
13	der	Einfahrt
13	der	Ehrgeiz
13	der	Durst
13	der	Deduktion
13	der	Deckel
13	der	Bürgerschaft
13	der	Beute
13	der	Berliner
13	der	Bericht
13	der	Beobachter
13	der	Bearbeitung
13	der	Aufregung
13	der	Armee
13	Der	Zweck
13	Der	Wunsch
13	Der	Regen
13	Der	Portier
13	Der	Liebe
13	Der	Gegner
13	Der	Archivarius
12	der	Ärzte
12	der	Älteste
12	der	Zweifel
12	der	Zustände
12	der	Zelle
12	der	Zeitfolge
12	der	Wärter
12	der	Wolken
12	der	Wiener
12	der	Weltgröße
12	der	Weisen
12	der	Waldhüter
12	der	Väter
12	der	Vorstadt
12	der	Vogt
12	der	Verwandtschaft
12	der	Verteidiger
12	der	Vernunftschlüsse
12	der	Urpflanze
12	der	Unteroffizier
12	der	Träger
12	der	Traumentstellung
12	der	Thesis
12	der	Stärkere
12	der	Stimmung
12	der	Spinne
12	der	Schneemann
12	der	Schlag
12	der	Schall
12	der	Satan
12	der	Sand
12	der	Runde
12	der	Rektor
12	der	Regression
12	der	Reflexionsbegriffe
12	der	Prozeß
12	der	Provinz
12	der	Plan
12	der	Peitsche
12	der	Obersatz
12	der	Nachbar
12	der	Meinungen
12	der	Mehrzahl
12	der	Maßstab
12	der	Marienkirche
12	der	Linie
12	der	Linde
12	der	Letzte
12	der	Kommandant
12	der	Kiste
12	der	Keim
12	der	Kaserne
12	der	Hüfte
12	der	Hornissen
12	der	Herbst
12	der	Henker
12	der	Heide
12	der	Hals
12	der	Grösse
12	der	Großvater
12	der	Geschwindigkeit
12	der	Geschmack
12	der	Gemeine
12	der	Gatte
12	der	Früchte
12	der	Frömmigkeit
12	der	Figur
12	der	Fassung
12	der	Exposition
12	der	Ernst
12	der	Einschränkung
12	der	Ehrfurcht
12	der	Drang
12	der	Dodo
12	der	Dingheit
12	der	Deutungsarbeit
12	der	Christ
12	der	Buddha
12	der	Buddenbrooks
12	der	Biziukina
12	der	Bewunderung
12	der	Beschreibung
12	der	Bahre
12	der	Annäherung
12	der	Anhöhe
12	der	Angelegenheit
12	der	Analytik
12	der	Abhängigkeit
12	der	Abgrund
12	Der	Sinn
12	Der	Ort
12	Der	Kerl
12	Der	Esel
12	Der	Bruder
12	Der	Bote
11	der	Zerstörung
11	der	Zergliederung
11	der	Zeiger
11	der	Zauber
11	der	Wirtschaft
11	der	Widerschein
11	der	Wert
11	der	Wege
11	der	Wange
11	der	Vorgang
11	der	Vorfahren
11	der	Verwaltung
11	der	Vergleichung
11	der	Vergessenheit
11	der	Unterschiede
11	der	Unschuld
11	der	Unruhe
11	der	Träumerin
11	der	Traumprobleme
11	der	Tapete
11	der	Strenge
11	der	Strahl
11	der	Stadtpfarrer
11	der	Speisen
11	der	Sozialdemokratie
11	der	Schwestern
11	der	Schweif
11	der	Schiffer
11	der	Schale
11	der	Schachtel
11	der	Rock
11	der	Ring
11	der	Reue
11	der	Pubertät
11	der	Psychoneurosen
11	der	Pistole
11	der	Personen
11	der	Pause
11	der	Noth
11	der	Nachwelt
11	der	Mündung
11	der	Mitteilung
11	der	Mauern
11	der	Liebling
11	der	Leichnam
11	der	Kommissar
11	der	Kettenhund
11	der	Jammer
11	der	Irrtum
11	der	Inspektor
11	der	Herrin
11	der	Hauptstraße
11	der	Gestaltung
11	der	Geistlichkeit
11	der	Gehülfe
11	der	Gabel
11	der	Friede
11	der	Fortschritt
11	der	Felsen
11	der	Fabrik
11	der	Exekution
11	der	Erlösung
11	der	Ereignisse
11	der	Erd
11	der	Entfremdung
11	der	Ekel
11	der	Eingang
11	der	Eine
11	der	Eindrücke
11	der	Dschesidi
11	der	Bibliothek
11	der	Bauern
11	der	Arm
11	der	Amme
11	der	Advokat
11	der	Abfahrt
11	Der	Zaubrer
11	Der	Vorsitzende
11	Der	Stein
11	Der	Rauch
11	Der	Pastor
11	Der	Knecht
11	Der	Hof
11	Der	Grundsatz
11	Der	Geistliche
11	Der	Garten
11	Der	Fall
11	Der	Eindruck
11	Der	Bursche
10	der	Zeitpunkt
10	der	Zahn
10	der	Wände
10	der	Wolke
10	der	Wiesen
10	der	Werkstatt
10	der	Weltordnung
10	der	Wekil
10	der	Vorsteher
10	der	Vorsatz
10	der	Verwundeten
10	der	Verstorbenen
10	der	Verstandeserkenntnis
10	der	Vernichtung
10	der	Verdichtung
10	der	Unterwelt
10	der	Unterredung
10	der	Unsterblichkeit
10	der	Uniform
10	der	Ueberzeugung
10	der	Täuschung
10	der	Tyrannei
10	der	Triebe
10	der	Tiger
10	der	Text
10	der	Taufe
10	der	Stufen
10	der	Strömung
10	der	Staub
10	der	Stabsarzt
10	der	Staatsmacht
10	der	Speise
10	der	Situation
10	der	Selbst
10	der	Sekunde
10	der	Schmerzen
10	der	Schlucht
10	der	Schlitten
10	der	Schleier
10	der	Schatz
10	der	Samen
10	der	Salamander
10	der	Saft
10	der	Reiz
10	der	Reinheit
10	der	Recke
10	der	Rechtschaffenheit
10	der	Prophet
10	der	Post
10	der	Polizist
10	der	Orgel
10	der	Obeïde
10	der	Nutzen
10	der	Neid
10	der	Nachkommen
10	der	Mächtigen
10	der	Morgensonne
10	der	Mission
10	der	Mantel
10	der	Magen
10	der	Lilie
10	der	Lektion
10	der	Leitung
10	der	Lappe
10	der	Käfer
10	der	Kooperator
10	der	Klang
10	der	Kirchen
10	der	Karte
10	der	Kammerdiener
10	der	Kajüte
10	der	Jungen
10	der	Jugendzeit
10	der	Inschrift
10	der	Hunde
10	der	Horizont
10	der	Herberge
10	der	Heiden
10	der	Göttin
10	der	Größen
10	der	Glockengießerstraße
10	der	Gipfel
10	der	Gewissenhafte
10	der	Geschäfte
10	der	Germanen
10	der	Gegenständlichkeit
10	der	Gefühle
10	der	Gefangene
10	der	Gattungen
10	der	Führung
10	der	Fuluälf
10	der	Fortgang
10	der	Flieger
10	der	Fischergrube
10	der	Fisch
10	der	Erweiterung
10	der	Ernährung
10	der	Enthusiast
10	der	Enge
10	der	Empfindungen
10	der	Eichel
10	der	Dialektik
10	der	Chemie
10	der	Buschen
10	der	Bude
10	der	Brauch
10	der	Bote
10	der	Boma
10	der	Bock
10	der	Beste
10	der	Berührung
10	der	Beischlaf
10	der	Beifall
10	der	Begeisterung
10	der	Befreiung
10	der	Auserwählten
10	der	Auserwählte
10	der	Augenschein
10	der	Aufschrift
10	der	Antinomie
10	der	Anderen
10	der	Adel
10	Der	Wärter
10	Der	Stern
10	Der	See
10	Der	Richter
10	Der	Philosoph
10	Der	Oberleutnant
10	Der	Leser
10	Der	Kreis
10	Der	Kampf
10	Der	Fuchs
10	Der	Freund
10	Der	Eine
10	Der	Brief
10	Der	Bischof
10	Der	Assessor
10	Der	Abschied
9	der	Ästhetik
9	der	Ähnlichkeit
9	der	Ägypter
9	der	Zähne
9	der	Zwang
9	der	Wälder
9	der	Wanderer
9	der	Veste
9	der	Verwirrung
9	der	Verwandten
9	der	Verwandlung
9	der	Verstandesbegriffe
9	der	Veronika
9	der	Vernunftbegriff
9	der	Verlegenheit
9	der	Vergänglichkeit
9	der	Unterscheidung
9	der	Trippelli
9	der	Traumzensur
9	der	Traumbilder
9	der	Tradition
9	der	Tau
9	der	Tagesordnung
9	der	Sänger
9	der	Stände
9	der	Strasse
9	der	Steine
9	der	Stamm
9	der	Staatsanwaltschaft
9	der	Spaß
9	der	Spannung
9	der	Selbstsucht
9	der	Segen
9	der	Seemann
9	der	Schwangerschaft
9	der	Schreiber
9	der	Schnelligkeit
9	der	Schneider
9	der	Schmetterling
9	der	Schiffe
9	der	Schauplatz
9	der	Schande
9	der	Schaden
9	der	Scene
9	der	Sandbank
9	der	Rittmeister
9	der	Riesen
9	der	Renaissance
9	der	Religionen
9	der	Reisenden
9	der	Rechnung
9	der	Rampe
9	der	Puls
9	der	Praxis
9	der	Plattform
9	der	Pfanne
9	der	Pfad
9	der	Patientin
9	der	Patient
9	der	Pater
9	der	Pariser
9	der	Ordinarius
9	der	Oheim
9	der	Nützlichkeit
9	der	Neurose
9	der	Nachforschung
9	der	Motor
9	der	Moment
9	der	Mitgift
9	der	Minister
9	der	Menschenfresser
9	der	Maschinenmeister
9	der	Malteser
9	der	Lichter
9	der	Leidenschaften
9	der	Lehne
9	der	Künste
9	der	Kühne
9	der	Kur
9	der	Kuppel
9	der	Kontinuität
9	der	Konditorei
9	der	Knechtschaft
9	der	Kellner
9	der	Kavalier
9	der	Kahn
9	der	Jude
9	der	Italiener
9	der	Herrschsucht
9	der	Heiterkeit
9	der	Hauch
9	der	Hast
9	der	Handschrift
9	der	Gutsbesitzer
9	der	Grad
9	der	Graben
9	der	Genius
9	der	Geige
9	der	Geheimräthin
9	der	Geduld
9	der	Fälle
9	der	Fortsetzung
9	der	Flammen
9	der	Fehler
9	der	Falschheit
9	der	Erleichterung
9	der	Erfindung
9	der	Enttäuschung
9	der	Entschluß
9	der	Elbe
9	der	Egge
9	der	Edle
9	der	Dritte
9	der	Division
9	der	Dieb
9	der	Definition
9	der	Dauer
9	der	Chor
9	der	Butter
9	der	Buchweizen
9	der	Bosheit
9	der	Bengel
9	der	Befruchtung
9	der	Befolgung
9	der	Beamten
9	der	Bann
9	der	Bach
9	der	Autorität
9	der	Apotheke
9	der	Anna
9	der	Andacht
9	der	Alles
9	der	Adjutant
9	der	Abstand
9	der	Abstammung
9	Der	Zustand
9	Der	Wein
9	Der	Wanderer
9	Der	Waldhüter
9	Der	Verfasser
9	Der	Ton
9	Der	Sonne
9	Der	Schluß
9	Der	Plan
9	Der	Pascha
9	Der	Oberst
9	Der	Käfer
9	Der	Kooperator
9	Der	Kapitän
9	Der	Hut
9	Der	Gärtner
9	Der	Großvezier
9	Der	Erde
9	Der	Direktor
9	Der	Deutsche
9	Der	Augenblick
8	der	Ältere
8	der	Zelte
8	der	Zeitbestimmung
8	der	Würdigung
8	der	Wolf
8	der	Weste
8	der	Weltlauf
8	der	Wellen
8	der	Waffen
8	der	Waffe
8	der	Vorzeit
8	der	Vorsehung
8	der	Versöhnung
8	der	Versicherung
8	der	Verfassung
8	der	Vegetation
8	der	Unwissenheit
8	der	Unterlippe
8	der	Unglückliche
8	der	Ungewißheit
8	der	Unabhängigkeit
8	der	Typus
8	der	Trübsal
8	der	Trägheit
8	der	Truppe
8	der	Tropfen
8	der	Traumvorgänge
8	der	Traumelemente
8	der	Trauer
8	der	Transzendental
8	der	Toilette
8	der	Tannenbaum
8	der	Sturmwind
8	der	Stuhl
8	der	Strecke
8	der	Stier
8	der	Stern
8	der	Stechlin
8	der	Stand
8	der	Stadtbahn
8	der	Sitz
8	der	Sinnesorgane
8	der	Sense
8	der	Schüssel
8	der	Schürze
8	der	Schwierigkeit
8	der	Schwermuth
8	der	Schwerkraft
8	der	Schutzmann
8	der	Schuster
8	der	Schritt
8	der	Schlafzustand
8	der	Scheibe
8	der	Schauspieler
8	der	Schaum
8	der	Sappho
8	der	Sandal
8	der	Samanas
8	der	Räuber
8	der	Rue
8	der	Romantik
8	der	Reïs
8	der	Relation
8	der	Redakteur
8	der	Rechtsanwalt
8	der	Rausch
8	der	Rasen
8	der	Postmeisterin
8	der	Polizeichef
8	der	Platte
8	der	Plantage
8	der	Place
8	der	Piazza
8	der	Physik
8	der	Partie
8	der	Park
8	der	Organisation
8	der	Ohnmacht
8	der	Ofen
8	der	Nemsi
8	der	Neffe
8	der	Naturforschung
8	der	Naturerkenntnis
8	der	Natter
8	der	Nachmittag
8	der	Mütze
8	der	Morgendämmerung
8	der	Mord
8	der	Mittelpunkt
8	der	Melodie
8	der	Medizin
8	der	Medici
8	der	Materien
8	der	Mai
8	der	Lotsenkommandeur
8	der	Loge
8	der	Linien
8	der	Lebhaftigkeit
8	der	Laterne
8	der	Kürze
8	der	Körperwelt
8	der	Köchin
8	der	Kuchen
8	der	Kondom
8	der	Koch
8	der	Knulp
8	der	Knoten
8	der	Knaben
8	der	Kinderstube
8	der	Jagdstaffel
8	der	Irrthum
8	der	Instinkte
8	der	Inhärenz
8	der	Infanterie
8	der	Ihren
8	der	Idealismus
8	der	Hölzerne
8	der	Härte
8	der	Heuernte
8	der	Heirat
8	der	Gurgel
8	der	Gründlichkeit
8	der	Grundlage
8	der	Grashüpfer
8	der	Grafschaft
8	der	Gottlose
8	der	Glastür
8	der	Geselle
8	der	Geschlechtstrieb
8	der	Geschlechter
8	der	Geliebte
8	der	Gaben
8	der	Fähre
8	der	Fußboden
8	der	Freigebigkeit
8	der	Freier
8	der	Fragen
8	der	Folgen
8	der	Fluch
8	der	Feindschaft
8	der	Feier
8	der	Farben
8	der	Fabel
8	der	Europäer
8	der	Ertrag
8	der	Erniedrigung
8	der	Erkenntniskraft
8	der	Erdoberfläche
8	der	Entzweiung
8	der	Enthaltsamkeit
8	der	Endzweck
8	der	Empörung
8	der	Einwohner
8	der	Einsame
8	der	Deutlichkeit
8	der	Chromosomen
8	der	Christen
8	der	Chinese
8	der	Bucht
8	der	Brüder
8	der	Bogen
8	der	Beweisgründe
8	der	Besorgnis
8	der	Besetzung
8	der	Begleiter
8	der	Beginn
8	der	Befehl
8	der	Bedrückung
8	der	Batterie
8	der	Barriere
8	der	Auswahl
8	der	Aufsicht
8	der	Apparat
8	der	Ansteckung
8	der	Anatomie
8	der	Ahnung
8	der	Affinität
8	der	Absurdität
8	der	Abschied
8	der	Abendsonne
8	der	Abenddämmerung
8	Der	Zeit
8	Der	Winter
8	Der	Verurteilte
8	Der	Tote
8	Der	Text
8	Der	Starke
8	Der	Sieg
8	Der	Schweiß
8	Der	Schatten
8	Der	Sandmann
8	Der	Ritter
8	Der	Rest
8	Der	Oheim
8	Der	Leib
8	Der	Konrektor
8	Der	Kommissär
8	Der	Gesang
8	Der	Gast
8	Der	Führer
8	Der	Bräutigam
8	Der	Berg
8	Der	Anfang
7	der	Übung
7	der	Zuhörer
7	der	Zivilbevölkerung
7	der	Zeugung
7	der	Wonne
7	der	Winde
7	der	Wiederkehr
7	der	Wessenburg
7	der	Wesen
7	der	Werth
7	der	Werke
7	der	Weite
7	der	Warnung
7	der	Wangen
7	der	Vorhaut
7	der	Vorgänge
7	der	Vollmond
7	der	Vielheit
7	der	Verzeihung
7	der	Verwunderung
7	der	Verworrenheit
7	der	Verwesung
7	der	Verbindlichkeit
7	der	Untersatz
7	der	Untergang
7	der	Ungläubigen
7	der	Ungleichheit
7	der	Umfang
7	der	Türschwelle
7	der	Türkei
7	der	Töne
7	der	Tänzer
7	der	Tyrann
7	der	Truppen
7	der	Tom
7	der	Tempel
7	der	Tee
7	der	Tapferkeit
7	der	Table
7	der	Substantialität
7	der	Stühle
7	der	Strand
7	der	Stock
7	der	Sterblichen
7	der	Starke
7	der	Stadthauptmann
7	der	Sprecher
7	der	Spanier
7	der	Sklaven
7	der	Sklave
7	der	Skeptizismus
7	der	Skepsis
7	der	Senat
7	der	Seligkeiten
7	der	Selbsterhaltung
7	der	Seiten
7	der	Seinigen
7	der	Sechste
7	der	Schwägerin
7	der	Schwachen
7	der	Schuß
7	der	Schrei
7	der	Schnabel
7	der	Schmuck
7	der	Schmach
7	der	Schlüsse
7	der	Scheïtan
7	der	Schade
7	der	Same
7	der	Rührung
7	der	Rätin
7	der	Ringe
7	der	Rhein
7	der	Rezeptivität
7	der	Reichen
7	der	Reiche
7	der	Rat
7	der	Pyramide
7	der	Präsidentin
7	der	Physiologie
7	der	Pflichten
7	der	Perspektive
7	der	Periode
7	der	Palmbäume
7	der	Palast
7	der	Näh
7	der	Nonne
7	der	Niederlage
7	der	Neuzeit
7	der	Neurotiker
7	der	Neugier
7	der	Naturnotwendigkeit
7	der	Nationen
7	der	Nahrung
7	der	Nachkommenschaft
7	der	Möbel
7	der	Monographie
7	der	Mißdeutung
7	der	Metamorphose
7	der	Menschlichkeit
7	der	Menschenliebe
7	der	Mechanik
7	der	Mars
7	der	Malerei
7	der	Madame
7	der	Löwen
7	der	Lösung
7	der	Lunge
7	der	List
7	der	Lippen
7	der	Lippe
7	der	Liebende
7	der	Lieb
7	der	Langeweile
7	der	Kunde
7	der	Kuh
7	der	Krämer
7	der	Kriemhilde
7	der	Kriegführung
7	der	Kommode
7	der	Kommissarius
7	der	Knab
7	der	Kinderzeit
7	der	Kerzen
7	der	Kante
7	der	Jumbe
7	der	Jesuiten
7	der	Internet
7	der	Intensität
7	der	Ihnen
7	der	Idealität
7	der	Hälfte
7	der	Hostienbäckerin
7	der	Hofkirche
7	der	Hochzeitsreise
7	der	Hirten
7	der	Hirt
7	der	Hinrichtung
7	der	Herkunft
7	der	Hecke
7	der	Hausarzt
7	der	Gänse
7	der	Großmutter
7	der	Großherzogin
7	der	Grenzen
7	der	Grammatik
7	der	Goethe
7	der	Gläubigen
7	der	Geschwornen
7	der	Gerechte
7	der	Generalin
7	der	Gefreite
7	der	Gefallenen
7	der	Gebieter
7	der	Gardine
7	der	Garde
7	der	Gans
7	der	Füsilier
7	der	Frost
7	der	Fiedelmann
7	der	Feierlichkeit
7	der	Farbenlehre
7	der	Fahne
7	der	Expedition
7	der	Erzähler
7	der	Erwähnung
7	der	Eroberung
7	der	Erkennende
7	der	Erdboden
7	der	Erbschaft
7	der	Energie
7	der	Ejakulation
7	der	Einwirkung
7	der	Einnahme
7	der	Ebbe
7	der	Druck
7	der	Dichtkunst
7	der	Der
7	der	Denkkraft
7	der	Denker
7	der	Dampfer
7	der	Dampf
7	der	Champagne
7	der	Brunnen
7	der	Bronzene
7	der	Brandung
7	der	Blätter
7	der	Blumenelf
7	der	Bilder
7	der	Beziehungen
7	der	Bey
7	der	Beutel
7	der	Bestrafung
7	der	Beschämung
7	der	Begegnung
7	der	Begebenheit
7	der	Baumeister
7	der	Badeanstalt
7	der	Aussicht
7	der	Ausländer
7	der	Ausführlichkeit
7	der	Aufstand
7	der	Auffassung
7	der	Arten
7	der	Apfelzweig
7	der	Antike
7	der	Anteil
7	der	Anstrengung
7	der	Anschein
7	der	Angriff
7	der	Angreifende
7	der	Anekdote
7	der	Analysis
7	der	Amtmann
7	der	Allmacht
7	der	Abwehr
7	der	Aberglaube
7	Der	Übergang
7	Der	Ärmste
7	Der	Zufall
7	Der	Vorteil
7	Der	Verwalter
7	Der	Umstand
7	Der	Tempelherr
7	Der	Tempel
7	Der	Streit
7	Der	Stadtpfarrer
7	Der	Stabsarzt
7	Der	Sperling
7	Der	Schneider
7	Der	Ruf
7	Der	Rittmeister
7	Der	Redakteur
7	Der	Rabe
7	Der	Preis
7	Der	Mörder
7	Der	Mut
7	Der	Maschinenmeister
7	Der	Marsch
7	Der	Körper
7	Der	Kapellmeister
7	Der	Indianer
7	Der	Herrin
7	Der	Henker
7	Der	Greis
7	Der	Glauben
7	Der	Glanz
7	Der	Freiherr
7	Der	Fischer
7	Der	Elf
7	Der	Dienst
7	Der	Charakter
7	Der	Bediente
7	Der	Baum
7	Der	Architekt
7	Der	Apostel
6	der	Überraschung
6	der	Zärtlichkeit
6	der	Zuneigung
6	der	Zucht
6	der	Zivilisation
6	der	Zimmer
6	der	Zeichner
6	der	Zar
6	der	Wünsche
6	der	Wölfe
6	der	Wunder
6	der	Wogen
6	der	Wirtin
6	der	Willen
6	der	Wiederholung
6	der	Westfront
6	der	Wendung
6	der	Welterscheinungen
6	der	Weltbegebenheiten
6	der	Welle
6	der	Wechselwirkung
6	der	Wanderschaft
6	der	Wahrnehmungswelt
6	der	Vorwurf
6	der	Vorstand
6	der	Vorschlag
6	der	Vorbereitung
6	der	Vierte
6	der	Vetter
6	der	Verstandesbegriff
6	der	Vernunftschluß
6	der	Vernunftgebrauch
6	der	Verlobung
6	der	Verkündigung
6	der	Verhandlung
6	der	Vererbung
6	der	Verantwortung
6	der	Unwahrheit
6	der	Unterschrift
6	der	Unterricht
6	der	Unsicherheit
6	der	Tåkern
6	der	Turm
6	der	Truhe
6	der	Trost
6	der	Tripper
6	der	Trave
6	der	Traurigkeit
6	der	Traumdarstellung
6	der	Tiber
6	der	Thätigkeit
6	der	Teppich
6	der	Technik
6	der	Sätze
6	der	Suppe
6	der	Steinhauer
6	der	Statthalter
6	der	Spruch
6	der	Spontaneität
6	der	Spamerschen
6	der	Somme
6	der	Sixtinischen
6	der	Sinnesart
6	der	Seuche
6	der	Seligen
6	der	Selbstbeobachtung
6	der	Schönen
6	der	Schätze
6	der	Schwarzen
6	der	Schwan
6	der	Schwager
6	der	Schulen
6	der	Schuldigen
6	der	Schuldige
6	der	Schriftsteller
6	der	Schreck
6	der	Schnurrbart
6	der	Schildkröte
6	der	Schilderung
6	der	Sammlung
6	der	Saison
6	der	Ruh
6	der	Revision
6	der	Respekt
6	der	Rekognition
6	der	Reinlichkeit
6	der	Reihenfolge
6	der	Reife
6	der	Regenzeit
6	der	Reeling
6	der	Redner
6	der	Rechtmäßigkeit
6	der	Rappe
6	der	Rangordnung
6	der	Quellen
6	der	Puppe
6	der	Prämissen
6	der	Pracht
6	der	Postillion
6	der	Planeten
6	der	Pietät
6	der	Pferdefuß
6	der	Peter
6	der	Peripherie
6	der	Pelz
6	der	Parteien
6	der	Palme
6	der	Organist
6	der	Organismus
6	der	Organismen
6	der	Oktober
6	der	Offenbarung
6	der	Oblonskiy
6	der	Oberförsterei
6	der	Nothwendigkeit
6	der	Neuteutonia
6	der	Neigungen
6	der	Neger
6	der	Naturordnung
6	der	Narr
6	der	Mühlenstraße
6	der	Müdigkeit
6	der	Märe
6	der	Märchen
6	der	Mälar
6	der	Musikant
6	der	Mondschein
6	der	Mohr
6	der	Mittag
6	der	Menschenvernunft
6	der	Meisestraße
6	der	Meinen
6	der	Marsch
6	der	Marquis
6	der	Magensaft
6	der	Magd
6	der	Madonna
6	der	Lollus
6	der	Logiker
6	der	Lichtung
6	der	Leichtsinn
6	der	Lebewesen
6	der	Landmann
6	der	Laie
6	der	Lackei
6	der	Kühle
6	der	Kuran
6	der	Kugel
6	der	Kommission
6	der	Kolonne
6	der	Knirps
6	der	Klemme
6	der	Klarheit
6	der	Klage
6	der	Keuschheit
6	der	Kellnerin
6	der	Kausalverknüpfung
6	der	Kausalverbindung
6	der	Kartoffeln
6	der	Kalk
6	der	Kaaba
6	der	Jubel
6	der	Jacke
6	der	Ihrigen
6	der	Höh
6	der	Höflichkeit
6	der	Höfe
6	der	Hypothesen
6	der	Hose
6	der	Hjälstabucht
6	der	Hexe
6	der	Heuchelei
6	der	Herzen
6	der	Herrschaften
6	der	Herrgott
6	der	Herde
6	der	Heimreise
6	der	Heiland
6	der	Heerde
6	der	Hausthür
6	der	Hang
6	der	Handel
6	der	Haken
6	der	Grüne
6	der	Großvezier
6	der	Gouvernante
6	der	Goltz
6	der	Glocken
6	der	Glocke
6	der	Gleichgültigkeit
6	der	Glaskugel
6	der	Gewinn
6	der	Gesunde
6	der	Gesetzgebung
6	der	Geschöpfe
6	der	Geschosse
6	der	Geschlechtsteile
6	der	Gesamtheit
6	der	Gesamtausgabe
6	der	Gelehrten
6	der	Geiz
6	der	Gebirge
6	der	Gatten
6	der	Gartenhütte
6	der	Funke
6	der	Frucht
6	der	Freuden
6	der	Freigeist
6	der	Franzose
6	der	Franken
6	der	Fliege
6	der	Fleischbrühe
6	der	Feuerlinie
6	der	Fasanerie
6	der	Farbenwelt
6	der	Familien
6	der	Evidenz
6	der	Euch
6	der	Etikette
6	der	Ersatz
6	der	Ermüdung
6	der	Erika
6	der	Ergebung
6	der	Erforschung
6	der	Erfahrungswelt
6	der	Erektion
6	der	Enthüllung
6	der	Entbehrung
6	der	Empirismus
6	der	Einzelnen
6	der	Einleitung
6	der	Eigenschaften
6	der	Eigenschaft
6	der	Ehrlichkeit
6	der	Effendi
6	der	Dummheit
6	der	Dogmatiker
6	der	Disziplin
6	der	Dienerschaft
6	der	Diebe
6	der	Despotismus
6	der	Demokratie
6	der	Dekomposition
6	der	Christenheit
6	der	Büchse
6	der	Buluk
6	der	Breitenstraße
6	der	Brahmane
6	der	Botschaft
6	der	Blinde
6	der	Bildsäule
6	der	Bettler
6	der	Besserung
6	der	Besonderheit
6	der	Beschießung
6	der	Beichte
6	der	Begierden
6	der	Bedenklichkeit
6	der	Baukunst
6	der	Ausspruch
6	der	Aussage
6	der	Ausgang
6	der	Auferstehung
6	der	Auerhahn
6	der	Artist
6	der	Arbeiten
6	der	Anmaassung
6	der	Anlagen
6	der	Amphibolie
6	der	Allerhöchsten
6	der	Acker
6	Der	Zweifel
6	Der	Weiße
6	Der	Weise
6	Der	Vorgang
6	Der	Vogt
6	Der	Vesuv
6	Der	Verteidiger
6	Der	Verkehr
6	Der	Tisch
6	Der	Strom
6	Der	Storch
6	Der	Spiegel
6	Der	Sommer
6	Der	Sekretär
6	Der	Schritt
6	Der	Schein
6	Der	Redner
6	Der	Prozeß
6	Der	Polizeichef
6	Der	Pfarrer
6	Der	Mund
6	Der	Motor
6	Der	Löwe
6	Der	Käse
6	Der	Kronprinz
6	Der	Kleine
6	Der	Kirche
6	Der	Kaffee
6	Der	Jäger
6	Der	Jude
6	Der	Hofrat
6	Der	Gegensatz
6	Der	Fisch
6	Der	Engel
6	Der	Elch
6	Der	Einfluß
6	Der	Eilbote
6	Der	Duft
6	Der	Chef
6	Der	Bürger
6	Der	Bub
6	Der	Ausgang
6	Der	Artist
6	Der	Angeklagte
6	Der	Affe
6	Der	Adjutant
5	der	Überwindung
5	der	Überlegenheit
5	der	Über
5	der	Äußerung
5	der	Zimmerdecke
5	der	Zerstreuung
5	der	Zeitschrift
5	der	Zauberer
5	der	Zauberei
5	der	Zahnreizträume
5	der	Würdigkeit
5	der	Wärterin
5	der	Wollustempfindung
5	der	Wohnstube
5	der	Witwen
5	der	Witterung
5	der	Widerstand
5	der	Wichtigkeit
5	der	Werkstätte
5	der	Werft
5	der	Weizen
5	der	Walze
5	der	Vortrag
5	der	Vorstellungskraft
5	der	Vorsicht
5	der	Vogtei
5	der	Violine
5	der	Verwüstung
5	der	Verwirklichung
5	der	Verwendung
5	der	Verurteilung
5	der	Verstellung
5	der	Versenkung
5	der	Verräter
5	der	Vermählung
5	der	Verläumdung
5	der	Verkehrung
5	der	Verheerung
5	der	Vergeltung
5	der	Vereinigten
5	der	Verdichtungsarbeit
5	der	Verantwortlichkeit
5	der	Uëlad
5	der	Unzufriedenheit
5	der	Unterthanen
5	der	Unterdrückung
5	der	Unsrigen
5	der	Unsinn
5	der	Unrat
5	der	Unfreiheit
5	der	Umstehenden
5	der	Umgang
5	der	Ueberzeugungen
5	der	Türhüter
5	der	Täter
5	der	Turnhalle
5	der	Tuberkulose
5	der	Tränen
5	der	Triumph
5	der	Trauung
5	der	Trank
5	der	Todten
5	der	Tischplatte
5	der	Thiere
5	der	Themse
5	der	Teilnahme
5	der	Tatar
5	der	Tanne
5	der	Sünden
5	der	Söhne
5	der	Säulen
5	der	Sättigung
5	der	Sänfte
5	der	Syphilis
5	der	Stätte
5	der	Stufe
5	der	Strick
5	der	Streich
5	der	Stoa
5	der	Steppdecke
5	der	Stargoroder
5	der	Staffelei
5	der	Staatsanwalt
5	der	Spree
5	der	Spielmann
5	der	Sperling
5	der	Sonnenstrahl
5	der	Sonnen
5	der	Sonn
5	der	Sheriff
5	der	Senatorin
5	der	Selbstbestimmung
5	der	Schöne
5	der	Schätzung
5	der	Schwäne
5	der	Schwächere
5	der	Schwung
5	der	Schwindel
5	der	Schwellkörper
5	der	Schulzeit
5	der	Schreiner
5	der	Schreibweise
5	der	Schneide
5	der	Schläfer
5	der	Schlußsatz
5	der	Scheune
5	der	Sahara
5	der	Rückzug
5	der	Rücken
5	der	Russen
5	der	Rosse
5	der	Rosenstock
5	der	Rosen
5	der	Rinde
5	der	Richtige
5	der	Regimentskommandeur
5	der	Realisierung
5	der	Rand
5	der	Quantität
5	der	Punsch
5	der	Prozession
5	der	Prophezeiung
5	der	Propheten
5	der	Premierleutnant
5	der	Prediger
5	der	Postbote
5	der	Porta
5	der	Philister
5	der	Pfeil
5	der	Peterskirche
5	der	Pest
5	der	Pein
5	der	Paranoia
5	der	Palette
5	der	Padischah
5	der	Pachter
5	der	Ottomane
5	der	Optiker
5	der	Operation
5	der	Onanie
5	der	Offiziere
5	der	Ochsen
5	der	Oberpräsident
5	der	Oase
5	der	Nötigung
5	der	Nächstenliebe
5	der	Nächste
5	der	Nummer
5	der	Nietzscheschen
5	der	Nichte
5	der	Nibelungenstrophe
5	der	Nadel
5	der	Mäßigung
5	der	Muskeln
5	der	Muse
5	der	Mulde
5	der	Morgenröthe
5	der	Morgenröte
5	der	Mole
5	der	Mittagsstunde
5	der	Met
5	der	Mehrheit
5	der	Mecklenburger
5	der	Mazurka
5	der	Maus
5	der	Maulwurf
5	der	Massen
5	der	Marschall
5	der	Mahnung
5	der	Magie
5	der	Länder
5	der	Lieder
5	der	Liebste
5	der	Libelle
5	der	Lenz
5	der	Leistung
5	der	Leine
5	der	Leiden
5	der	Leibgrenadiere
5	der	Leerheit
5	der	Lebenskraft
5	der	Lappen
5	der	Lagune
5	der	Lade
5	der	Kцnig
5	der	Königgrätzer
5	der	Kutsche
5	der	Kunstvogel
5	der	Krisis
5	der	Kriegsmacht
5	der	Kriegskunst
5	der	Kreuzotter
5	der	Krabbe
5	der	Konversation
5	der	Konsequenz
5	der	Komposition
5	der	Kochkunst
5	der	Knochen
5	der	Knabenzeit
5	der	Klosterbruder
5	der	Kleinbürger
5	der	Kindererzeugung
5	der	Kenntnisse
5	der	Kellen
5	der	Keime
5	der	Kaufleute
5	der	Kasten
5	der	Kasse
5	der	Kanäle
5	der	Kanal
5	der	Kammerjungfer
5	der	Jahreszeiten
5	der	Jahreszeit
5	der	Interpretation
5	der	Instrumente
5	der	Insekten
5	der	Ihr
5	der	Hütten
5	der	Häuptling
5	der	Hundesteuer
5	der	Hoheit
5	der	Hoden
5	der	Hochzeitsnacht
5	der	Hemmung
5	der	Helfer
5	der	Haushälterin
5	der	Hauptabteilung
5	der	Hall
5	der	Haifisch
5	der	Gärten
5	der	Grimmburg
5	der	Gottlosen
5	der	Gondel
5	der	Gnaden
5	der	Gitarre
5	der	Gesundheitspflege
5	der	Gestaltungen
5	der	Geringschätzung
5	der	Gerichtshof
5	der	Geier
5	der	Gehorsam
5	der	Geheimerath
5	der	Geheime
5	der	Gebärde
5	der	Gebildeten
5	der	Gassen
5	der	Füße
5	der	Förster
5	der	Föhn
5	der	Fähigkeit
5	der	Funktionen
5	der	Funktion
5	der	Frommen
5	der	Frevel
5	der	Fratze
5	der	Formel
5	der	Fläche
5	der	Fischhändler
5	der	Finger
5	der	Fiktion
5	der	Fiedler
5	der	Ferse
5	der	Ferien
5	der	Felsenwand
5	der	Felix
5	der	Feldzug
5	der	Feldmaus
5	der	Faden
5	der	Fackel
5	der	Explosion
5	der	Erörterung
5	der	Erzbischof
5	der	Erwachsenen
5	der	Erschöpfung
5	der	Erschaffung
5	der	Eroberer
5	der	Erledigung
5	der	Eremitage
5	der	Entäußerung
5	der	Endlichkeit
5	der	Empfang
5	der	Emir
5	der	Ellipsen
5	der	Elefanten
5	der	Elefant
5	der	Eizelle
5	der	Einöde
5	der	Einzige
5	der	Eier
5	der	Edelsteine
5	der	Echtheit
5	der	Domkirche
5	der	Dolmetscher
5	der	Diederich
5	der	Derwisch
5	der	Denkart
5	der	Demut
5	der	Deine
5	der	Colliehund
5	der	Chaiselongue
5	der	Böse
5	der	Buchstabe
5	der	Brenta
5	der	Breite
5	der	Botanik
5	der	Blutrache
5	der	Bildfläche
5	der	Bevorzugung
5	der	Beurtheilung
5	der	Betrug
5	der	Besten
5	der	Besichtigung
5	der	Besen
5	der	Beschäftigung
5	der	Beschneidung
5	der	Bescheidenheit
5	der	Bescheid
5	der	Benennung
5	der	Beispiele
5	der	Beantwortung
5	der	Baschi
5	der	Bart
5	der	Bahnhof
5	der	Ausweg
5	der	Ausdauer
5	der	Augenlider
5	der	Aufopferung
5	der	Auffahrt
5	der	Aufbewahrung
5	der	Anzahl
5	der	Anwalt
5	der	Antrag
5	der	Anthropologie
5	der	Ansichten
5	der	Angel
5	der	Anerkennung
5	der	Alpen
5	der	Allnatur
5	der	Allmächtige
5	der	Aktien
5	der	Aggregation
5	der	Agathe
5	der	Affäre
5	der	Abbé
5	Der	Widder
5	Der	Werkmeister
5	Der	Weltlauf
5	Der	Walliser
5	Der	Wahrsager
5	Der	Vorhang
5	Der	Verlust
5	Der	Unteroffizier
5	Der	Umsturz
5	Der	Umgang
5	Der	Trost
5	Der	Stoff
5	Der	Stock
5	Der	Staat
5	Der	Schutztruppler
5	Der	Schreiner
5	Der	Schreiber
5	Der	Schneemann
5	Der	Schnee
5	Der	Schmied
5	Der	Schmetterling
5	Der	Schall
5	Der	Riese
5	Der	Reiz
5	Der	Reiter
5	Der	Priester
5	Der	Mutessarif
5	Der	Minister
5	Der	Markgraf
5	Der	Mangel
5	Der	Lärm
5	Der	Kranke
5	Der	Kater
5	Der	Kanon
5	Der	Jumbe
5	Der	Inspektor
5	Der	Hutmacher
5	Der	Herbst
5	Der	Heilige
5	Der	Hausherr
5	Der	Graben
5	Der	Geruch
5	Der	Gefangene
5	Der	Gebrauch
5	Der	Fürstin
5	Der	Flieger
5	Der	Fabrikant
5	Der	Ekel
5	Der	Christ
5	Der	Bär
5	Der	Bey
5	Der	Beweisgrund
5	Der	Berliner
5	Der	Atem
4	der	Üppigkeit
4	der	Übermut
4	der	Übergabe
4	der	Örter
4	der	Äußerungen
4	der	Zügel
4	der	Züge
4	der	Zwerge
4	der	Zweckmäßigkeit
4	der	Zuversicht
4	der	Zufriedenheit
4	der	Zubereitung
4	der	Zither
4	der	Zitadelle
4	der	Zinne
4	der	Zeitordnung
4	der	Zeichnung
4	der	Zeichen
4	der	Zehe
4	der	Zaun
4	der	Wäsche
4	der	Wohltat
4	der	Wohlstand
4	der	Wissende
4	der	Wirbel
4	der	Winkel
4	der	Windfangtür
4	der	Willenskraft
4	der	Widerstandszensur
4	der	Westgöte
4	der	Wesenheit
4	der	Weltveränderungen
4	der	Welteinrichtung
4	der	Welteinheit
4	der	Weiße
4	der	Weitläufigkeit
4	der	Weissagung
4	der	Weiseste
4	der	Weinhändler
4	der	Weide
4	der	Weberknecht
4	der	Wasserleitung
4	der	Wasser
4	der	Warze
4	der	Wandrer
4	der	Wahrscheinlichkeit
4	der	Wahrhaftigkeit
4	der	Völkerwanderung
4	der	Vulva
4	der	Vorzug
4	der	Vorsteherdrüse
4	der	Vorrat
4	der	Vorname
4	der	Vormittag
4	der	Vorhänge
4	der	Vorgesetzte
4	der	Vorderreihe
4	der	Volksschule
4	der	Vision
4	der	Viere
4	der	Vetturin
4	der	Verwundung
4	der	Versucher
4	der	Verstorbene
4	der	Verstandesregeln
4	der	Verstandesgrundsätze
4	der	Verstandeseinheit
4	der	Verschiedenheiten
4	der	Verschiebung
4	der	Vernünftler
4	der	Vernunfterkenntnis
4	der	Vernunfteinheit
4	der	Vernunftbehauptungen
4	der	Vermutung
4	der	Verlängerung
4	der	Verliebte
4	der	Verklärung
4	der	Verkauf
4	der	Vergleich
4	der	Vergeßlichkeit
4	der	Verdammten
4	der	Verbreitung
4	der	Verbrecher
4	der	Verabredung
4	der	Venezianer
4	der	Urzeit
4	der	Untreue
4	der	Unterweisung
4	der	Untersekunda
4	der	Unterseite
4	der	Unternehmer
4	der	Unglücklichen
4	der	Unglaube
4	der	Ungeduld
4	der	Umwelt
4	der	Umkehrung
4	der	Uhrkette
4	der	Uebersetzung
4	der	Türöffnung
4	der	Türke
4	der	Töchter
4	der	Tyrannen
4	der	Tunlichkeit
4	der	Tugenden
4	der	Träumende
4	der	Trugschlüsse
4	der	Traumwunsch
4	der	Traumverdichtung
4	der	Traumsymbolik
4	der	Traumquellen
4	der	Trauminhalt
4	der	Traumerklärung
4	der	Torheit
4	der	Tonne
4	der	Todwunde
4	der	Todeswunsch
4	der	Titel
4	der	Thäter
4	der	Theekanne
4	der	Thee
4	der	Teppiche
4	der	Tembe
4	der	Teilbarkeit
4	der	Teig
4	der	Teich
4	der	Tapferste
4	der	Sörälf
4	der	Systeme
4	der	Syphogranten
4	der	Symptome
4	der	Symbole
4	der	Superintendent
4	der	Subsumtion
4	der	Stunden
4	der	Stuhllehne
4	der	Studien
4	der	Studenten
4	der	Stromschnelle
4	der	Streitkräfte
4	der	Stoß
4	der	Stollentreppe
4	der	Sterbenden
4	der	Stange
4	der	Stammbaum
4	der	Staffel
4	der	Staaten
4	der	Spritze
4	der	Springbrunnen
4	der	Spoelmannschen
4	der	Spalte
4	der	Sorgfalt
4	der	Sonntagsschule
4	der	Skeptiker
4	der	Skandal
4	der	Siebente
4	der	Sensibilität
4	der	Selbstverleugnung
4	der	Selbstverachtung
4	der	Selbstbeherrschung
4	der	Sekretär
4	der	Seide
4	der	Scirocco
4	der	Schweizer
4	der	Schwefelküche
4	der	Schwanzspitze
4	der	Schwache
4	der	Schutztruppler
4	der	Schurke
4	der	Schulstube
4	der	Schulbank
4	der	Schriften
4	der	Schornstein
4	der	Schopenhauerschen
4	der	Scholle
4	der	Schmeichelei
4	der	Schlinge
4	der	Schlechtigkeit
4	der	Schlechte
4	der	Schlafenden
4	der	Schirm
4	der	Schelm
4	der	Scheinwerfer
4	der	Schalk
4	der	Sambuk
4	der	Sake
4	der	Sahbeth
4	der	Safari
4	der	Sachlage
4	der	S
4	der	Räume
4	der	Räder
4	der	Rute
4	der	Ruinen
4	der	Rosa
4	der	Rocktasche
4	der	Rhythmus
4	der	Reserve
4	der	Reif
4	der	Regierungspräsident
4	der	Regent
4	der	Reformation
4	der	Reede
4	der	Ratten
4	der	Rahmen
4	der	Rachsucht
4	der	Psyche
4	der	Prädikate
4	der	Prostitution
4	der	Prosa
4	der	Proportion
4	der	Primus
4	der	Portieren
4	der	Poet
4	der	Plätze
4	der	Pilger
4	der	Phönix
4	der	Photograph
4	der	Pflanzenwelt
4	der	Pfeife
4	der	Perser
4	der	Passagiere
4	der	Parade
4	der	Pad
4	der	Otter
4	der	Orient
4	der	Organe
4	der	Opfer
4	der	Onbaschi
4	der	Odyssee
4	der	Obstbäume
4	der	Oberkellner
4	der	Nächte
4	der	Nordseite
4	der	Nordsee
4	der	Nils
4	der	Niedrigkeit
4	der	Neuheit
4	der	Netzhaut
4	der	Nemtsche
4	der	Neapolitaner
4	der	Nausikaa
4	der	Naturlehre
4	der	Naturgeschichte
4	der	Naturdinge
4	der	Nasenspitze
4	der	Narrheit
4	der	Namen
4	der	Nacktheit
4	der	Nachtwind
4	der	Nachrichten
4	der	Nachahmung
4	der	Müller
4	der	Mörserbatterie
4	der	Mönche
4	der	Mächtigste
4	der	Mythologie
4	der	Mutterzelle
4	der	Mitternacht
4	der	Mitmenschen
4	der	Minute
4	der	Minerva
4	der	Milde
4	der	Merkmale
4	der	Menschengeist
4	der	Meldung
4	der	Mechaniker
4	der	Mattigkeit
4	der	Masturbation
4	der	Maschinengewehre
4	der	Marsoberfläche
4	der	Markuskirche
4	der	Markt
4	der	Mark
4	der	Marder
4	der	Mali
4	der	Maja
4	der	Magistrat
4	der	Läden
4	der	Luftdruck
4	der	Lord
4	der	Lombardei
4	der	Lokomotive
4	der	Liste
4	der	Liese
4	der	Liebhaber
4	der	Licht
4	der	Lethe
4	der	Leichtigkeit
4	der	Leere
4	der	Lebendige
4	der	Laune
4	der	Lateinschule
4	der	Landtag
4	der	Landgerichtsrat
4	der	Lachs
4	der	Kühnheit
4	der	Kühe
4	der	Küchenmeister
4	der	Köpfe
4	der	Kunstreligion
4	der	Kult
4	der	Kröger
4	der	Krieger
4	der	Kriege
4	der	Krankenpflege
4	der	Krankengeschichte
4	der	Krampf
4	der	Kosmologie
4	der	Kommandeur
4	der	Kobold
4	der	Kneipe
4	der	Klingel
4	der	Kleider
4	der	Kirchturm
4	der	Kirchhof
4	der	Kiefern
4	der	Kessiner
4	der	Kerze
4	der	Kenner
4	der	Keller
4	der	Keimstoffe
4	der	Kaufmannssohn
4	der	Kaufherr
4	der	Kastration
4	der	Kastanienallee
4	der	Karwoche
4	der	Karl
4	der	Karenin
4	der	Kanarienvogel
4	der	Kammerherr
4	der	Kameradschaft
4	der	Kaiserin
4	der	Jüngste
4	der	Jüngere
4	der	Juden
4	der	Jarl
4	der	Jahrtausende
4	der	Jahrhunderte
4	der	Isis
4	der	Irritabilität
4	der	Ironie
4	der	Intelligenz
4	der	Intellekt
4	der	Inspiration
4	der	Inseln
4	der	Insassen
4	der	Ilm
4	der	Ich
4	der	Hüter
4	der	Hülsenfrüchte
4	der	Höll
4	der	Höhlen
4	der	Höhepunkt
4	der	Humanität
4	der	Hufe
4	der	Honig
4	der	Homogenität
4	der	Hofmarschall
4	der	Historie
4	der	Hilfe
4	der	Heuerbas
4	der	Herzschlag
4	der	Herstellung
4	der	Herrn
4	der	Herre
4	der	Herden
4	der	Herd
4	der	Heimfahrt
4	der	Heimatstadt
4	der	Heimath
4	der	Heilung
4	der	Heiligkeit
4	der	Heerden
4	der	Hausverwalter
4	der	Hauptwache
4	der	Haupttreppe
4	der	Großstadt
4	der	Großinquisitor
4	der	Grossen
4	der	Gram
4	der	Grabenwand
4	der	Gottesdienst
4	der	Glücklichen
4	der	Gläubiger
4	der	Gewöhnlichkeit
4	der	Gewandtheit
4	der	Gewalttätigkeit
4	der	Getretene
4	der	Gespräche
4	der	Geschütze
4	der	Geschäftswelt
4	der	Geschwister
4	der	Geschlechtsreife
4	der	Geringste
4	der	Genitalien
4	der	Gemütlichkeit
4	der	Gemüse
4	der	Gemeinheit
4	der	Geisterfürst
4	der	Gegenseite
4	der	Gastfreundschaft
4	der	Garnison
4	der	Galgen
4	der	Fürsprecher
4	der	Fünften
4	der	Fuhrmann
4	der	Fräulein
4	der	Frische
4	der	Friedrichstraße
4	der	Frieden
4	der	Forschung
4	der	Flüchtling
4	der	Fluss
4	der	Flur
4	der	Flug
4	der	Fleischsteuer
4	der	Fleischsaft
4	der	Flamm
4	der	Finsterniß
4	der	Finanzminister
4	der	Figuren
4	der	Feuchtigkeit
4	der	Festung
4	der	Festigkeit
4	der	Felswand
4	der	Felsenspalte
4	der	Feldmarschall
4	der	Ewige
4	der	Ethik
4	der	Erzieherin
4	der	Erstürmung
4	der	Ersten
4	der	Erläuterung
4	der	Erinnerungen
4	der	Erhebung
4	der	Erfinder
4	der	Er
4	der	Entschuldigung
4	der	Endabsicht
4	der	Elektrizität
4	der	Einstimmung
4	der	Einkünfte
4	der	Einkleidung
4	der	Einheiten
4	der	Eingeborenen
4	der	Einführung
4	der	Eigentümer
4	der	Eigennutz
4	der	Eifer
4	der	Ehrwürdige
4	der	Ehren
4	der	Edda
4	der	Dünen
4	der	Dämmrung
4	der	Durchreise
4	der	Drache
4	der	Dotter
4	der	Distanz
4	der	Dirigent
4	der	Depesche
4	der	Demütigung
4	der	Deinen
4	der	Daimyo
4	der	Copula
4	der	Chiffriermethode
4	der	Charaktere
4	der	Ceres
4	der	Böschung
4	der	Bälle
4	der	Bäckergrube
4	der	Burschen
4	der	Budgetkommission
4	der	Brüstung
4	der	Brusttasche
4	der	Brand
4	der	Bowle
4	der	Borkkäfer
4	der	Bluse
4	der	Birken
4	der	Biene
4	der	Bezeichnung
4	der	Bewohner
4	der	Bestimmtheiten
4	der	Besiegten
4	der	Besiegte
4	der	Beruhigung
4	der	Beredtsamkeit
4	der	Beredsamkeit
4	der	Bequemlichkeit
4	der	Beleuchtung
4	der	Belagerung
4	der	Bekanntschaft
4	der	Bejahung
4	der	Beistand
4	der	Behörde
4	der	Begrüßung
4	der	Begründung
4	der	Begrenzung
4	der	Begleitung
4	der	Begier
4	der	Begattung
4	der	Beerdigung
4	der	Bedürfnisse
4	der	Bedeutsamkeit
4	der	Beatrice
4	der	Bauch
4	der	Barrikade
4	der	Barmherzigkeit
4	der	Barbaren
4	der	Bankier
4	der	Ball
4	der	Axiomen
4	der	Außenseite
4	der	Ausstattung
4	der	Aussprache
4	der	Ausnahme
4	der	Auslegung
4	der	Ausgangspunkt
4	der	Ausbruch
4	der	Augenbrauen
4	der	Augenblicke
4	der	Auftrag
4	der	Aufstellung
4	der	Aufruhr
4	der	Aufführung
4	der	Astronom
4	der	Asket
4	der	Askese
4	der	Artillerie
4	der	Arena
4	der	Appetit
4	der	Anziehungskraft
4	der	Anziehung
4	der	Antoninischen
4	der	Anstand
4	der	Ansprüche
4	der	Anordnung
4	der	Angstträume
4	der	Angabe
4	der	Andre
4	der	Altäre
4	der	Altgläubigen
4	der	Algebra
4	der	Albrechtsstraße
4	der	Albert
4	der	Ahnen
4	der	Agnes
4	der	Aglietti
4	der	Affekt
4	der	Addition
4	der	Achtung
4	der	Acht
4	der	Achsel
4	der	Abteilung
4	der	Abt
4	der	Absperrung
4	der	Abschrift
4	der	Abneigung
4	der	Ablösung
4	der	Abfolge
4	der	Abendwind
4	Der	Übermensch
4	Der	Zweig
4	Der	Zucker
4	Der	Zinnsoldat
4	Der	Zeuge
4	Der	Widerspruch
4	Der	Wert
4	Der	Wekil
4	Der	Wahehe
4	Der	Vorschlag
4	Der	Versuch
4	Der	Türhüter
4	Der	Tragödie
4	Der	Tochter
4	Der	Titularrat
4	Der	Titel
4	Der	Teil
4	Der	Tanz
4	Der	Tannenbaum
4	Der	Sünder
4	Der	Swinegel
4	Der	Sultanstochter
4	Der	Stadt
4	Der	Staatsanwalt
4	Der	Sel
4	Der	Schwarze
4	Der	Schwarm
4	Der	Schrecken
4	Der	Satan
4	Der	Sarg
4	Der	Rudolf
4	Der	Registrator
4	Der	Regimentskommandeur
4	Der	Rede
4	Der	Pöbel
4	Der	Prophet
4	Der	Primus
4	Der	Postillion
4	Der	Polizist
4	Der	Peter
4	Der	Pater
4	Der	Papst
4	Der	Papa
4	Der	Narr
4	Der	Nacht
4	Der	Mönch
4	Der	Monte
4	Der	Menschheit
4	Der	Menschen
4	Der	Mecklenburger
4	Der	Marder
4	Der	Mameluck
4	Der	Mai
4	Der	Landmann
4	Der	Küche
4	Der	Königin
4	Der	Kriegerverein
4	Der	Krieger
4	Der	Kommandant
4	Der	Kaufmann
4	Der	Kaufherr
4	Der	Kardinal
4	Der	Junker
4	Der	Hort
4	Der	Horizont
4	Der	Hochzeit
4	Der	Haß
4	Der	Hausarzt
4	Der	Großvater
4	Der	Grashüpfer
4	Der	Geschmack
4	Der	Gerichtshof
4	Der	Gelehrte
4	Der	Frauen
4	Der	Finger
4	Der	Fels
4	Der	Erste
4	Der	Ernst
4	Der	Ephorus
4	Der	Einjährige
4	Der	Einfall
4	Der	Druck
4	Der	Dachs
4	Der	Bärenvater
4	Der	Blocksberg
4	Der	Besuch
4	Der	Autor
4	Der	Arm
4	Der	Araber
4	Der	Andere
4	Der	Abt
3	der	Übertragung
3	der	Übersetzer
3	der	Übermacht
3	der	Überlegung
3	der	Überdeterminierung
3	der	Öffnung
3	der	Öde
3	der	Ärmste
3	der	Ärger
3	der	Äbtissin
3	der	Zähigkeit
3	der	Zwölfte
3	der	Zweig
3	der	Zustimmung
3	der	Zucker
3	der	Zimmermann
3	der	Zigarrenhändler
3	der	Zigaretten
3	der	Zierlichkeit
3	der	Ziegenbock
3	der	Zeugenbank
3	der	Zettel
3	der	Zersetzung
3	der	Zeremonie
3	der	Zenzi
3	der	Zeilen
3	der	Zange
3	der	Zahlmeister
3	der	Wärmländer
3	der	Wurm
3	der	Wunschtheorie
3	der	Wullenwewer
3	der	Wucht
3	der	Wortlaut
3	der	Wolle
3	der	Wohlgerüche
3	der	Witz
3	der	Wirtschafterin
3	der	Wirbelsäule
3	der	Wipfel
3	der	Wilde
3	der	Wiederherstellung
3	der	Widerwille
3	der	Widerstreit
3	der	Widersprüche
3	der	Wetti
3	der	Westwind
3	der	Westostrichtung
3	der	Wergi
3	der	Weltkrieg
3	der	Welten
3	der	Weltanschauung
3	der	Weisung
3	der	Weinstock
3	der	Weinflasche
3	der	Weimarischen
3	der	Weihnachtsabend
3	der	Weichsel
3	der	Weiblichkeit
3	der	Wehmut
3	der	Wecker
3	der	Wasserstoff
3	der	Wasserfläche
3	der	Wassereimer
3	der	Warte
3	der	Wandtafel
3	der	Wanderung
3	der	Walpurgisnacht
3	der	Walliser
3	der	Wallfahrer
3	der	Walhalla
3	der	Waldgeist
3	der	Wahn
3	der	Wahltag
3	der	Wage
3	der	Wacht
3	der	Wachsamkeit
3	der	Wachende
3	der	W
3	der	Vorurteile
3	der	Vortrefflichkeit
3	der	Vorschrift
3	der	Vorrede
3	der	Vororte
3	der	Vorlesung
3	der	Volksmenge
3	der	Volksküche
3	der	Vizekönig
3	der	Vierziger
3	der	Vielen
3	der	Via
3	der	Veteran
3	der	Vervollkommnung
3	der	Vertreter
3	der	Vertrag
3	der	Vertiefung
3	der	Vertheidigung
3	der	Verteilung
3	der	Verteidigungsschlacht
3	der	Versuche
3	der	Verschwornen
3	der	Verschwiegenheit
3	der	Vers
3	der	Verpflegung
3	der	Vernachlässigung
3	der	Vermögenssteuer
3	der	Vermögen
3	der	Vermittlung
3	der	Vermehrung
3	der	Verluste
3	der	Verlauf
3	der	Verlassenheit
3	der	Verkäufer
3	der	Verkleinerung
3	der	Verheirateten
3	der	Vergeistigung
3	der	Verführung
3	der	Verein
3	der	Verdauung
3	der	Verdammniß
3	der	Verbesserung
3	der	Vatikan
3	der	Urväter
3	der	Urne
3	der	Unwirklichkeit
3	der	Unvollkommenheit
3	der	Unverantwortlichkeit
3	der	Untersuchungsrichter
3	der	Unterprima
3	der	Unterordnung
3	der	Unmündigkeit
3	der	Universitätszeit
3	der	Unheimlichkeit
3	der	Ungleichartigkeit
3	der	Unempfindlichkeit
3	der	Undurchdringlichkeit
3	der	Unbekannten
3	der	Unbekannte
3	der	Umwerthung
3	der	Umwandlung
3	der	Umsturz
3	der	Uebermuth
3	der	Uebel
3	der	Türkenschanze
3	der	Tugendhafte
3	der	Trunkene
3	der	Trommeln
3	der	Troll
3	der	Treiber
3	der	Traumätiologie
3	der	Traumvorstellungen
3	der	Traumvorgang
3	der	Traumverschiebung
3	der	Traumerregung
3	der	Traumentstehung
3	der	Traumanalyse
3	der	Trauben
3	der	Tracht
3	der	Tortur
3	der	Toren
3	der	Tore
3	der	Tor
3	der	Tischdecke
3	der	Tigris
3	der	Thränen
3	der	Thron
3	der	Thatsache
3	der	Tete
3	der	Testamentseröffnung
3	der	Tausende
3	der	Tausend
3	der	Tatze
3	der	Tatsachen
3	der	Tarnkappe
3	der	Tanten
3	der	Takt
3	der	Taillefer
3	der	Tagespresse
3	der	Tagelöhner
3	der	Säule
3	der	Säle
3	der	Symbolisierung
3	der	Summe
3	der	Sueben
3	der	Sucht
3	der	Subjekte
3	der	Su
3	der	Stämme
3	der	Sturmkompagnie
3	der	Struwwelpeter
3	der	Streifen
3	der	Strandpromenade
3	der	Strafkolonie
3	der	Stoizismus
3	der	Stoiker
3	der	Stimmen
3	der	Stiere
3	der	Stiel
3	der	Steuermann
3	der	Sterbende
3	der	Stell
3	der	Steinklopfer
3	der	Statuen
3	der	Statue
3	der	Starost
3	der	Standpunkt
3	der	Stalltür
3	der	Staatsverwaltung
3	der	Staatsregierung
3	der	Staatsgewalt
3	der	Sprung
3	der	Sprachgebrauch
3	der	Spott
3	der	Spinnen
3	der	Spielmeister
3	der	Spieler
3	der	Sphinx
3	der	Specht
3	der	Sparsamkeit
3	der	Sozialdemokrat
3	der	Sonntag
3	der	Sonnenuhr
3	der	Sommernacht
3	der	Sommerabend
3	der	Somma
3	der	Sinneswelt
3	der	Simplizität
3	der	Silben
3	der	Siebenbergstraße
3	der	Sichselbstgleichheit
3	der	She
3	der	Sexualverdrängung
3	der	Sexualität
3	der	Seufzer
3	der	Sessel
3	der	Serviette
3	der	September
3	der	Sensation
3	der	Selige
3	der	Selbstmord
3	der	Selbstbewegung
3	der	Selbstanschauung
3	der	Sekundärvorgang
3	der	Seitentasche
3	der	Seefahrer
3	der	Schцnheit
3	der	Schützengräben
3	der	Schäre
3	der	Schäfer
3	der	Schwärze
3	der	Schwierigkeiten
3	der	Schwiegermutter
3	der	Schwerter
3	der	Schwarze
3	der	Schwarm
3	der	Schwanenkönig
3	der	Schutztruppe
3	der	Schutz
3	der	Schute
3	der	Schulze
3	der	Schulterwehr
3	der	Schultern
3	der	Schulsprache
3	der	Schullehrer
3	der	Schulden
3	der	Schuh
3	der	Schuft
3	der	Schublade
3	der	Schotts
3	der	Schornsteinfeger
3	der	Schnelle
3	der	Schneesturm
3	der	Schneefrau
3	der	Schnecke
3	der	Schnauze
3	der	Schmutz
3	der	Schmargendorf
3	der	Schluchten
3	der	Schloßgasse
3	der	Schleimhaut
3	der	Schlechtgesinnten
3	der	Schlamm
3	der	Schlafende
3	der	Schimmer
3	der	Schilde
3	der	Scheu
3	der	Scherner
3	der	Schelde
3	der	Scheitan
3	der	Schauspielerin
3	der	Scharfrichter
3	der	Schaffner
3	der	Sang
3	der	Sandstraße
3	der	Sandgrube
3	der	Samowar
3	der	Sammler
3	der	Sambre
3	der	Samana
3	der	Saiten
3	der	Sachsen
3	der	Rücksicht
3	der	Rückreise
3	der	Rückfahrt
3	der	Rund
3	der	Rumpf
3	der	Rote
3	der	Rohigkeit
3	der	Robert
3	der	Ritt
3	der	Rinnstein
3	der	Ringstraße
3	der	Riemen
3	der	Rezepte
3	der	Ressource
3	der	Republiken
3	der	Rennen
3	der	Rennbahn
3	der	Religiosität
3	der	Reitstunde
3	der	Reiterei
3	der	Regimentsstellung
3	der	Reflex
3	der	Rechtsgelehrte
3	der	Reben
3	der	Reaktion
3	der	Rauchwolke
3	der	Raub
3	der	Rath
3	der	Rassen
3	der	Qualm
3	der	Quadrille
3	der	Quadrate
3	der	Pyramiden
3	der	Pudel
3	der	Pudding
3	der	Pubertätszeit
3	der	Psychosen
3	der	Psychose
3	der	Psychopathologie
3	der	Präzision
3	der	Präfekt
3	der	Provinzen
3	der	Propeller
3	der	Propaganda
3	der	Priesterin
3	der	Postillon
3	der	Popularität
3	der	Pope
3	der	Pole
3	der	Podestŕ
3	der	Plettenpudding
3	der	Plagen
3	der	Pir
3	der	Pilot
3	der	Phänomene
3	der	Physiognomik
3	der	Phantasien
3	der	Pflug
3	der	Pflanzenzeugung
3	der	Pflanzengestalten
3	der	Pfeifen
3	der	Pfauen
3	der	Pfarre
3	der	Petersburger
3	der	Perspektiv
3	der	Pergamentrolle
3	der	Pepi
3	der	Peperl
3	der	Patrouillen
3	der	Patron
3	der	Patriotismus
3	der	Pastete
3	der	Papierfabrik
3	der	Pachterwohnung
3	der	Ost
3	der	Orkan
3	der	Orangerie
3	der	Olimpia
3	der	Ohrfeige
3	der	Ohren
3	der	Offensivschlacht
3	der	Oberwelt
3	der	Oberstlieutenant
3	der	Oberste
3	der	Oberhofmeisterin
3	der	Ober
3	der	Nässe
3	der	Nämliche
3	der	Nudel
3	der	Nothwehr
3	der	Nische
3	der	Niederung
3	der	Nichtigkeit
3	der	Nicht
3	der	Nibelungenhort
3	der	Newtonschen
3	der	Newtonischen
3	der	Neutralität
3	der	Neuigkeit
3	der	Nennung
3	der	Negativität
3	der	Nahrungsmittel
3	der	Nagel
3	der	Nachtmütze
3	der	Nachtjacke
3	der	Nachtigall
3	der	Nachmittagssonne
3	der	Nachfolger
3	der	Nachen
3	der	Nachbarvölker
3	der	Müssigen
3	der	Münze
3	der	Mücke
3	der	Mörser
3	der	Mäuse
3	der	Mächtige
3	der	Mächte
3	der	Mythus
3	der	Myop
3	der	Mutessarif
3	der	Musen
3	der	Msagira
3	der	Motilität
3	der	Mosel
3	der	Moschee
3	der	Morgenwind
3	der	Morgenstern
3	der	Mooshütte
3	der	Montagues
3	der	Monarch
3	der	Mohren
3	der	Modeton
3	der	Mißbilligung
3	der	Mißachtung
3	der	Mitwelt
3	der	Mittelmässigkeit
3	der	Mittagspause
3	der	Mitleidigen
3	der	Mitglieder
3	der	Mir
3	der	Milliardär
3	der	Methoden
3	der	Menstruation
3	der	Menschensöhne
3	der	Menschensohn
3	der	Menschennatur
3	der	Menschenkenntnis
3	der	Meereskönigin
3	der	Meere
3	der	Mediziner
3	der	Matrosen
3	der	Materialschlacht
3	der	Mast
3	der	Mappe
3	der	Manier
3	der	Malerkunst
3	der	Malerin
3	der	Malaria
3	der	Mafiti
3	der	Maassstab
3	der	Maas
3	der	Lügner
3	der	Lüfte
3	der	Löffel
3	der	Lyrik
3	der	Lustbarkeit
3	der	Luftstreitkräfte
3	der	Luftröhre
3	der	Lorbeer
3	der	Loisl
3	der	Literat
3	der	Lisabeth
3	der	Linden
3	der	Limonade
3	der	Lilien
3	der	Lieblosigkeit
3	der	Lieblichkeit
3	der	Liebenswürdigkeit
3	der	Lewin
3	der	Leuchtturmwächter
3	der	Leopold
3	der	Leipziger
3	der	Leidenden
3	der	Lehren
3	der	Ledigen
3	der	Leber
3	der	Lebenslust
3	der	Lebensart
3	der	Lebende
3	der	Laute
3	der	Laut
3	der	Laufer
3	der	Lange
3	der	Landungsstelle
3	der	Landung
3	der	Landseite
3	der	Lampen
3	der	Könge
3	der	Käufer
3	der	Kämmrer
3	der	Kutschen
3	der	Kurmusik
3	der	Kunstschule
3	der	Kunsthändler
3	der	Kunstgeschichte
3	der	Kummer
3	der	Kuckuck
3	der	Krümmung
3	der	Krähe
3	der	Kriegerverein
3	der	Krempe
3	der	Kostüme
3	der	Korporation
3	der	Korb
3	der	Konvent
3	der	Konstitution
3	der	Konkurrenz
3	der	Konfirmation
3	der	Kondukteur
3	der	Konditor
3	der	Komödie
3	der	Kompagnieführer
3	der	Kommandatur
3	der	Kommandantur
3	der	Kolonnade
3	der	Kollegen
3	der	Knospe
3	der	Kniee
3	der	Knall
3	der	Klügste
3	der	Klügere
3	der	Kluge
3	der	Klavierspieler
3	der	Klaus
3	der	Klassenlehrer
3	der	Klagen
3	der	Kitzel
3	der	Kirchenglocken
3	der	Kieselack
3	der	Kessine
3	der	Keithstraße
3	der	Keimzellen
3	der	Katholizismus
3	der	Kastanien
3	der	Kaspar
3	der	Kartoffel
3	der	Karline
3	der	Karenina
3	der	Kaplan
3	der	Kanzlei
3	der	Kajьte
3	der	Kaffeekanne
3	der	Jünger
3	der	Jägermeister
3	der	Justiz
3	der	Juno
3	der	Junker
3	der	Juni
3	der	Journale
3	der	Jemand
3	der	Jakobus
3	der	Irrtümer
3	der	Irrfahrt
3	der	Iphigenia
3	der	Inquisition
3	der	Inhaber
3	der	Individualitäten
3	der	Inder
3	der	Inbrunst
3	der	Imagination
3	der	Ihrige
3	der	Identifizierung
3	der	Hцlle
3	der	Häupter
3	der	Händler
3	der	Hurerei
3	der	Humor
3	der	Hornisse
3	der	Hopfenhändler
3	der	Holm
3	der	Holländer
3	der	Hofprediger
3	der	Hoffmann
3	der	Hochzeitstag
3	der	Hintergrund
3	der	Hingebung
3	der	Hingabe
3	der	Hilfslehrer
3	der	Hieb
3	der	Heuschrecken
3	der	Hervorhebung
3	der	Hervorbringung
3	der	Herbstwind
3	der	Helme
3	der	Helle
3	der	Heimsuchung
3	der	Heftigkeit
3	der	Hebel
3	der	Hebamme
3	der	Hauswirt
3	der	Haustüre
3	der	Hausknecht
3	der	Haushaltung
3	der	Hausflur
3	der	Hauptteil
3	der	Harnblase
3	der	Harmonik
3	der	Hans
3	der	Hammer
3	der	Halbinsel
3	der	Hagenströms
3	der	Hagen
3	der	Haft
3	der	Hafen
3	der	Hacke
3	der	Habe
3	der	H
3	der	Gänsejunge
3	der	Gutgesinnten
3	der	Gute
3	der	Gründer
3	der	Gräber
3	der	Gruß
3	der	Grundstein
3	der	Großscherif
3	der	Großhändler
3	der	Großherzoglichen
3	der	Groom
3	der	Grillen
3	der	Grille
3	der	Grieche
3	der	Gottesmutter
3	der	Gondolier
3	der	Goeben
3	der	Glühkäfer
3	der	Glückliche
3	der	Gläser
3	der	Glorie
3	der	Globsower
3	der	Gieshüblersche
3	der	Gier
3	der	Gestirne
3	der	Gesinnungen
3	der	Gesetzmäßigkeit
3	der	Gesetzgeber
3	der	Geschlechtsverkehr
3	der	Geschlechtsdrüsen
3	der	Geschicklichkeit
3	der	Geräusche
3	der	Gerichtsstätte
3	der	Gerichtsstube
3	der	Gerichte
3	der	Gerber
3	der	Geometer
3	der	Geographie
3	der	Genugtuung
3	der	Genugthuung
3	der	Genesis
3	der	Genesende
3	der	Generaladjutant
3	der	Gemälde
3	der	Gemahl
3	der	Geisterwelt
3	der	Geheimnisse
3	der	Gehalt
3	der	Gegensätze
3	der	Gegenpartei
3	der	Gefährlichkeit
3	der	Gefragte
3	der	Gefechte
3	der	Gedankengang
3	der	Gedank
3	der	Gebäude
3	der	Geburtstag
3	der	Gebieterin
3	der	Geber
3	der	Gebannte
3	der	Gatterpforte
3	der	Gartenpforte
3	der	Gardefüsiliere
3	der	Gabe
3	der	Fünfziger
3	der	Füchse
3	der	Förderung
3	der	Fähnrich
3	der	Fäden
3	der	Fußgänger
3	der	Frühlingsluft
3	der	Früh
3	der	Fröhlich
3	der	Frosch
3	der	Fronleichnamsprozession
3	der	Fremdheit
3	der	Freien
3	der	Frauenemancipation
3	der	Franziska
3	der	Folgezeit
3	der	Flüsse
3	der	Flügel
3	der	Flüchtigen
3	der	Flöte
3	der	Flotte
3	der	Flinte
3	der	Fliegertruppe
3	der	Fliederbaum
3	der	Flaum
3	der	Flaschen
3	der	Flanke
3	der	Flachs
3	der	Fjätälf
3	der	Finne
3	der	Fiedelbogen
3	der	Feuer
3	der	Festgäste
3	der	Ferdl
3	der	Felseninsel
3	der	Feldwebel
3	der	Feldblume
3	der	Feldartillerie
3	der	Feile
3	der	Feigheit
3	der	Feigenbaum
3	der	Fee
3	der	Fauteuils
3	der	Famulus
3	der	Falle
3	der	Eule
3	der	Erwägung
3	der	Erwachsene
3	der	Erwachende
3	der	Erscheinungswelt
3	der	Erreichung
3	der	Ernüchterung
3	der	Ermordung
3	der	Erlebnisse
3	der	Erlaubnis
3	der	Erholung
3	der	Ergebenheit
3	der	Erdgeist
3	der	Erdensohn
3	der	Equipagen
3	der	Entwurf
3	der	Entschlossenheit
3	der	Entkleidung
3	der	Entfaltung
3	der	Enterich
3	der	Entente
3	der	Entbindung
3	der	Engländerin
3	der	Empfindlichkeit
3	der	Emotion
3	der	Elfen
3	der	Elektrischen
3	der	Elchkuh
3	der	Elbbrücke
3	der	Ekstase
3	der	Eisbahn
3	der	Einzug
3	der	Einwohnerschaft
3	der	Einlieferung
3	der	Eingeweide
3	der	Eingangsthür
3	der	Einfluss
3	der	Einen
3	der	Eigner
3	der	Eigentümlichkeiten
3	der	Eigentümlichkeit
3	der	Eigensinn
3	der	Eigenart
3	der	Eidechse
3	der	Eiche
3	der	Eheschließung
3	der	Ehescheidung
3	der	Effi
3	der	Effekt
3	der	Edelleute
3	der	Dörfer
3	der	Dänen
3	der	Dämonen
3	der	Dämon
3	der	Durchmesser
3	der	Dunst
3	der	Dudelsack
3	der	Dschehennah
3	der	Dschehenna
3	der	Drohung
3	der	Dreißiger
3	der	Dreißig
3	der	Dreieinigkeit
3	der	Dr
3	der	Doppelgänger
3	der	Dominikaner
3	der	Dom
3	der	Dolch
3	der	Diwan
3	der	Diskretion
3	der	Dirne
3	der	Diplomat
3	der	Diebstahl
3	der	Dichterin
3	der	Diamant
3	der	Despot
3	der	Defloration
3	der	Damm
3	der	Dahabïe
3	der	Dachkammer
3	der	Croupe
3	der	Croeker
3	der	Christbaum
3	der	Chemiker
3	der	Chauffeur
3	der	Charakteristik
3	der	Bösen
3	der	Bäuerin
3	der	Bänke
3	der	Bursch
3	der	Burgen
3	der	Bummelei
3	der	Buchhandlung
3	der	Bube
3	der	Brunst
3	der	Brille
3	der	Bretter
3	der	Breslau
3	der	Brauerei
3	der	Brady
3	der	Bonne
3	der	Bonbons
3	der	Blüten
3	der	Bluthändige
3	der	Blutgefäße
3	der	Blindheit
3	der	Blende
3	der	Bittsteller
3	der	Bittenden
3	der	Birke
3	der	Binde
3	der	Billigkeit
3	der	Bildsäulen
3	der	Bildhauer
3	der	Bienenstadt
3	der	Bewässerung
3	der	Beweise
3	der	Bewegungen
3	der	Beweglichkeit
3	der	Betätigung
3	der	Bettdecke
3	der	Betstunde
3	der	Betreffende
3	der	Bestimmbarkeit
3	der	Beseitigung
3	der	Bescherung
3	der	Beschauer
3	der	Besatzung
3	der	Beruf
3	der	Berner
3	der	Berechnung
3	der	Beobachtungen
3	der	Bellevue
3	der	Beisetzung
3	der	Beine
3	der	Beiden
3	der	Behörden
3	der	Begehrlichkeit
3	der	Befreite
3	der	Befreier
3	der	Befehlshaber
3	der	Beendigung
3	der	Beeinflussung
3	der	Bauernstube
3	der	Bauart
3	der	Base
3	der	Barbier
3	der	Barbarei
3	der	Baracke
3	der	Baiern
3	der	Bahnstrecke
3	der	Bahnstation
3	der	Badestube
3	der	Back
3	der	Ausschließung
3	der	Auseinandersetzung
3	der	Ausdrücke
3	der	Ausbildung
3	der	August
3	der	Aufwärter
3	der	Aufnahme
3	der	Aufmunterung
3	der	Atome
3	der	Astrologie
3	der	Askari
3	der	Artikel
3	der	Aristokraten
3	der	Architektur
3	der	Arbeitenden
3	der	Apostel
3	der	Apfel
3	der	Apenninen
3	der	Anzug
3	der	Anwesenheit
3	der	Antrieb
3	der	Anspielung
3	der	Anschlag
3	der	Anreiz
3	der	Anrede
3	der	Anmut
3	der	Anlass
3	der	Ankläger
3	der	Animalität
3	der	Angsttraum
3	der	Angelschnur
3	der	Angelrute
3	der	Anfall
3	der	Andern
3	der	Anarchist
3	der	Altjüngferlichkeit
3	der	Alternde
3	der	Alpe
3	der	Allheit
3	der	Alkohol
3	der	Alaopoliten
3	der	Aktuarius
3	der	Aktion
3	der	Adern
3	der	Ackerbau
3	der	Achte
3	der	Achse
3	der	Absonderung
3	der	Ablauf
3	der	Abkunft
3	der	Abhang
3	der	Abhandlung
3	der	Abfindungssumme
3	der	Abendtafel
3	der	Abbildung
3	Der	Überfall
3	Der	Zweite
3	Der	Zorn
3	Der	Zeiger
3	Der	Zauberer
3	Der	Wolf
3	Der	Wohlfahrtsausschuß
3	Der	Witz
3	Der	Wissenschaft
3	Der	Wirklichkeit
3	Der	Widerstreit
3	Der	Weizen
3	Der	Waldhornist
3	Der	Wahrheit
3	Der	Wahnsinn
3	Der	Wahn
3	Der	Vormittag
3	Der	Vorleser
3	Der	Vetturin
3	Der	Vetter
3	Der	Verwundete
3	Der	Vernunftinstinkt
3	Der	Unterricht
3	Der	Untergang
3	Der	Türke
3	Der	Turm
3	Der	Traumvorgang
3	Der	Trauminhalt
3	Der	Traumgott
3	Der	Transport
3	Der	Thee
3	Der	Streich
3	Der	Strahl
3	Der	Stil
3	Der	Steuermann
3	Der	Staub
3	Der	Stadthauptmann
3	Der	Spielmann
3	Der	Socialismus
3	Der	Sehnsucht
3	Der	Schöpfer
3	Der	Schwager
3	Der	Schuß
3	Der	Schuster
3	Der	Schreibsekretär
3	Der	Schrei
3	Der	Schlüssel
3	Der	Schlitten
3	Der	Schiffer
3	Der	Schatz
3	Der	Schaffner
3	Der	Schaden
3	Der	Sandal
3	Der	Sand
3	Der	Samen
3	Der	Roman
3	Der	Rhein
3	Der	Rektor
3	Der	Reichtum
3	Der	Reiche
3	Der	Regierungspräsident
3	Der	Rechtsanwalt
3	Der	Rath
3	Der	Rappe
3	Der	Puls
3	Der	Pudel
3	Der	Probierstein
3	Der	Postillon
3	Der	Pfiff
3	Der	Persische
3	Der	Patient
3	Der	Pachter
3	Der	Neid
3	Der	Mythus
3	Der	Musikant
3	Der	Mohr
3	Der	Mittag
3	Der	Menschenfinger
3	Der	Maulwurf
3	Der	Mathematiker
3	Der	Luft
3	Der	Lotsenkommandeur
3	Der	Lord
3	Der	Liebling
3	Der	Letzte
3	Der	Lein
3	Der	Lebenskünstler
3	Der	Lappe
3	Der	Kultus
3	Der	Kuckuck
3	Der	Kraft
3	Der	Konditor
3	Der	Kollege
3	Der	Kirchturm
3	Der	Kellner
3	Der	Kanzler
3	Der	Kanal
3	Der	Kammerdiener
3	Der	Justitiarius
3	Der	Juli
3	Der	Jugend
3	Der	Irrtum
3	Der	Irrthum
3	Der	Instinkt
3	Der	Idealismus
3	Der	Häuptling
3	Der	Hundsfott
3	Der	Hohlweg
3	Der	Hofstaat
3	Der	Hirt
3	Der	Heuchler
3	Der	Herrscher
3	Der	Herausgeber
3	Der	Hausknecht
3	Der	Hals
3	Der	Gutsbesitzer
3	Der	Großonkel
3	Der	Griff
3	Der	Grieche
3	Der	Greif
3	Der	Gottesdienst
3	Der	Gipfel
3	Der	Geselle
3	Der	Geschlechtstrieb
3	Der	Gesandte
3	Der	Gerber
3	Der	Geiz
3	Der	Gehülfe
3	Der	Gang
3	Der	Frost
3	Der	Frosch
3	Der	Freiheit
3	Der	Franzose
3	Der	Flügeladjutant
3	Der	Flügel
3	Der	Feldherr
3	Der	Falter
3	Der	Erzähler
3	Der	Erbgroßherzog
3	Der	Entschluß
3	Der	Einzelne
3	Der	Eingang
3	Der	Durst
3	Der	Derwisch
3	Der	Deduktion
3	Der	Cyniker
3	Der	Chor
3	Der	Bächlein
3	Der	Butler
3	Der	Busch
3	Der	Bursch
3	Der	Buluk
3	Der	Brдutigam
3	Der	Blumenelf
3	Der	Blitz
3	Der	Beutel
3	Der	Becher
3	Der	Bau
3	Der	Bankier
3	Der	Aufsatz
3	Der	Ast
3	Der	Armut
3	Der	Arbeiter
3	Der	Anlaß
3	Der	Anker
3	Der	Angeredete
3	Der	Andre
3	Der	Affekt
3	Der	Adjunkt
3	Der	Adelsmarschall
