1018	die	Hand
1004	die	Augen
758	die	Welt
612	die	Hände
573	die	Sache
544	die	Menschen
522	die	Natur
519	die	Zeit
511	die	Leute
478	die	Sonne
434	die	Luft
426	die	Mutter
419	die	Tür
414	die	Vernunft
410	die	Erde
397	die	Frau
387	die	Wahrheit
386	die	Kinder
370	die	Stadt
355	die	Höhe
355	die	Frage
351	die	Nacht
308	die	Seele
289	die	Rede
261	die	Geschichte
260	die	Arme
256	die	Form
252	die	Möglichkeit
237	die	Vorstellung
235	die	Dinge
233	die	Kraft
220	die	Liebe
219	die	Worte
214	die	Straße
213	die	Stimme
212	die	Brust
207	die	Königin
195	die	Idee
190	die	Wirklichkeit
189	die	Ursache
183	die	Herren
181	die	Treppe
181	die	Stirn
181	die	Einheit
179	die	Wildgänse
170	die	Reihe
164	die	Lippen
163	die	Arbeit
159	die	Stelle
158	Die	Mutter
153	die	Bewegung
151	die	Freiheit
150	die	Bedingung
147	die	Füße
146	die	Ehre
146	die	Bedeutung
144	die	Kunst
144	die	Erfahrung
143	die	Frauen
141	die	Art
140	die	Männer
139	die	Seite
139	die	Macht
138	die	Nase
137	die	Schwester
134	die	Gestalt
133	die	Kirche
131	die	Pferde
131	die	Konsulin
130	die	Ohren
127	die	Erinnerung
126	die	Künstlerin
126	Die	Sonne
122	die	Absicht
122	Die	Leute
119	die	Menge
118	die	Antwort
117	die	Schulter
116	die	Gräfin
116	die	Damen
115	die	Thür
111	die	Fürstin
110	die	Notwendigkeit
110	die	Gefahr
110	die	Beine
109	die	Wirkung
106	die	Gelegenheit
105	die	Zukunft
105	die	Erscheinungen
103	die	Substanz
103	die	Stunde
101	die	Schultern
99	die	Alte
98	die	Familie
96	die	Sprache
96	die	Knie
96	die	Fenster
95	die	Utopier
94	die	Tochter
94	die	Mitte
93	die	Musik
92	die	Erscheinung
91	die	Straßen
91	die	Hälfte
91	die	Gegenstände
91	die	Freude
91	die	Bedingungen
90	die	Wand
90	die	Synthesis
89	die	Zahl
89	die	Sterne
89	die	Lust
89	Die	Zeit
88	die	Weiber
88	die	Vögel
88	die	Schuld
88	die	Gegend
87	die	Wissenschaft
87	die	Lage
87	die	Bestimmung
87	die	Achseln
86	die	Sinne
86	die	Köpfe
86	die	Gäste
86	die	Gesellschaft
86	die	Finger
86	die	Blumen
86	die	Beziehung
85	die	Gewißheit
85	die	Gedanken
84	die	Erkenntnis
84	Die	Frau
83	die	Reise
83	die	Prinzessin
82	Die	Welt
81	die	Küche
81	die	Hauptsache
81	Die	Künstlerin
80	die	Träume
80	die	Schule
80	die	Grenzen
80	die	Bäume
79	die	Tiere
79	die	Herrschaft
79	die	Götter
79	die	Gänse
78	die	Eltern
78	die	Dame
78	die	Berge
76	die	Türe
76	die	Pflicht
76	die	Namen
76	die	Nachricht
76	die	Menschheit
76	die	Hoffnung
76	die	Angst
75	die	Begriffe
74	die	Mädchen
74	die	Existenz
74	die	Decke
74	Die	Kinder
73	die	Nähe
73	die	Dauer
73	die	Baronin
73	Die	Menschen
72	die	Tiefe
72	die	Schönheit
72	die	Lehre
71	die	Zähne
71	die	Alten
70	die	Stube
70	Die	Sache
69	die	Wolken
69	die	Tränen
68	die	Soldaten
68	die	Empfindung
67	die	Folge
66	die	Lüfte
66	die	Größe
66	die	Anschauung
65	die	Wände
65	die	Tat
65	die	Richtung
65	die	Erlaubnis
64	die	Zunge
64	die	Tage
64	die	Materie
64	die	Lampe
64	die	Handlung
64	die	Feder
63	die	Mama
63	die	Bauern
62	die	Wahrnehmung
62	die	Wahl
62	die	Kleider
62	die	Flügel
62	die	Bestimmtheit
61	die	Tugend
61	die	Moral
61	die	Blätter
61	die	Analyse
60	die	Verhältnisse
59	die	Regel
59	die	Jugend
59	die	Herzogin
59	die	Feinde
59	die	Bilder
59	die	Aufgabe
59	Die	Konsulin
58	die	Spur
58	die	Sie
58	die	Religion
58	die	Individualität
58	die	Häuser
57	die	Deutschen
57	Die	Geschichte
56	die	Spitze
56	die	Krone
56	die	Kategorien
56	die	Insel
56	die	Grenze
56	die	Fähigkeit
55	die	Wege
55	die	Unterhaltung
55	die	Rolle
55	Die	Vernunft
55	Die	Nacht
54	die	Katze
54	die	Freunde
54	die	Flamme
54	die	Aussicht
54	Die	Herren
53	die	Wangen
53	die	Vorstellungen
53	die	Tasche
53	die	Kräfte
53	die	Glieder
53	die	Gesetze
53	Die	Stadt
53	Die	Liebe
52	die	See
52	die	Philosophie
52	die	Gegenwart
52	die	Furcht
52	die	Aufmerksamkeit
51	die	Wellen
51	die	Stimmung
51	die	Sorge
51	die	Beobachtung
51	Die	Augen
50	die	Überzeugung
50	die	Uhr
50	die	Momente
50	die	Mittel
50	die	Jahre
50	die	Heimat
50	die	Haut
50	die	Folgen
49	die	Steine
49	die	Landschaft
49	die	Hausfrau
49	die	Geister
48	die	Waffen
48	die	Traumarbeit
48	die	Sachen
48	die	Ruhe
48	die	Person
48	die	Mauer
48	die	Ecke
47	die	Sinnlichkeit
47	die	Königstochter
47	die	Franzosen
47	die	Beschaffenheit
46	die	Güte
46	die	Gewalt
46	die	Gabe
46	die	Brücke
46	die	Bank
46	Die	Luft
45	die	Zügel
45	die	Teile
45	die	Stunden
45	die	Stirne
45	die	Engländer
45	die	Ebene
45	die	Bildung
45	die	Arbeiter
45	die	Allgemeinheit
45	Die	Wildgänse
45	Die	Wahrheit
44	die	Zeiten
44	die	Wagen
44	die	Prinzipien
44	die	Meinung
44	die	Kategorie
44	die	Erklärung
44	Die	Fürstin
44	Die	Frage
43	die	Wohnung
43	die	Stellung
43	die	Schlange
43	die	Krankheit
43	die	Jungen
43	die	Ehe
42	die	Last
42	die	Kausalität
42	die	Einzelnheit
42	die	Einsamkeit
42	die	Deutung
41	die	Stufen
41	die	Regierung
41	die	Quelle
41	die	Glocke
41	die	Ferne
41	Die	Seele
41	Die	Königin
40	die	Wette
40	die	Schatten
40	die	Realität
40	die	Märe
40	die	Lichter
40	die	Ideen
40	die	Hölle
40	die	Engel
40	die	Brauen
40	Die	Frauen
39	die	Zeitung
39	die	Verbindung
39	die	Sehnsucht
39	die	Mühe
39	die	Kleine
39	die	Gesundheit
39	die	Fahrt
39	die	Erfüllung
39	die	Darstellung
38	die	Zimmer
38	die	Stille
38	die	Röcke
38	die	Dämmerung
38	die	Bewohner
38	Die	Jungen
37	die	Wüste
37	die	Wälder
37	die	Wirkungen
37	die	Schafe
37	die	Milch
37	die	Maschine
37	die	Höhle
37	die	Grundsätze
37	die	Flucht
36	die	Züge
36	die	Unterschiede
36	die	Treppen
36	die	Tante
36	die	Rückkehr
36	die	Phantasie
36	die	Kehle
36	die	Helden
36	die	Haare
36	die	Grube
36	die	Gerechtigkeit
36	die	Geduld
36	die	Fremden
36	die	Auflösung
35	die	Zensur
35	die	Traumgedanken
35	die	Thüre
35	die	Summe
35	die	Station
35	die	Länge
35	die	Krähen
35	die	Kritik
35	die	Geheimnisse
35	die	Einsicht
34	die	Türen
34	die	Tatsache
34	die	Schrift
34	die	Sage
34	die	Knochen
34	die	Gewohnheit
34	die	Flut
34	die	Flasche
34	die	Farbe
34	die	Braut
34	die	Blume
34	die	Blicke
34	die	Bemerkung
34	Die	Männer
33	die	Wunde
33	die	Ursachen
33	die	Sünde
33	die	Strafe
33	die	Spuren
33	die	Situation
33	die	Sinnenwelt
33	die	Schwelle
33	die	Schar
33	die	Ordnung
33	die	Nachtigall
33	die	Moralität
33	die	Kranke
33	die	Jagd
33	die	Freundschaft
33	die	Felder
33	die	Behauptung
33	die	Aufklärung
33	Die	Natur
32	die	Zeichen
32	die	Witwe
32	die	Wahehe
32	die	Veränderung
32	die	Stärke
32	die	Scham
32	die	Masse
32	die	Leidenschaft
32	die	Kunde
32	die	Kette
32	die	Glut
32	die	Geheimräthin
32	die	Frucht
32	die	Front
31	die	Weise
31	die	Umstände
31	die	Tafel
31	die	Schüler
31	die	Schwestern
31	die	Schuhe
31	die	Recken
31	die	Rechte
31	die	Pfeife
31	die	Mathematik
31	die	Mannigfaltigkeit
31	die	Gründe
31	die	Fragen
31	die	Ewigkeit
31	die	Elemente
31	die	Briefe
31	die	Befriedigung
31	die	Ausführung
30	die	Zweige
30	die	Verteidigung
30	die	Vergangenheit
30	die	Thränen
30	die	Seiten
30	die	Philosophen
30	die	Knaben
30	die	Hitze
30	die	Guten
30	die	Gnade
30	die	Fürsten
30	die	Früchte
30	die	Farben
30	die	Dunkelheit
29	die	Wache
29	die	Versammlung
29	die	Toten
29	die	Söhne
29	die	Schlacht
29	die	Reisenden
29	die	Quellen
29	die	Not
29	die	Nerven
29	die	Neigung
29	die	Lösung
29	die	Leiche
29	die	Könige
29	die	Kenntnis
29	die	Herzen
29	die	Herrschaften
29	die	Großen
29	die	Geliebte
29	die	Einbildungskraft
29	die	Baronesse
29	Die	Kunst
29	Die	Damen
29	Die	Alte
28	die	Verschiedenheit
28	die	Unendlichkeit
28	die	Schwäne
28	die	Schildkröte
28	die	Psychologie
28	die	Pforte
28	die	Lüge
28	die	Grundlage
28	die	Gläser
28	die	Gesichter
28	die	Gerechten
28	die	Gemeinschaft
28	die	Firma
28	die	Finsternis
28	die	Entwicklung
28	die	Bücher
28	die	Bewegungen
28	die	Begierde
28	die	Ankunft
28	die	Anführerin
27	die	Wölfe
27	die	Weisheit
27	die	Verknüpfung
27	die	Töne
27	die	Theorie
27	die	Stimmen
27	die	Sicherheit
27	die	Seelen
27	die	Schwierigkeit
27	die	Körper
27	die	Kniee
27	die	Juden
27	die	Hunde
27	die	Gasse
27	die	Ereignisse
27	die	Entscheidung
27	die	Domina
27	die	Boten
27	die	Anlage
27	die	Amme
27	Die	Pferde
27	Die	Gesellschaft
27	Die	Erde
26	die	Winde
26	die	Wange
26	die	Vergleichung
26	die	Unmittelbarkeit
26	die	Traumbildung
26	die	Rosse
26	die	Rose
26	die	Polizei
26	die	Küste
26	die	Kammer
26	die	Beziehungen
26	Die	Tür
26	Die	Gräfin
26	Die	Bewegung
26	Die	Antwort
25	die	Würde
25	die	Traumdeutung
25	die	Schritte
25	die	Reihen
25	die	Raupe
25	die	Rache
25	die	Negation
25	die	Mütze
25	die	Maßen
25	die	Kugel
25	die	Krähe
25	die	Kompagnie
25	die	Klasse
25	die	Kiste
25	die	Glocken
25	die	Geschäfte
25	die	Fülle
25	die	Eitelkeit
25	die	Eindrücke
25	die	Eigenschaft
25	die	Diele
25	die	Degen
25	die	Büchse
25	die	Betrachtung
25	die	Bekanntschaft
25	die	Allee
25	Die	Ursache
25	Die	Hand
25	Die	Dinge
25	Die	Baronin
24	die	Szene
24	die	Stiefel
24	die	Seinen
24	die	Schwalbe
24	die	Schranken
24	die	Schmargendorf
24	die	Reflexion
24	die	Oberfläche
24	die	Krabbe
24	die	Klingel
24	die	Jungfrau
24	die	Geige
24	die	Führung
24	die	Fut
24	die	Erzählung
24	die	Entstehung
24	die	Eier
24	die	Diener
24	die	Christen
24	die	Büsche
24	die	Brüder
24	die	Armen
24	die	Angelegenheit
24	Die	Engländer
23	die	Öffnung
23	die	Ärzte
23	die	Zufälligkeit
23	die	Wiesen
23	die	Völker
23	die	Vollendung
23	die	Veranda
23	die	Unschuld
23	die	Tätigkeit
23	die	Strecke
23	die	Sitten
23	die	Schwäche
23	die	Römer
23	die	Probe
23	die	Methode
23	die	Mauern
23	die	Lunge
23	die	Logik
23	die	Kälte
23	die	Kuh
23	die	Handlungen
23	die	Glückseligkeit
23	die	Gleichheit
23	die	Geburt
23	die	Flammen
23	die	Felsen
23	die	Empfindungen
23	die	Eigenschaften
23	die	Dichter
23	die	Bibel
23	die	Annahme
23	die	Andern
23	die	Abstraktion
23	Die	Schwester
23	Die	Dame
22	die	Untersuchung
22	die	Türken
22	die	Totalität
22	die	Suppe
22	die	Pflanzen
22	die	Personen
22	die	Partei
22	die	Natter
22	die	Lehrer
22	die	Landstraße
22	die	Höh
22	die	Herkunft
22	die	Gärten
22	die	Griechen
22	die	Gattung
22	die	Gassen
22	die	Gans
22	die	Formen
22	die	Fische
22	die	Erzeugung
22	die	Einzelheiten
22	die	Egge
22	die	Bahn
22	die	Außenwelt
22	die	Anwendung
22	die	Ansicht
22	die	Achsel
22	Die	Weiber
22	Die	Stimme
22	Die	Sprache
22	Die	Philosophie
22	Die	Menge
22	Die	Idee
22	Die	Disziplin
21	die	Wunscherfüllung
21	die	Wirtin
21	die	Unterscheidung
21	die	Ungleichheit
21	die	Sünder
21	die	Räuber
21	die	Rosen
21	die	Revolution
21	die	Priester
21	die	Pest
21	die	Negativität
21	die	Maske
21	die	Identität
21	die	Hühner
21	die	Hüfte
21	die	Hochzeit
21	die	Hauptstadt
21	die	Freuden
21	die	Erwartung
21	die	Enge
21	die	Burg
21	die	Beharrlichkeit
21	die	Behandlung
21	die	Bande
21	die	Achtung
21	Die	Worte
21	Die	Tage
21	Die	Macht
21	Die	Kirche
21	Die	Hexe
21	Die	Gefahr
20	die	Zusammensetzung
20	die	Vorhänge
20	die	Verantwortung
20	die	Ufer
20	die	Trümmer
20	die	Trennung
20	die	Spitzen
20	die	Speisen
20	die	Reste
20	die	Predigt
20	die	Politik
20	die	Oberhand
20	die	Mühle
20	die	Maus
20	die	Lider
20	die	Lehrerin
20	die	Künstler
20	die	Kleinen
20	die	Kerzen
20	die	Hütte
20	die	Gefangenen
20	die	Füchse
20	die	Figur
20	die	Breite
20	die	Bienen
20	Die	Stunde
20	Die	Musik
20	Die	Kraft
20	Die	Analyse
19	die	Zuschauer
19	die	Zeitungen
19	die	Wärme
19	die	Wiese
19	die	Vorgänge
19	die	Vollständigkeit
19	die	Unterlippe
19	die	Uniform
19	die	Teilung
19	die	Schlüssel
19	die	Schilde
19	die	Scheidung
19	die	Rücksicht
19	die	Post
19	die	Pflanze
19	die	Messe
19	die	Leiter
19	die	Köchin
19	die	Kranken
19	die	Italiener
19	die	Hilfe
19	die	Herrlichkeit
19	die	Gunst
19	die	Gruppe
19	die	Freundin
19	die	Fremde
19	die	Fortsetzung
19	die	Dschesidi
19	die	Bürger
19	Die	Wissenschaft
19	Die	Vorstellung
19	Die	Gestalt
19	Die	Freiheit
19	Die	Familie
18	die	Wurzel
18	die	Wogen
18	die	Werke
18	die	Unmöglichkeit
18	die	Treue
18	die	Studenten
18	die	Strahlen
18	die	Sphäre
18	die	Scheide
18	die	Runde
18	die	Republik
18	die	Qual
18	die	Persönlichkeit
18	die	Offiziere
18	die	Möbel
18	die	Muskeln
18	die	Meldung
18	die	Massen
18	die	Magd
18	die	Kühnheit
18	die	Kühe
18	die	Karte
18	die	Jäger
18	die	Ihnen
18	die	Hosen
18	die	Harmonie
18	die	Glastür
18	die	Gewehre
18	die	Gestalten
18	die	Gattin
18	die	Fäuste
18	die	Erwähnung
18	die	Erwachsenen
18	die	Erhaltung
18	die	Entfernung
18	die	Eichel
18	die	Dächer
18	die	Adresse
18	Die	Zahl
18	Die	Mathematik
18	Die	Hausfrau
18	Die	Erfahrung
18	Die	Einheit
18	Die	Bedeutung
17	die	Wut
17	die	Wunden
17	die	Vorzüge
17	die	Vermutung
17	die	Umgebung
17	die	Tugenden
17	die	Träger
17	die	Truppen
17	die	Taube
17	die	Sonn
17	die	Räder
17	die	Obrigkeit
17	die	Netziger
17	die	Lücke
17	die	Hügel
17	die	Hüften
17	die	Hälse
17	die	Hexe
17	die	Herstellung
17	die	Haltung
17	die	Haddedihn
17	die	Großmutter
17	die	Fensterscheiben
17	die	Faust
17	die	Erziehung
17	die	Ernte
17	die	Einfachheit
17	die	Bitte
17	die	Besinnung
17	die	Adern
17	Die	Unterhaltung
17	Die	Synthesis
17	Die	Straße
17	Die	Sterne
17	Die	Lage
17	Die	Erinnerung
16	die	Zenzi
16	die	Zeilen
16	die	Wächter
16	die	Weisen
16	die	Voraussetzung
16	die	Villa
16	die	Vielheit
16	die	Verwandten
16	die	Vernichtung
16	die	Unwahrheit
16	die	Tische
16	die	Stämme
16	die	Stopfnadel
16	die	Stiege
16	die	Speise
16	die	Sittlichkeit
16	die	Seligkeit
16	die	Schöne
16	die	Schwere
16	die	Richtigkeit
16	die	Raupen
16	die	Ratten
16	die	Miene
16	die	Melodie
16	die	Literatur
16	die	Lehne
16	die	Laterne
16	die	Instinkte
16	die	Höhen
16	die	Herrn
16	die	Herrin
16	die	Geschwister
16	die	Gemeinde
16	die	Gefahren
16	die	Forderung
16	die	Flüsse
16	die	Fahne
16	die	Ernährung
16	die	Entdeckung
16	die	Einwohner
16	die	Einteilung
16	die	Einrichtung
16	die	Bühne
16	die	Asche
16	Die	Utopier
16	Die	Möglichkeit
16	Die	Hände
16	Die	Gäste
16	Die	Gänse
15	die	Öffentlichkeit
15	die	Zuhörer
15	die	Zelte
15	die	Zeile
15	die	Wünsche
15	die	Wunder
15	die	Wiederholung
15	die	Verwirklichung
15	die	Vermittlung
15	die	Veranlassung
15	die	Täuschung
15	die	Trippelli
15	die	Tiefen
15	die	Taschen
15	die	Säulen
15	die	Sätze
15	die	Staatsmacht
15	die	Spinne
15	die	Sitzung
15	die	Segel
15	die	Schwarzen
15	die	Schenkel
15	die	Schande
15	die	Saat
15	die	Regeln
15	die	Rechnung
15	die	Prüfung
15	die	Pflichten
15	die	Patientin
15	die	Papiere
15	die	Noth
15	die	Nichtigkeit
15	die	Mundwinkel
15	die	Mitteilung
15	die	Metaphysik
15	die	Masken
15	die	Lerche
15	die	Leitung
15	die	Lampen
15	die	Kammerjungfer
15	die	Ihr
15	die	Hose
15	die	Herr
15	die	Haustür
15	die	Gräber
15	die	Granaten
15	die	Gottheit
15	die	Erregung
15	die	Erlebnisse
15	die	Einladung
15	die	Dichterin
15	die	Definition
15	die	Brüste
15	die	Beweise
15	die	Auswahl
15	die	Auserwählten
15	Die	Träume
15	Die	Schwestern
15	Die	Rede
15	Die	Lampe
15	Die	Kleine
15	Die	Gegenwart
15	Die	Freude
15	Die	Folge
14	die	Zwecke
14	die	Wurzeln
14	die	Wonne
14	die	Wipfel
14	die	Weide
14	die	Vorbereitungen
14	die	Verse
14	die	Verpflichtung
14	die	Städte
14	die	Schüssel
14	die	Saiten
14	die	Richter
14	die	Pröpstin
14	die	Postmeisterin
14	die	Poesie
14	die	Nothwendigkeit
14	die	Neugier
14	die	Mütter
14	die	Mägde
14	die	Motive
14	die	Mehrzahl
14	die	Lippe
14	die	Lilie
14	die	Leidenschaften
14	die	Kur
14	die	Kultur
14	die	Kosten
14	die	Komödie
14	die	Kleidung
14	die	Kissen
14	die	Kameraden
14	die	Gefühle
14	die	Fälle
14	die	Federn
14	die	Falten
14	die	Eiche
14	die	Dschowari
14	die	Buschen
14	die	Blüte
14	die	Bedienerin
14	die	Auffassung
14	die	Armee
14	die	Abu
14	die	Abhängigkeit
14	Die	Vögel
14	Die	Tiere
14	Die	Straßen
14	Die	Notwendigkeit
14	Die	Handlung
14	Die	Fahrt
14	Die	Deutung
14	Die	Arbeit
13	die	Zeichnung
13	die	Zehenspitzen
13	die	Welle
13	die	Versicherung
13	die	Verlobung
13	die	Vereinigung
13	die	Venezianer
13	die	Tragödie
13	die	Terrasse
13	die	Sukzession
13	die	Suche
13	die	Stühle
13	die	Spanier
13	die	Schätze
13	die	Schneekönigin
13	die	Schiffe
13	die	Scheiben
13	die	Schauspieler
13	die	Reiter
13	die	Prädikate
13	die	Plätze
13	die	Pforten
13	die	Ostsee
13	die	Orgel
13	die	Morgensonne
13	die	Meinen
13	die	Löcher
13	die	Linden
13	die	Leinwand
13	die	Leiden
13	die	Kugeln
13	die	Kröte
13	die	Krieger
13	die	Konstruktion
13	die	Knechte
13	die	Kerls
13	die	Kartoffeln
13	die	Karten
13	die	Kanonen
13	die	Himmel
13	die	Heide
13	die	Güter
13	die	Gott
13	die	Gläubigen
13	die	Gemüter
13	die	Gelehrten
13	die	Ferien
13	die	Erinnerungen
13	die	Entäußerung
13	die	Duteln
13	die	Donau
13	die	Butter
13	die	Brüstung
13	die	Bretter
13	die	Botschaft
13	die	Bosheit
13	die	Blüten
13	die	Biene
13	die	Bestimmungen
13	die	Berliner
13	die	Beispiele
13	die	Backen
13	die	Augenbrauen
13	die	Armut
13	die	Araber
13	die	Angelegenheiten
13	die	Adler
13	Die	Ärzte
13	Die	Soldaten
13	Die	Menschheit
13	Die	Lehrer
13	Die	Hauptsache
13	Die	Gedanken
13	Die	Deutschen
13	Die	Darstellung
12	die	Ähnlichkeit
12	die	Zustände
12	die	Wäsche
12	die	Wolke
12	die	Woche
12	die	Wirtschaft
12	die	Wiener
12	die	Weste
12	die	Wahrnehmungen
12	die	Unruhe
12	die	Töchter
12	die	Thiere
12	die	That
12	die	Teilnahme
12	die	Stellen
12	die	Spalte
12	die	Sohlen
12	die	Schwierigkeiten
12	die	Schwachen
12	die	Schläge
12	die	Schläfen
12	die	Schale
12	die	Rätin
12	die	Ruder
12	die	Ritter
12	die	Reichen
12	die	Qualität
12	die	Presse
12	die	Platte
12	die	Plantage
12	die	Pepi
12	die	Peperl
12	die	Peitsche
12	die	Organe
12	die	Nebel
12	die	Nachkommenschaft
12	die	Mündung
12	die	Mäuse
12	die	Mitglieder
12	die	Mengstraße
12	die	Mali
12	die	Lücken
12	die	Lieb
12	die	Komtesse
12	die	Knöpfe
12	die	Klarheit
12	die	Kerze
12	die	Kenntnisse
12	die	Kamele
12	die	Irre
12	die	Helme
12	die	Heiligen
12	die	Gänge
12	die	Fliegen
12	die	Fahnen
12	die	Fabrik
12	die	Erkenntniss
12	die	Biziukina
12	die	Bevölkerung
12	die	Bettdecke
12	die	Begeisterung
12	die	Begebenheit
12	die	Bedürfnisse
12	die	Beamten
12	die	Aufsicht
12	die	Aufregung
12	die	Atmosphäre
12	die	Askaris
12	die	Arbeiten
12	die	Apprehension
12	die	Antinomie
12	die	Affekte
12	Die	Wände
12	Die	Wirkung
12	Die	Wahehe
12	Die	Sorge
12	Die	Religion
12	Die	Mädchen
12	Die	Häuser
12	Die	Hitze
12	Die	Farben
12	Die	Erscheinung
12	Die	Eltern
12	Die	Aussicht
12	Die	Aufklärung
12	Die	Art
12	Die	Angst
12	Die	Alten
11	die	Zither
11	die	Wollust
11	die	Wohltat
11	die	Willkür
11	die	Wage
11	die	Waffe
11	die	Väter
11	die	Verwundeten
11	die	Verteilung
11	die	Verfassung
11	die	Unsterblichkeit
11	die	Ungerechtigkeit
11	die	Tore
11	die	Tatsachen
11	die	Tasse
11	die	Säulenhalle
11	die	Stücke
11	die	Strömung
11	die	Seinigen
11	die	Schnur
11	die	Schmerzen
11	die	Scheibe
11	die	Ringe
11	die	Residenz
11	die	Reaktion
11	die	Probleme
11	die	Oper
11	die	Objekte
11	die	Nadeln
11	die	Mitternacht
11	die	Mittagszeit
11	die	Medizin
11	die	Markgräfin
11	die	Linke
11	die	Linien
11	die	Linie
11	die	Lieder
11	die	Liebste
11	die	Lektüre
11	die	Langeweile
11	die	Lakaien
11	die	Lagunen
11	die	Lady
11	die	Kulissen
11	die	Kindheit
11	die	Keime
11	die	Kapelle
11	die	Jungens
11	die	Hüte
11	die	Hülle
11	die	Hörner
11	die	Herden
11	die	Herde
11	die	Harnröhre
11	die	Göttin
11	die	Geschosse
11	die	Geschenke
11	die	Geometrie
11	die	Generalin
11	die	Fortdauer
11	die	Fläche
11	die	Figuren
11	die	Feuer
11	die	Feldmaus
11	die	Feinheit
11	die	Fehler
11	die	Fee
11	die	Fassung
11	die	Fackel
11	die	Erbschaft
11	die	Entzweiung
11	die	Entwickelung
11	die	Du
11	die	Disziplin
11	die	Cultur
11	die	Chaussee
11	die	Buben
11	die	Brille
11	die	Besorgnis
11	die	Autorität
11	die	Aufnahme
11	die	Anwesenheit
11	die	Anstalt
11	die	Allmacht
11	die	Ahnung
11	die	Absätze
11	Die	Zukunft
11	Die	Zeiten
11	Die	Wirklichkeit
11	Die	Tochter
11	Die	Szene
11	Die	Stimmung
11	Die	Reihe
11	Die	Hochzeit
11	Die	Geister
11	Die	Gegend
11	Die	Fürsten
11	Die	Furcht
11	Die	Form
11	Die	Fenster
11	Die	Bäume
10	die	Zweckmäßigkeit
10	die	Zeitfolge
10	die	Zahlen
10	die	Wohnungen
10	die	Wohlfahrt
10	die	Witterung
10	die	Wildnis
10	die	Wespe
10	die	Wesen
10	die	Werkstatt
10	die	Wasser
10	die	Warzen
10	die	Vorsicht
10	die	Verkehrung
10	die	Verfolgung
10	die	Verdrängung
10	die	Urteilskraft
10	die	Urteile
10	die	Universität
10	die	Umwandlung
10	die	Umrisse
10	die	Tücher
10	die	Täler
10	die	Trauer
10	die	Torheit
10	die	Tasten
10	die	Stätte
10	die	Stange
10	die	Sporen
10	die	Sichselbstgleichheit
10	die	Sense
10	die	Selbstständigkeit
10	die	Seen
10	die	Schwingen
10	die	Schilderung
10	die	Scharen
10	die	Reinheit
10	die	Raben
10	die	Qualen
10	die	Posten
10	die	Pfoten
10	die	Pflege
10	die	Periode
10	die	Palmen
10	die	Opfer
10	die	Obeïde
10	die	Nägel
10	die	Noten
10	die	Narren
10	die	Nachrichten
10	die	Nachkommen
10	die	Nachbarschaft
10	die	Mächtigen
10	die	Mächte
10	die	Mitgift
10	die	Mappe
10	die	Lava
10	die	Lateinschule
10	die	Lappen
10	die	Künste
10	die	Kühle
10	die	Kontinuität
10	die	Klugheit
10	die	Katzen
10	die	Karline
10	die	Interessen
10	die	Ideenwelt
10	die	Höfe
10	die	Härte
10	die	Hähne
10	die	Halle
10	die	Hacken
10	die	Guillotine
10	die	Gleichgültigkeit
10	die	Gesinnungen
10	die	Gesinnung
10	die	Geschichten
10	die	Gebirge
10	die	Gardinen
10	die	Garderobe
10	die	Füsse
10	die	Formel
10	die	Fesseln
10	die	Falle
10	die	Exekution
10	die	Erhebung
10	die	Emma
10	die	Eingeweide
10	die	Dummheit
10	die	Dienerschaft
10	die	Deduktion
10	die	Bezeichnung
10	die	Beschreibung
10	die	Begier
10	die	Bastonnade
10	die	Axt
10	die	Ausdehnung
10	die	Ansichten
10	die	Absichten
10	Die	Wolken
10	Die	Tugend
10	Die	Tante
10	Die	Stellung
10	Die	Schar
10	Die	Reise
10	Die	Quelle
10	Die	Nächte
10	Die	Namen
10	Die	Nachricht
10	Die	Metaphysik
10	Die	Lehrerin
10	Die	Ideen
10	Die	Herzogin
10	Die	Feinde
10	Die	Engel
10	Die	Boten
10	Die	Blumen
10	Die	Bauern
10	Die	Antinomie
10	Die	Analytik
9	die	Äußerung
9	die	Zigarette
9	die	Ziele
9	die	Zehen
9	die	Ysätter
9	die	Wiege
9	die	Wacht
9	die	Vorsehung
9	die	Vorhaut
9	die	Vollkommenheit
9	die	Verzweiflung
9	die	Versuchung
9	die	Versuche
9	die	Verstandesbegriffe
9	die	Verluste
9	die	Verehrung
9	die	Unterwelt
9	die	Unterredung
9	die	Träumerin
9	die	Truppe
9	die	Trompete
9	die	Trauung
9	die	Transzendental
9	die	Tischplatte
9	die	Tauben
9	die	Sünden
9	die	Symbolik
9	die	Strassen
9	die	Spiele
9	die	Spannung
9	die	Sorgen
9	die	Sitze
9	die	Senatorin
9	die	Seel
9	die	Schönste
9	die	Schwerter
9	die	Schwalben
9	die	Schlösser
9	die	Schammar
9	die	Sauce
9	die	Sachlage
9	die	Saaten
9	die	Riemen
9	die	Reproduktion
9	die	Reize
9	die	Redensart
9	die	Polen
9	die	Pistole
9	die	Parteien
9	die	Ochsen
9	die	Nächte
9	die	Neugierde
9	die	Mörder
9	die	Möglichkeiten
9	die	Musikanten
9	die	Messer
9	die	Meinungen
9	die	Majestät
9	die	Leichen
9	die	Landwirtschaft
9	die	Kutschen
9	die	Kuchen
9	die	Klänge
9	die	Klinge
9	die	Klaus
9	die	Klage
9	die	Kirchen
9	die	Kerle
9	die	Karenina
9	die	Karawane
9	die	Kaiserin
9	die	Jahreszeit
9	die	Inseln
9	die	Inschrift
9	die	Häupter
9	die	Hoheit
9	die	Hirten
9	die	Heiterkeit
9	die	Harfe
9	die	Handschrift
9	die	Grausamkeit
9	die	Gestaltung
9	die	Gespenster
9	die	Gesetzgebung
9	die	Geschwornen
9	die	Geschwindigkeit
9	die	Gemeinheit
9	die	Gegner
9	die	Gebärde
9	die	Galerie
9	die	Gaben
9	die	Führer
9	die	Furche
9	die	Funken
9	die	Freundlichkeit
9	die	Freitreppe
9	die	Frechheit
9	die	Frauenzimmer
9	die	Fortpflanzung
9	die	Folgerung
9	die	Fluten
9	die	Flamm
9	die	Ferdinger
9	die	Fabel
9	die	Extreme
9	die	Erweiterung
9	die	Erlösung
9	die	Erinnrung
9	die	Enten
9	die	Enden
9	die	Einwirkung
9	die	Einführung
9	die	Einbildung
9	die	Eigentümlichkeit
9	die	Eifersucht
9	die	Ehrfurcht
9	die	Ehescheidung
9	die	Droschke
9	die	Dienste
9	die	Bürde
9	die	Burschen
9	die	Bude
9	die	Buchstaben
9	die	Bogen
9	die	Bewunderung
9	die	Beute
9	die	Betten
9	die	Besatzung
9	die	Berechtigung
9	die	Beiden
9	die	Bedienten
9	die	Beantwortung
9	die	Autoren
9	die	Augenlider
9	die	Aufhebung
9	die	Aufforderung
9	die	Artillerie
9	die	Anzahl
9	die	Ansprüche
9	die	Anna
9	die	Anmut
9	die	Akten
9	die	Absurdität
9	die	Abende
9	Die	Zwicker
9	Die	Wдrterin
9	Die	Witwe
9	Die	Uhr
9	Die	Traumarbeit
9	Die	Thür
9	Die	Tafel
9	Die	Schöne
9	Die	Schwierigkeiten
9	Die	Schwierigkeit
9	Die	Sage
9	Die	Römer
9	Die	Räuber
9	Die	Rosse
9	Die	Revolution
9	Die	Phantasie
9	Die	Offiziere
9	Die	Lust
9	Die	Lehre
9	Die	Künstler
9	Die	Krähen
9	Die	Kleinen
9	Die	Jahre
9	Die	Individualität
9	Die	Hunde
9	Die	Hoffnung
9	Die	Herrschaften
9	Die	Guten
9	Die	Grundsätze
9	Die	Gnade
9	Die	Erregung
9	Die	Erklärung
9	Die	Elemente
9	Die	Ehe
9	Die	Brüder
9	Die	Braut
9	Die	Biziukina
9	Die	Begriffe
9	Die	Arme
8	die	Überlegenheit
8	die	Übereinstimmung
8	die	Ärmel
8	die	Zwerge
8	die	Zusammenstimmung
8	die	Zimmerherren
8	die	Zeugen
8	die	Zeichnungen
8	die	Wochen
8	die	Winkel
8	die	Widerlegung
8	die	Weite
8	die	Wechsel
8	die	Wachen
8	die	Vorwürfe
8	die	Vorteile
8	die	Verwendung
8	die	Versöhnung
8	die	Vernunfteinheit
8	die	Verführung
8	die	Verfolger
8	die	Ungewißheit
8	die	Türme
8	die	Tropfen
8	die	Triglaff
8	die	Traumentstellung
8	die	Thatsache
8	die	Störung
8	die	Stuhllehne
8	die	Steppe
8	die	Starken
8	die	Sperlinge
8	die	Sonnenstrahlen
8	die	Sitte
8	die	Schürze
8	die	Schöpfung
8	die	Schönen
8	die	Schnitter
8	die	Schmach
8	die	Schläfe
8	die	Schalen
8	die	Rätsel
8	die	Russen
8	die	Ruinen
8	die	Rippen
8	die	Rinde
8	die	Rettung
8	die	Resultate
8	die	Reihenfolge
8	die	Reden
8	die	Rangordnung
8	die	Prinzen
8	die	Prediger
8	die	Perle
8	die	Pension
8	die	Pein
8	die	Nudel
8	die	Neger
8	die	Nachtigallen
8	die	Nachbarn
8	die	Mähne
8	die	Mode
8	die	Maschinengewehre
8	die	Mannschaft
8	die	Maler
8	die	Mahlzeit
8	die	Madonna
8	die	Länder
8	die	Liste
8	die	Kreatur
8	die	Knöchel
8	die	Klippen
8	die	Ketten
8	die	Kessiner
8	die	Katastrophe
8	die	Kaaba
8	die	Jesuiten
8	die	Illusion
8	die	Ihren
8	die	Hдnde
8	die	Hцh
8	die	Henne
8	die	Heiligkeit
8	die	Heilige
8	die	Gurgel
8	die	Goethe
8	die	Gipfel
8	die	Gesetzmäßigkeit
8	die	Gemüther
8	die	Gebäude
8	die	Gabel
8	die	Frommen
8	die	Flinte
8	die	Feier
8	die	Familien
8	die	Eule
8	die	Erste
8	die	Ergebnisse
8	die	Erd
8	die	Engländerin
8	die	Energie
8	die	Eisenbahn
8	die	Einwilligung
8	die	Einschränkung
8	die	Einleitung
8	die	Dorfstraße
8	die	Dirne
8	die	Diederich
8	die	Deichsel
8	die	Dankbarkeit
8	die	Bürgerschaft
8	die	Bösen
8	die	Burgen
8	die	Bucht
8	die	Brieftasche
8	die	Bohnen
8	die	Beurteilung
8	die	Beschäftigung
8	die	Berührung
8	die	Berichtigung
8	die	Beobachtungen
8	die	Behältnisse
8	die	Befreiung
8	die	Barbys
8	die	Ausnahme
8	die	Aufschrift
8	die	Anstalten
8	die	Anfänge
8	die	Anderen
8	die	Alpen
8	die	Akademie
8	die	Abwesenheit
8	Die	Unterschiede
8	Die	Türe
8	Die	Treppe
8	Die	Theorie
8	Die	Tatsache
8	Die	Substanz
8	Die	Station
8	Die	Situation
8	Die	Sehnsucht
8	Die	Schule
8	Die	Ritter
8	Die	Pröpstin
8	Die	Postmeisterin
8	Die	Philosophen
8	Die	Nachtigall
8	Die	Maschine
8	Die	Kunde
8	Die	Hölle
8	Die	Herrschaft
8	Die	Götter
8	Die	Glocken
8	Die	Glocke
8	Die	Funktion
8	Die	Freunde
8	Die	Einsamkeit
8	Die	Dämmerung
8	Die	Domina
8	Die	Blätter
8	Die	Beobachtung
8	Die	Arbeiter
8	Die	Absicht
7	die	Übertragung
7	die	Äste
7	die	Ägypter
7	die	Äcker
7	die	Zwicker
7	die	Zwei
7	die	Zucht
7	die	Zigeunerin
7	die	Zigarre
7	die	Zeugin
7	die	Zerstörung
7	die	Zelle
7	die	Wildgans
7	die	Wiederherstellung
7	die	Wichtigkeit
7	die	Wesenheit
7	die	Weltgeschichte
7	die	Warze
7	die	Warnungen
7	die	Wahrscheinlichkeit
7	die	Vollbringung
7	die	Verwirrung
7	die	Verhandlungen
7	die	Verbindlichkeit
7	die	Verachtung
7	die	Unwissenheit
7	die	Unordnung
7	die	Ungeduld
7	die	Umkehrung
7	die	Umgegend
7	die	Tritte
7	die	Triebkraft
7	die	Tony
7	die	Tom
7	die	Thüren
7	die	Thore
7	die	Teller
7	die	Teilnehmer
7	die	Teestunde
7	die	Tausende
7	die	Taten
7	die	Tassen
7	die	Tarnkappe
7	die	Tapeten
7	die	Säle
7	die	Säcke
7	die	Stöße
7	die	Stufe
7	die	Streitenden
7	die	Strasse
7	die	Stalltür
7	die	Sozialdemokraten
7	die	Sklaven
7	die	Sehkraft
7	die	Schwägerin
7	die	Schwiegermutter
7	die	Schweiz
7	die	Schulden
7	die	Schtscherbazkiy
7	die	Schlußfolge
7	die	Schiffer
7	die	Schicksale
7	die	Scheune
7	die	Schauer
7	die	Räume
7	die	Romantik
7	die	Rezeptivität
7	die	Reue
7	die	Relation
7	die	Rampe
7	die	Physik
7	die	Orte
7	die	Organisation
7	die	Nibelungenstrophe
7	die	Neige
7	die	Nachahmung
7	die	Mäuschen
7	die	Motilität
7	die	Mission
7	die	Minute
7	die	Minnigliche
7	die	Metamorphose
7	die	Mazurka
7	die	Löwen
7	die	List
7	die	Lieferanten
7	die	Libelle
7	die	Leistungen
7	die	Leistung
7	die	Lehren
7	die	Leere
7	die	Laune
7	die	Laube
7	die	Laster
7	die	Lasten
7	die	Körbe
7	die	Königinnen
7	die	Kutsche
7	die	Kunstwerke
7	die	Kreide
7	die	Krallen
7	die	Kohlen
7	die	Klinke
7	die	Klagen
7	die	Kaufleute
7	die	Kasse
7	die	Kartoffel
7	die	Kappe
7	die	Julia
7	die	Innerlichkeit
7	die	Ihrigen
7	die	Honneurs
7	die	Hindernisse
7	die	Heunen
7	die	Haupttreppe
7	die	Haufen
7	die	Hasen
7	die	Handwerker
7	die	Handschuhe
7	die	Grundlagen
7	die	Grillen
7	die	Geschlechter
7	die	Gelenke
7	die	Geleise
7	die	Gegensätze
7	die	Gegenständlichkeit
7	die	Gatten
7	die	Gastfreundschaft
7	die	Fäden
7	die	Fußgänger
7	die	Funktion
7	die	Freundinnen
7	die	Flüssigkeit
7	die	Flügeltür
7	die	Flöte
7	die	Fliege
7	die	Finnin
7	die	Festung
7	die	Feile
7	die	Expedition
7	die	Europäer
7	die	Eulen
7	die	Erfolge
7	die	Entgegensetzung
7	die	Entfremdung
7	die	Ente
7	die	Elche
7	die	Elbe
7	die	Einöde
7	die	Einseitigkeit
7	die	Eine
7	die	Dörfer
7	die	Drachen
7	die	Dielen
7	die	Diebe
7	die	Deinen
7	die	Bäuerin
7	die	Bären
7	die	Bänder
7	die	Bäche
7	die	Burgunden
7	die	Brücken
7	die	Brunnen
7	die	Boys
7	die	Bibliothek
7	die	Bestätigung
7	die	Besten
7	die	Bestellung
7	die	Besetzung
7	die	Belgier
7	die	Behauptungen
7	die	Begleitung
7	die	Befugnis
7	die	Befruchtung
7	die	Bedenklichkeit
7	die	Bahre
7	die	Ausbildung
7	die	Apperzeption
7	die	Anwesenden
7	die	Anstrengung
7	die	Anhänger
7	die	Angehörigen
7	die	Amerikaner
7	die	Achse
7	die	Abschrift
7	die	Abreise
7	die	Ablösung
7	die	Ableitung
7	die	Abgründe
7	Die	Zwerge
7	Die	Wangen
7	Die	Tränen
7	Die	Tat
7	Die	Schuld
7	Die	Ruhe
7	Die	Ruder
7	Die	Rolle
7	Die	Pflicht
7	Die	Person
7	Die	Ordnung
7	Die	Obeïde
7	Die	Netziger
7	Die	Mauern
7	Die	Mama
7	Die	Libelle
7	Die	Leidenschaft
7	Die	Landschaft
7	Die	Kälte
7	Die	Kugeln
7	Die	Kritik
7	Die	Krankheit
7	Die	Katze
7	Die	Kategorien
7	Die	Kategorie
7	Die	Identifizierung
7	Die	Hälfte
7	Die	Haddedihn
7	Die	Göttin
7	Die	Gunthern
7	Die	Griechen
7	Die	Grenze
7	Die	Glut
7	Die	Gesichter
7	Die	Franzosen
7	Die	Fragen
7	Die	Fische
7	Die	Farbe
7	Die	Fahne
7	Die	Dichterin
7	Die	Decke
7	Die	Bücher
7	Die	Bewegungen
7	Die	Aufregung
7	Die	Aufgabe
6	die	Überreste
6	die	Öde
6	die	Äußerlichkeit
6	die	Züchtigung
6	die	Zinsen
6	die	Zierde
6	die	Zerstreuung
6	die	Wдrterin
6	die	Wonnen
6	die	Wirksamkeit
6	die	Werkzeuge
6	die	Wanduhr
6	die	Vorschrift
6	die	Voraussetzungen
6	die	Violine
6	die	Veränderungen
6	die	Verwandtschaft
6	die	Verstandeserkenntnisse
6	die	Vermehrung
6	die	Verlängerung
6	die	Verhandlung
6	die	Verfügung
6	die	Vererbung
6	die	Verbrecher
6	die	Ursach
6	die	Urheber
6	die	Unterwerfung
6	die	Uhren
6	die	Trave
6	die	Traumphantasie
6	die	Tote
6	die	Tinte
6	die	Teufel
6	die	Tete
6	die	Süßigkeiten
6	die	Sänger
6	die	Subsumtion
6	die	Stätten
6	die	Stuben
6	die	Stiftung
6	die	Steigerung
6	die	Stechliner
6	die	Statue
6	die	Staatsgewalt
6	die	Spekulation
6	die	Speicher
6	die	Spatzen
6	die	Spalten
6	die	Sozialdemokratie
6	die	Sixtinische
6	die	Sensibilität
6	die	Seine
6	die	Schüsse
6	die	Schwerkraft
6	die	Schweizer
6	die	Schweine
6	die	Schulen
6	die	Schlingen
6	die	Scheu
6	die	Sammlung
6	die	Rosa
6	die	Religionen
6	die	Regungen
6	die	Realitäten
6	die	Preise
6	die	Pracht
6	die	Poren
6	die	Pistolen
6	die	Pilger
6	die	Physiologie
6	die	Pfropfen
6	die	Pfaffen
6	die	Pfade
6	die	Patres
6	die	Patienten
6	die	Pastorin
6	die	Partie
6	die	Pariser
6	die	Operation
6	die	Offenbarung
6	die	Nummer
6	die	Nonnen
6	die	Neuigkeit
6	die	Nesseln
6	die	Nemsi
6	die	Naturwissenschaften
6	die	Naturlehre
6	die	Natureinheit
6	die	Nation
6	die	Narbe
6	die	Nacktheit
6	die	Nachwelt
6	die	Mützen
6	die	Mühlen
6	die	Mücke
6	die	Mären
6	die	Mängel
6	die	Minuten
6	die	Minister
6	die	Meere
6	die	Medici
6	die	Manier
6	die	Mamsell
6	die	Majorität
6	die	Maid
6	die	Mahlzeiten
6	die	Macchiavelli
6	die	Lumpen
6	die	Logiker
6	die	Liebenden
6	die	Lichtung
6	die	Leiber
6	die	Kürze
6	die	Kühnen
6	die	Kronen
6	die	Krittler
6	die	Krawatte
6	die	Krankheiten
6	die	Krankenpflegerin
6	die	Kost
6	die	Konsequenz
6	die	Kolonie
6	die	Koffer
6	die	Kindlein
6	die	Kinderfrau
6	die	Kiefer
6	die	Keuschheit
6	die	Kessine
6	die	Kerne
6	die	Kanzel
6	die	Kanne
6	die	Kajüte
6	die	Jünglinge
6	die	Jungfer
6	die	Jacke
6	die	Individuen
6	die	Ihre
6	die	Identifizierung
6	die	Hütten
6	die	Höflichkeit
6	die	Historie
6	die	Hingabe
6	die	Hervorbringung
6	die	Heirat
6	die	Heimkehr
6	die	Hecke
6	die	Haustüre
6	die	Hauptperson
6	die	Haube
6	die	Handlungsweise
6	die	Handflächen
6	die	Hacke
6	die	Grösse
6	die	Graugans
6	die	Gouvernementsstadt
6	die	Gitarre
6	die	Gewässer
6	die	Gewohnheiten
6	die	Gesellen
6	die	Gesamtheit
6	die	Gerichte
6	die	Geisteswissenschaften
6	die	Geheime
6	die	Gegenden
6	die	Gebärden
6	die	Fähre
6	die	Fräul
6	die	Fruchtbarkeit
6	die	Frische
6	die	Freigebigkeit
6	die	Fraue
6	die	Französin
6	die	Fortschritte
6	die	Foderung
6	die	Florentiner
6	die	Feste
6	die	Feindschaft
6	die	Feigheit
6	die	Euch
6	die	Erörterung
6	die	Erweckung
6	die	Erlaubniß
6	die	Erkrankung
6	die	Erfinder
6	die	Erbsen
6	die	Er
6	die	Entstellung
6	die	Ellenbogen
6	die	Ellbogen
6	die	Eisenbahnen
6	die	Einzelnen
6	die	Einstimmung
6	die	Eingänge
6	die	Einen
6	die	Ecken
6	die	Ebenen
6	die	Dünen
6	die	Dummen
6	die	Dingheit
6	die	Dienerin
6	die	Dich
6	die	Dialektik
6	die	Desjatine
6	die	Deine
6	die	Decken
6	die	Charaktere
6	die	Büste
6	die	Bärin
6	die	Brandung
6	die	Boote
6	die	Blitze
6	die	Binde
6	die	Bewährung
6	die	Betrachtungen
6	die	Beschneidung
6	die	Berufung
6	die	Berchtesgadens
6	die	Beobachter
6	die	Bemühungen
6	die	Begegnung
6	die	Baumwipfel
6	die	Barrikade
6	die	Ausstellung
6	die	Ausgaben
6	die	Arbeitskraft
6	die	Anzeige
6	die	Antworten
6	die	Antithesis
6	die	Anordnung
6	die	Anmaßung
6	die	Anlagen
6	die	Anklage
6	die	Anhöhe
6	die	Anerkennung
6	die	Andeutung
6	die	Andacht
6	die	Analogie
6	Die	Wunder
6	Die	Vorigen
6	Die	Vereinigung
6	Die	Türen
6	Die	Trippelli
6	Die	Traumentstellung
6	Die	Traumdeutung
6	Die	Thiere
6	Die	Söhne
6	Die	Summe
6	Die	Stunden
6	Die	Spinne
6	Die	Sitzung
6	Die	Sinnlichkeit
6	Die	Sinnenwelt
6	Die	Seelen
6	Die	Schüler
6	Die	Schönheit
6	Die	Schwäne
6	Die	Schwiegermutter
6	Die	Schlacht
6	Die	Schildkröte
6	Die	Sachen
6	Die	Regierung
6	Die	Recken
6	Die	Prinzessin
6	Die	Priester
6	Die	Pielemann
6	Die	Pflanze
6	Die	Originalausgabe
6	Die	Neigung
6	Die	Märe
6	Die	Moralität
6	Die	Mehrzahl
6	Die	Maus
6	Die	Materie
6	Die	Masse
6	Die	Lokomotive
6	Die	Leiden
6	Die	Lampen
6	Die	Kräfte
6	Die	Krabbe
6	Die	Kompagnie
6	Die	Jugend
6	Die	Hütte
6	Die	Herden
6	Die	Helden
6	Die	Größe
6	Die	Geschwister
6	Die	Gelegenheit
6	Die	Gabe
6	Die	Frucht
6	Die	Frauenzimmer
6	Die	Flügel
6	Die	Flamme
6	Die	Erscheinungen
6	Die	Einsicht
6	Die	Bürger
6	Die	Brust
6	Die	Bildung
6	Die	Beweise
6	Die	Befriedigung
6	Die	Bedingungen
6	Die	Annahme
5	die	Übersetzung
5	die	Überschrift
5	die	Ökonomie
5	die	Äpfel
5	die	Äbtissin
5	die	Zurückhaltung
5	die	Zuneigung
5	die	Zulänglichkeit
5	die	Zimmerdecke
5	die	Zigeuner
5	die	Ziffern
5	die	Ziffer
5	die	Zellen
5	die	Würmer
5	die	Wärterin
5	die	Wund
5	die	Wronskiy
5	die	Wissenschaftlichkeit
5	die	Wiederkehr
5	die	Wendung
5	die	Weiße
5	die	Weideplätze
5	die	Wehr
5	die	Warnung
5	die	Waren
5	die	Ware
5	die	Wanze
5	die	Wanderer
5	die	Wahrheiten
5	die	Wabe
5	die	Vöglein
5	die	Vorräte
5	die	Vorhalle
5	die	Vorderbeine
5	die	Volksschule
5	die	Viel
5	die	Verwechslung
5	die	Verlegenheit
5	die	Verirrungen
5	die	Verbannung
5	die	Urne
5	die	Unverschämtheit
5	die	Untreue
5	die	Unteroffiziere
5	die	Unternehmungen
5	die	Unglücklichen
5	die	Ungläubigen
5	die	Unabhängigkeit
5	die	Umstehenden
5	die	Ueberzeugung
5	die	Uebersetzung
5	die	Tüte
5	die	Tölpel
5	die	Tyrannei
5	die	Trägheit
5	die	Trichter
5	die	Tribüne
5	die	Traumquellen
5	die	Traumbilder
5	die	Trauben
5	die	Transzendentalphilosophie
5	die	Tracht
5	die	Totos
5	die	Toren
5	die	Toiletten
5	die	Todten
5	die	Thäler
5	die	Thomas
5	die	Theologie
5	die	Theekanne
5	die	Tendenz
5	die	Temperatur
5	die	Teilbarkeit
5	die	Teiche
5	die	Technik
5	die	Tatzen
5	die	Tapferkeit
5	die	Tapete
5	die	Tannen
5	die	Taille
5	die	Säule
5	die	Sättel
5	die	Säge
5	die	Syphilis
5	die	Stürme
5	die	Stäbe
5	die	Ströme
5	die	Strophe
5	die	Strapazen
5	die	Storchmutter
5	die	Spree
5	die	Spontaneität
5	die	Sonntagsschule
5	die	Sonntage
5	die	Sonnenuhr
5	die	Sonnen
5	die	Sieger
5	die	Sensationen
5	die	Selige
5	die	Seife
5	die	Sehenswürdigkeiten
5	die	Schützengräben
5	die	Schätzung
5	die	Schärfe
5	die	Schäfte
5	die	Schwämme
5	die	Schwindsucht
5	die	Schwefelhölzer
5	die	Schmetterlinge
5	die	Schlüsse
5	die	Schlüpfe
5	die	Schleppe
5	die	Schlangen
5	die	Schlachten
5	die	Schenke
5	die	Schellen
5	die	Scheiks
5	die	Salzdecke
5	die	Saison
5	die	Rüstung
5	die	Röte
5	die	Rute
5	die	Robe
5	die	Risse
5	die	Riegel
5	die	Renntiere
5	die	Reiche
5	die	Rehe
5	die	Rechnungen
5	die	Realisierung
5	die	Raubtiere
5	die	Quälerei
5	die	Quantität
5	die	Quadrille
5	die	Pyramide
5	die	Puppe
5	die	Pumpe
5	die	Provinz
5	die	Protestanten
5	die	Prostitution
5	die	Produkte
5	die	Priesterin
5	die	Praxis
5	die	Portieren
5	die	Pole
5	die	Platten
5	die	Pietät
5	die	Physiognomie
5	die	Pflugschar
5	die	Pferdebahn
5	die	Pfarre
5	die	Perücke
5	die	Perser
5	die	Orsini
5	die	Oberlippe
5	die	Niederlage
5	die	Nichte
5	die	Neuigkeiten
5	die	Netze
5	die	Nadel
5	die	Müdigkeit
5	die	Mücken
5	die	Mäuler
5	die	Märchen
5	die	Mutterzelle
5	die	Morgenröthe
5	die	Morgenröte
5	die	Modifikation
5	die	Mittagsstunde
5	die	Mischung
5	die	Meta
5	die	Merkmale
5	die	Meisterin
5	die	Meinigen
5	die	Meine
5	die	Maschinen
5	die	Markomannen
5	die	Malerin
5	die	Malerei
5	die	Maassen
5	die	Löwin
5	die	Läden
5	die	Luftröhre
5	die	Lombardei
5	die	Locken
5	die	Lilien
5	die	Letzten
5	die	Leine
5	die	Legende
5	die	Lebensmittel
5	die	Laufbahn
5	die	Landung
5	die	Küsse
5	die	Körner
5	die	Könge
5	die	Kämpfenden
5	die	Kämpfe
5	die	Kränkung
5	die	Krisis
5	die	Kreuz
5	die	Krankengeschichte
5	die	Kohle
5	die	Kobolde
5	die	Knechtschaft
5	die	Kluft
5	die	Klippe
5	die	Klementine
5	die	Kleinigkeit
5	die	Kinderstube
5	die	Keule
5	die	Kellertreppe
5	die	Katholiken
5	die	Kastanien
5	die	Kardinäle
5	die	Kanzlei
5	die	Kante
5	die	Kandare
5	die	Kaffeekanne
5	die	Juristen
5	die	Jumben
5	die	Journale
5	die	Jahreszahl
5	die	Irrtümer
5	die	Ironie
5	die	Intensität
5	die	Höll
5	die	Händchen
5	die	Husch
5	die	Hufe
5	die	Hosentaschen
5	die	Holde
5	die	Hoffnungen
5	die	Hirsche
5	die	Heuschrecken
5	die	Heuchelei
5	die	Herberge
5	die	Hebamme
5	die	Hausmutter
5	die	Hauptrolle
5	die	Harnblase
5	die	Gruppen
5	die	Grundmauern
5	die	Gruft
5	die	Großherzogin
5	die	Grabensohle
5	die	Gouvernante
5	die	Goethes
5	die	Gespräche
5	die	Gesellschaften
5	die	Geschicklichkeit
5	die	Gesandten
5	die	Geräusche
5	die	Genugtuung
5	die	Genies
5	die	Gemälde
5	die	Gemächer
5	die	Gelder
5	die	Geistlichkeit
5	die	Geier
5	die	Geheimrätin
5	die	Gefälligkeit
5	die	Gefährten
5	die	Gedärme
5	die	Gardine
5	die	Führerin
5	die	Fußspitzen
5	die	Furchen
5	die	Fundamente
5	die	Fräulein
5	die	Freyheit
5	die	Fresse
5	die	Fraun
5	die	Folter
5	die	Flocken
5	die	Fledermäuse
5	die	Fledermaus
5	die	Flaschen
5	die	Fingerspitzen
5	die	Fessel
5	die	Felswand
5	die	Feierlichkeit
5	die	Fassade
5	die	Falschheit
5	die	Evidenz
5	die	Erwägung
5	die	Erwartungen
5	die	Erleuchtung
5	die	Erkenntniskraft
5	die	Erfindung
5	die	Erfahrungsgrenze
5	die	Equipage
5	die	Entschlossenheit
5	die	Einkünfte
5	die	Eingeborenen
5	die	Einflüsse
5	die	Dünste
5	die	Dämme
5	die	Dscheheïne
5	die	Drossel
5	die	Drei
5	die	Doktor
5	die	Dirn
5	die	Dienstboten
5	die	Deutungsarbeit
5	die	Depesche
5	die	Denkungsart
5	die	Debatte
5	die	Dahabïe
5	die	Creme
5	die	Bürgschaft
5	die	Bärenmutter
5	die	Bänke
5	die	Brusttasche
5	die	Briests
5	die	Brauchbarkeit
5	die	Brahmanen
5	die	Boma
5	die	Blende
5	die	Birken
5	die	Beutel
5	die	Bettler
5	die	Bescherung
5	die	Beruhigung
5	die	Berechnung
5	die	Bequemlichkeit
5	die	Benutzung
5	die	Benennung
5	die	Begrenzung
5	die	Begierden
5	die	Begebenheiten
5	die	Befürchtung
5	die	Befolgung
5	die	Befehle
5	die	Bedienung
5	die	Bearbeitung
5	die	Baumeister
5	die	Basis
5	die	Base
5	die	Barbyschen
5	die	Balkontür
5	die	Außenseite
5	die	Ausübung
5	die	Aussagen
5	die	Aussage
5	die	Ausführungen
5	die	Ausdrücke
5	die	Aufträge
5	die	Aufopferung
5	die	Auferstehung
5	die	Ateïbeh
5	die	Assoziation
5	die	Artilleristen
5	die	Aristokraten
5	die	Apotheke
5	die	Anziehungskraft
5	die	Anziehung
5	die	Anspielung
5	die	Anschauungen
5	die	Anregung
5	die	Anrede
5	die	Anordnungen
5	die	Annäherung
5	die	Andre
5	die	Anbetung
5	die	Analysis
5	die	Adligen
5	die	Abneigung
5	die	Abendsonne
5	Die	Zimmer
5	Die	Zeitungen
5	Die	Wut
5	Die	Wurzeln
5	Die	Wunde
5	Die	Wirtin
5	Die	Wellen
5	Die	Weisheit
5	Die	Wege
5	Die	Volks
5	Die	Veränderung
5	Die	Verwandtschaft
5	Die	Verschiedenheit
5	Die	Urpflanze
5	Die	Umstände
5	Die	Türken
5	Die	Töne
5	Die	Traumgedanken
5	Die	Toten
5	Die	Teufel
5	Die	Teilung
5	Die	Sünde
5	Die	Stimm
5	Die	Spitze
5	Die	Sozialdemokratie
5	Die	Sonnenstrahlen
5	Die	Seite
5	Die	Schatten
5	Die	Schale
5	Die	Richter
5	Die	Rache
5	Die	Persönlichkeit
5	Die	Not
5	Die	Nase
5	Die	Mütter
5	Die	Mörder
5	Die	Mönche
5	Die	Moral
5	Die	Momente
5	Die	Mittel
5	Die	Mitte
5	Die	Mauer
5	Die	Maschinen
5	Die	Lippen
5	Die	Lind
5	Die	Lieb
5	Die	Lichter
5	Die	Köchin
5	Die	Krone
5	Die	Kranken
5	Die	Kranke
5	Die	Knaben
5	Die	Ketten
5	Die	Kerls
5	Die	Kammerjungfer
5	Die	Jungfrau
5	Die	Jumben
5	Die	Jagd
5	Die	Insel
5	Die	Hornissen
5	Die	Herzen
5	Die	Heimkehr
5	Die	Haut
5	Die	Gewohnheit
5	Die	Geschwornen
5	Die	Gerechtigkeit
5	Die	Generalin
5	Die	Geburt
5	Die	Gabel
5	Die	Füße
5	Die	Flut
5	Die	Felsen
5	Die	Felder
5	Die	Existenz
5	Die	Etzeln
5	Die	Entwicklung
5	Die	Entscheidung
5	Die	Einwohner
5	Die	Ehre
5	Die	Egge
5	Die	Dichter
5	Die	Brücke
5	Die	Botschaft
5	Die	Blume
5	Die	Blicke
5	Die	Bilder
5	Die	Beziehung
5	Die	Beine
5	Die	Begierde
5	Die	Bedingung
5	Die	Bank
5	Die	Auserwählten
5	Die	Atmosphäre
5	Die	Architektonik
5	Die	Adler
5	Die	Abu
5	Die	Absurdität
5	Die	Abreise
4	die	Übung
4	die	Überwindung
4	die	Übersicht
4	die	Überschwemmung
4	die	Überredung
4	die	Übermacht
4	die	Ästhetik
4	die	Ältesten
4	die	Zärtlichkeit
4	die	Zusicherung
4	die	Zusammenhänge
4	die	Zurückführung
4	die	Zugänge
4	die	Zugvögel
4	die	Zigaretten
4	die	Zeugnisse
4	die	Zerstreuungen
4	die	Zersetzung
4	die	Zeitordnung
4	die	Zeiger
4	die	Wölbung
4	die	Wurst
4	die	Wort
4	die	Wissenschaften
4	die	Wimpern
4	die	Wilden
4	die	Werkstätten
4	die	Wendeltreppe
4	die	Weltursache
4	die	Weltgröße
4	die	Weltgrenze
4	die	Weltanschauung
4	die	Weisung
4	die	Weisesten
4	die	Weiden
4	die	Wasserfläche
4	die	Wandlung
4	die	Wanderung
4	die	Wagschale
4	die	Waden
4	die	Vorstädte
4	die	Vorstadt
4	die	Vorschläge
4	die	Vorigen
4	die	Vorfahren
4	die	Vorderreihe
4	die	Vorderpfoten
4	die	Vorbereitung
4	die	Volkshymne
4	die	Vierzig
4	die	Vier
4	die	Verzeichnung
4	die	Verteidiger
4	die	Verstorbenen
4	die	Versammelten
4	die	Veronika
4	die	Vernunfterkenntnis
4	die	Vernachlässigung
4	die	Vermählung
4	die	Verleumdung
4	die	Verletzung
4	die	Verkündigung
4	die	Verklärung
4	die	Vergänglichkeit
4	die	Vergessenheit
4	die	Verdopplung
4	die	Verdichtung
4	die	Verderbnis
4	die	Verdauung
4	die	Verbrechen
4	die	Verbindungen
4	die	Venus
4	die	Urpflanze
4	die	Unwirklichkeit
4	die	Unterthanen
4	die	Unsicherheit
4	die	Unrat
4	die	Universitäten
4	die	Unfähigkeit
4	die	Undurchdringlichkeit
4	die	Uebrigen
4	die	Tьr
4	die	Tücke
4	die	Törleß
4	die	Trunksucht
4	die	Truhe
4	die	Trompeten
4	die	Trockenlegung
4	die	Trockenheit
4	die	Treu
4	die	Trense
4	die	Treiber
4	die	Tragweite
4	die	Torheiten
4	die	Tollheit
4	die	Toilette
4	die	Theologen
4	die	Termosesow
4	die	Teppiche
4	die	Tempel
4	die	Temben
4	die	Taschenuhr
4	die	Tanzmusik
4	die	Tagesreste
4	die	Tafeln
4	die	Systeme
4	die	Sympathie
4	die	Substanzen
4	die	Störche
4	die	Stände
4	die	Ställe
4	die	Sträucher
4	die	Sträflinge
4	die	Strenge
4	die	Straßenbahnen
4	die	Strategie
4	die	Strafen
4	die	Stolzen
4	die	Stoffe
4	die	Stimm
4	die	Stiefeln
4	die	Sterblichen
4	die	Stechlins
4	die	Stechline
4	die	Statuen
4	die	Staatskasse
4	die	Spiritualität
4	die	Spinnen
4	die	Spiegelgalerie
4	die	Sphären
4	die	Spaziergänge
4	die	Somme
4	die	Sofaecke
4	die	Sinnesart
4	die	Signale
4	die	Siegfriedstellung
4	die	Seuche
4	die	Servietten
4	die	Serviette
4	die	Serbolowa
4	die	Sensation
4	die	Sennerinnen
4	die	Seile
4	die	Seevögel
4	die	Seekrankheit
4	die	Seehunde
4	die	Schützenlinie
4	die	Schwärmerei
4	die	Schwänze
4	die	Schwächen
4	die	Schwerverwundeten
4	die	Schwermut
4	die	Schwangerschaft
4	die	Schuppen
4	die	Schuldigen
4	die	Schriftzüge
4	die	Schote
4	die	Schopenhauersche
4	die	Schnepfen
4	die	Schnelligkeit
4	die	Schneide
4	die	Schneckenmutter
4	die	Schnecke
4	die	Schnauze
4	die	Schminke
4	die	Schmiede
4	die	Schluchten
4	die	Schleier
4	die	Schlechtigkeit
4	die	Schlauheit
4	die	Schlang
4	die	Scherner
4	die	Schere
4	die	Scherben
4	die	Schemate
4	die	Schelde
4	die	Scheidewand
4	die	Schauspielerin
4	die	Schaukel
4	die	Schaufel
4	die	Schamspalte
4	die	Scene
4	die	Samenfäden
4	die	Safari
4	die	Sachsen
4	die	Sach
4	die	Rückseite
4	die	Rückkunft
4	die	Rückfahrt
4	die	Römerin
4	die	Runzeln
4	die	Ruine
4	die	Rufe
4	die	Rotte
4	die	Rosinen
4	die	Romagna
4	die	Rollen
4	die	Rennbahn
4	die	Regentropfen
4	die	Regelmäßigkeit
4	die	Reede
4	die	Rechtsame
4	die	Reben
4	die	Ratte
4	die	Ratschläge
4	die	Rasse
4	die	Purpurros
4	die	Puppen
4	die	Psychopathologie
4	die	Psychoanalyse
4	die	Präsidentin
4	die	Prädikabilien
4	die	Prozession
4	die	Prostituierten
4	die	Prinz
4	die	Position
4	die	Pointe
4	die	Pläne
4	die	Plattform
4	die	Planke
4	die	Planeten
4	die	Pielemann
4	die	Phänomene
4	die	Pflüge
4	die	Pfeifen
4	die	Pfanne
4	die	Perlen
4	die	Pantoffeln
4	die	Ouvertüre
4	die	Originale
4	die	Ordnungen
4	die	Ohnmacht
4	die	Nützlichkeit
4	die	Nüstern
4	die	Nötigung
4	die	Nibelungen
4	die	Newtonsche
4	die	Neigungen
4	die	Naturgeschichte
4	die	Naturforscher
4	die	Naturerscheinungen
4	die	Naturerklärung
4	die	Nasen
4	die	Narrheit
4	die	Nahrung
4	die	Nachwirkung
4	die	Nachtluft
4	die	Nachforschungen
4	die	Münzen
4	die	Mühsal
4	die	Mönche
4	die	Mäher
4	die	Mysterien
4	die	Muttergottes
4	die	Monographie
4	die	Mitschüler
4	die	Mitmenschen
4	die	Ministerin
4	die	Militärvorlage
4	die	Milde
4	die	Metaphysiker
4	die	Meisten
4	die	Mehrheit
4	die	Meerenge
4	die	Mechanik
4	die	Maxime
4	die	Matten
4	die	Matrosen
4	die	Masturbation
4	die	Manieren
4	die	Mahnung
4	die	Machthaber
4	die	Lungen
4	die	Lumme
4	die	Luke
4	die	Losung
4	die	Loge
4	die	Lise
4	die	Liebenswürdigkeit
4	die	Leutnants
4	die	Lerchen
4	die	Leistungsfähigkeit
4	die	Leidenden
4	die	Leichtigkeit
4	die	Leber
4	die	Lebenslust
4	die	Lebendigen
4	die	Laute
4	die	Kästen
4	die	Kämpfer
4	die	Kälber
4	die	Kruse
4	die	Krippe
4	die	Kriegskunst
4	die	Kriegführung
4	die	Kreuzotter
4	die	Kreise
4	die	Krankenschwester
4	die	Kraniche
4	die	Korridortür
4	die	Korrektur
4	die	Konkurrenz
4	die	Kolonne
4	die	Knappen
4	die	Kleinigkeiten
4	die	Kirchenfahnen
4	die	Kinnladen
4	die	Kennzeichen
4	die	Kellner
4	die	Kastanienallee
4	die	Kaserne
4	die	Karriere
4	die	Kapuze
4	die	Kant
4	die	Kaiser
4	die	Jüngste
4	die	Johanna
4	die	Jahrhunderte
4	die	Infanterie
4	die	Imma
4	die	Ilse
4	die	Ideale
4	die	Ich
4	die	Hüllen
4	die	Höhlung
4	die	Höhlen
4	die	Häufigkeit
4	die	Hänge
4	die	Händ
4	die	Huldigungen
4	die	Hornissen
4	die	Hohenlohes
4	die	Hochrufe
4	die	Hinterbeine
4	die	Hexen
4	die	Heringe
4	die	Henriette
4	die	Hemmung
4	die	Heldin
4	die	Heilung
4	die	Heerde
4	die	Hecken
4	die	Hebräer
4	die	Haushälterin
4	die	Handfläche
4	die	Hamburger
4	die	Hall
4	die	Haken
4	die	Gцtter
4	die	Gärtnerin
4	die	Gärtner
4	die	Gute
4	die	Grütze
4	die	Gräben
4	die	Grundfeste
4	die	Grille
4	die	Grenzbestimmung
4	die	Greise
4	die	Grasenabbs
4	die	Grammatik
4	die	Gletscher
4	die	Gleichartigkeit
4	die	Glaubwürdigkeit
4	die	Gewölbe
4	die	Gewöhnung
4	die	Gewandtheit
4	die	Gesunden
4	die	Gestirne
4	die	Geschwulst
4	die	Gerätschaften
4	die	Germanen
4	die	Gerbergasse
4	die	Genitalien
4	die	Geißel
4	die	Geistlichen
4	die	Gegenseite
4	die	Gefängnisse
4	die	Gefangenschaft
4	die	Gedichte
4	die	Gebärmutter
4	die	Gebote
4	die	Gebildeten
4	die	Gebete
4	die	Gebeine
4	die	Fürstenzimmer
4	die	Fässer
4	die	Fußsohlen
4	die	Funktionen
4	die	Frühlingsluft
4	die	Fronten
4	die	Freigeisterei
4	die	Freier
4	die	Franziska
4	die	Folgerungen
4	die	Flöße
4	die	Flur
4	die	Flotte
4	die	Flinten
4	die	Fischmöwe
4	die	Finnen
4	die	Finken
4	die	Fette
4	die	Fertigkeit
4	die	Fersen
4	die	Fenstervorhänge
4	die	Fensterläden
4	die	Fensterbank
4	die	Feldküchen
4	die	Feldküche
4	die	Feigen
4	die	Fasanerie
4	die	Familienpapiere
4	die	Fakta
4	die	Eröffnung
4	die	Ersten
4	die	Erschütterung
4	die	Erschöpfung
4	die	Erscheinungswelt
4	die	Erschaffung
4	die	Erregungen
4	die	Ermüdung
4	die	Ermordung
4	die	Erfahrungswelt
4	die	Erfahrungen
4	die	Eremitage
4	die	Erben
4	die	Equipagen
4	die	Epoche
4	die	Entrüstung
4	die	Enthaltsamkeit
4	die	Entfaltung
4	die	Entartung
4	die	Enkel
4	die	Empfindlichkeit
4	die	Ejakulation
4	die	Eisdecke
4	die	Einzelentdeckungen
4	die	Einwohnerzahl
4	die	Einsiedler
4	die	Einhelligkeit
4	die	Einfälle
4	die	Eigentümlichkeiten
4	die	Eichhörnchen
4	die	Ehrung
4	die	Edlen
4	die	Dämonen
4	die	Dynastie
4	die	Dutel
4	die	Durchdringung
4	die	Drohung
4	die	Dose
4	die	Dornen
4	die	Donner
4	die	Doggen
4	die	Die
4	die	Diagnose
4	die	Deutlichkeit
4	die	Deinigen
4	die	Deckung
4	die	Daumen
4	die	Data
4	die	Consequenz
4	die	City
4	die	Christian
4	die	Börse
4	die	Buddenbrooks
4	die	Bucks
4	die	Brüche
4	die	Brustwarzen
4	die	Bombe
4	die	Bojarin
4	die	Bohlenbrücke
4	die	Blöße
4	die	Bluse
4	die	Blindheit
4	die	Blendwerke
4	die	Birnen
4	die	Bildungskraft
4	die	Bildsäule
4	die	Bildnisse
4	die	Beweisführung
4	die	Bevorzugung
4	die	Besuche
4	die	Bestimmtheiten
4	die	Bestie
4	die	Besonderheit
4	die	Besitzer
4	die	Bemühung
4	die	Bemannung
4	die	Beleuchtung
4	die	Beleidigung
4	die	Belagerung
4	die	Beinkleider
4	die	Beinchen
4	die	Beichte
4	die	Behörden
4	die	Behörde
4	die	Beherrschung
4	die	Begrüßung
4	die	Begründung
4	die	Beförderung
4	die	Bedürfnis
4	die	Becher
4	die	Barbaren
4	die	Ballade
4	die	Bahnstrecke
4	die	Backe
4	die	Auszeichnung
4	die	Aussöhnung
4	die	Aussichten
4	die	Auslegung
4	die	Auskunft
4	die	Ausbreitung
4	die	Augenblicke
4	die	Aufzeichnungen
4	die	Aufführung
4	die	Aufdeckung
4	die	Assoziationen
4	die	Assertion
4	die	Artikulation
4	die	Arten
4	die	Armlehnen
4	die	Arbeitszeit
4	die	Apparate
4	die	Ansteckung
4	die	Annehmung
4	die	Annehmlichkeit
4	die	Ankömmlinge
4	die	Angstträume
4	die	Angreifer
4	die	Angeln
4	die	Angel
4	die	Angabe
4	die	Anatomie
4	die	Amphibolie
4	die	Allheit
4	die	Alles
4	die	Albrecht
4	die	Ahnungen
4	die	Ahndung
4	die	Aglietti
4	die	Affinität
4	die	Affen
4	die	Advokaten
4	die	Adressen
4	die	Abteilungen
4	die	Abfassung
4	die	Abenteuer
4	Die	Zuhörer
4	Die	Wünsche
4	Die	Wächter
4	Die	Wunden
4	Die	Wohnung
4	Die	Wogen
4	Die	Wiener
4	Die	Welle
4	Die	Wanze
4	Die	Wahl
4	Die	Wagen
4	Die	Waffen
4	Die	Vorstellungen
4	Die	Vollendung
4	Die	Verwendung
4	Die	Verteidigung
4	Die	Verlobung
4	Die	Vergangenheit
4	Die	Verbindung
4	Die	Venezianer
4	Die	Unendlichkeit
4	Die	Ufer
4	Die	Töchter
4	Die	Träumerin
4	Die	Trennung
4	Die	Transzendental
4	Die	Thränen
4	Die	Sätze
4	Die	Strafe
4	Die	Stimmen
4	Die	Serbolowa
4	Die	Seligkeit
4	Die	Segel
4	Die	Schützengräben
4	Die	Schöpfung
4	Die	Schwerter
4	Die	Schritte
4	Die	Schrift
4	Die	Schlinge
4	Die	Schlange
4	Die	Schifflein
4	Die	Scheiben
4	Die	Scham
4	Die	Rosen
4	Die	Rose
4	Die	Republik
4	Die	Reize
4	Die	Psychoanalyse
4	Die	Postulate
4	Die	Polizei
4	Die	Polen
4	Die	Pfeife
4	Die	Peitsche
4	Die	Ohren
4	Die	Natter
4	Die	Narren
4	Die	Möbel
4	Die	Muskeln
4	Die	Morgensonne
4	Die	Mitteilung
4	Die	Milch
4	Die	Methode
4	Die	Matrosen
4	Die	Maske
4	Die	Mannschaften
4	Die	Mannschaft
4	Die	Lösung
4	Die	Logiker
4	Die	Logik
4	Die	Lilie
4	Die	Lakaien
4	Die	Könige
4	Die	Kugel
4	Die	Kröte
4	Die	Kraniche
4	Die	Kerze
4	Die	Kausalität
4	Die	Karenina
4	Die	Kapelle
4	Die	Kanonen
4	Die	Kameraden
4	Die	Inschriften
4	Die	Hosen
4	Die	Heil
4	Die	Haustür
4	Die	Hauptschlacht
4	Die	Harmonie
4	Die	Haare
4	Die	Gründe
4	Die	Großen
4	Die	Glieder
4	Die	Gesinnung
4	Die	Geschäfte
4	Die	Gesandten
4	Die	Gemeinde
4	Die	Gattung
4	Die	Fähigkeit
4	Die	Früchte
4	Die	Freundin
4	Die	Fremde
4	Die	Forderung
4	Die	Folgen
4	Die	Fischer
4	Die	Finsternis
4	Die	Fahrten
4	Die	Erzählung
4	Die	Erwähnung
4	Die	Erklärungen
4	Die	Erkenntnis
4	Die	Ereignisse
4	Die	Entfernung
4	Die	Enten
4	Die	Eitelkeit
4	Die	Einwürfe
4	Die	Dörfer
4	Die	Dunkelheit
4	Die	Donau
4	Die	Diener
4	Die	Conciergerie
4	Die	Christen
4	Die	Chaussee
4	Die	Canaille
4	Die	Bucht
4	Die	Briefe
4	Die	Bienen
4	Die	Beziehungen
4	Die	Bewohner
4	Die	Betrachtung
4	Die	Bestimmung
4	Die	Bestimmtheit
4	Die	Beobachtungen
4	Die	Bedienerin
4	Die	Baronesse
4	Die	Barbys
4	Die	Autoren
4	Die	Auster
4	Die	Auflösung
4	Die	Auffassung
4	Die	Arbeiten
4	Die	Apprehension
4	Die	Antworten
4	Die	Ankunft
4	Die	Anhänger
4	Die	Amme
4	Die	Affekte
3	die	Überzahl
3	die	Überspannung
3	die	Überraschung
3	die	Überlegung
3	die	Überlebenden
3	die	Übergabe
3	die	Überführung
3	die	Überflüssigen
3	die	Überdeterminierung
3	die	Öfen
3	die	Äußerungen
3	die	Ärmchen
3	die	Ängste
3	die	Älteste
3	die	Älteren
3	die	Ähren
3	die	Ähre
3	die	Zündhölzer
3	die	Züchtung
3	die	Zöpfe
3	die	Zöglinge
3	die	Zäune
3	die	Zwischenzeit
3	die	Zwischenräume
3	die	Zwillinge
3	die	Zwiebel
3	die	Zweifel
3	die	Zuversicht
3	die	Zurufe
3	die	Zungenspitze
3	die	Zumutung
3	die	Zuckerfabrik
3	die	Zubereitung
3	die	Zofe
3	die	Zirkulation
3	die	Zimmerflucht
3	die	Zettel
3	die	Zerlegung
3	die	Zeitverhältnisse
3	die	Zauberer
3	die	Zartheit
3	die	Zange
3	die	Würfel
3	die	Würdigung
3	die	Wälle
3	die	Wucht
3	die	Wortbrücken
3	die	Wolle
3	die	Woldemar
3	die	Wohltaten
3	die	Woge
3	die	Wittwe
3	die	Wirtsleute
3	die	Windsbraut
3	die	Willensfreiheit
3	die	Willens
3	die	Widerstände
3	die	Widersprüche
3	die	Westentasche
3	die	Werte
3	die	Werbung
3	die	Weltbetrachtung
3	die	Weit
3	die	Weine
3	die	Weile
3	die	Weihnachtsfeiertage
3	die	Weihe
3	die	Weiblein
3	die	Weibchen
3	die	Wechselwirkung
3	die	Watte
3	die	Wanderschaft
3	die	Wallanlagen
3	die	Waldtauben
3	die	Waldecke
3	die	Wahrhaftigkeit
3	die	Wahnsinnigen
3	die	Wachtposten
3	die	Waage
3	die	W
3	die	Vorwelt
3	die	Vortrefflichkeit
3	die	Vortheile
3	die	Vorstellungsfähigkeit
3	die	Vornehmen
3	die	Vorliebe
3	die	Vorlesungen
3	die	Vorhand
3	die	Von
3	die	Volksstimme
3	die	Vision
3	die	Veste
3	die	Veröffentlichung
3	die	Verwüstung
3	die	Verwunderung
3	die	Verworfenheit
3	die	Verwegenheit
3	die	Verwandlung
3	die	Verträge
3	die	Vertrauten
3	die	Vertraulichkeit
3	die	Vertilgung
3	die	Verstärkung
3	die	Verständlichkeit
3	die	Verstorbene
3	die	Verschwendung
3	die	Versammlungen
3	die	Verrücktheit
3	die	Verräter
3	die	Verpflegung
3	die	Vernünftigkeit
3	die	Vernehmung
3	die	Verlobten
3	die	Verkörperung
3	die	Verkehrtheit
3	die	Verhüllung
3	die	Vergeblichkeit
3	die	Vereinbarung
3	die	Verdichtungsarbeit
3	die	Verbreitung
3	die	Verbindlichkeiten
3	die	Veranlassungen
3	die	Verandastufen
3	die	Verabredung
3	die	Veilchen
3	die	Vegetation
3	die	Vagina
3	die	Unzulänglichkeit
3	die	Unzufriedenheit
3	die	Unwesentlichkeit
3	die	Unvorsichtigkeit
3	die	Unterstützung
3	die	Unterschrift
3	die	Unternehmung
3	die	Unterlage
3	die	Unterdrückung
3	die	Unterbrechung
3	die	Unsrigen
3	die	Unschuldigen
3	die	Unreinlichkeit
3	die	Unmäßigkeit
3	die	Uniformen
3	die	Unglückliche
3	die	Unduldsamkeit
3	die	Unbestimmtheit
3	die	Unbequemlichkeit
3	die	Umzäunung
3	die	Umgebungen
3	die	Umarmung
3	die	Uebung
3	die	Uebermacht
3	die	Ueberlegenheit
3	die	Türspalte
3	die	Türglocke
3	die	Tüchtigkeit
3	die	Tropen
3	die	Trommeten
3	die	Trommeln
3	die	Troika
3	die	Triebkräfte
3	die	Triebfeder
3	die	Triebe
3	die	Traumvorgänge
3	die	Traumsymbolik
3	die	Traumprobleme
3	die	Traube
3	die	Tradition
3	die	Tonio
3	die	Toga
3	die	Todesstrafe
3	die	Tischkante
3	die	Tiber
3	die	Thätigkeit
3	die	Theemaschine
3	die	Teufelsanbeter
3	die	Tendenzen
3	die	Telegraphenstangen
3	die	Telegramme
3	die	Tautologie
3	die	Tauglichkeit
3	die	Tarantel
3	die	Tanzgesellschaft
3	die	Tanten
3	die	Tanne
3	die	Talente
3	die	Taktik
3	die	Tagesarbeit
3	die	Süßigkeit
3	die	Sümpfe
3	die	Sängerin
3	die	Syphogranten
3	die	Sueben
3	die	Substantialität
3	die	Städter
3	die	Stute
3	die	Studien
3	die	Stubentür
3	die	Strümpfe
3	die	Stricknadeln
3	die	Strickleiter
3	die	Streiche
3	die	Storchkinder
3	die	Stoppeln
3	die	Stoiker
3	die	Stoa
3	die	Stiele
3	die	Stiegen
3	die	Sterblichkeit
3	die	Stellungen
3	die	Staubfäden
3	die	Stargoroder
3	die	Stangen
3	die	Stadtverordnetenversammlung
3	die	Stacheln
3	die	Sprünge
3	die	Spritze
3	die	Sprachen
3	die	Spoelmann
3	die	Splitter
3	die	Spindel
3	die	Speisekammer
3	die	Spannkraft
3	die	Sorgfalt
3	die	Sonnenscheibe
3	die	Sommernacht
3	die	Sohle
3	die	Sklaverei
3	die	Siegfried
3	die	Sicherung
3	die	Severin
3	die	Seufzer
3	die	Semmeln
3	die	Selbsterhaltung
3	die	Selbstachtung
3	die	Sekunden
3	die	Seide
3	die	Seetaucher
3	die	Seeleute
3	die	Seelenkraft
3	die	Sechzig
3	die	Sderne
3	die	Schützen
3	die	Schären
3	die	Schäferin
3	die	Schäden
3	die	Schwüle
3	die	Schwärmer
3	die	Schwerkraftstrahlen
3	die	Schwellkörper
3	die	Schweinerei
3	die	Schwaden
3	die	Schwaben
3	die	Schutzwehr
3	die	Schutztruppler
3	die	Schutzhülsen
3	die	Schurken
3	die	Schuldentilgung
3	die	Schublade
3	die	Schrecken
3	die	Schrauben
3	die	Scholle
3	die	Scholastik
3	die	Schnepfe
3	die	Schneider
3	die	Schneeflocken
3	die	Schnecken
3	die	Schlupfwinkel
3	die	Schlucht
3	die	Schlitten
3	die	Schlinge
3	die	Schlechten
3	die	Schlammflut
3	die	Schlafzimmer
3	die	Schlafenden
3	die	Schlafende
3	die	Schiffergesellschaft
3	die	Schickedanz
3	die	Schelle
3	die	Schattenseite
3	die	Schattenbilder
3	die	Schanze
3	die	Schandtaten
3	die	Schakale
3	die	Schaffung
3	die	Sbirren
3	die	Sanftmut
3	die	Samenleiter
3	die	Samanas
3	die	Sahara
3	die	Saaltür
3	die	Rückreise
3	die	Rücklehne
3	die	Röhre
3	die	Räumung
3	die	Ränder
3	die	Russifizierung
3	die	Ruppiner
3	die	Ruh
3	die	Rue
3	die	Rosalinde
3	die	Ritze
3	die	Rinne
3	die	Riesin
3	die	Riesen
3	die	Reisen
3	die	Reime
3	die	Regression
3	die	Region
3	die	Regimenter
3	die	Regierungspräsidentin
3	die	Regenwolken
3	die	Rechtmäßigkeit
3	die	Rechtfertigung
3	die	Rattenburg
3	die	Rathenower
3	die	Rasenflächen
3	die	Rappiere
3	die	Raketen
3	die	Quer
3	die	Pupillen
3	die	Pulse
3	die	Psychotherapie
3	die	Prüfungen
3	die	Prämissen
3	die	Produktion
3	die	Portiere
3	die	Pollution
3	die	Polizisten
3	die	Pocken
3	die	Platoniker
3	die	Platanen
3	die	Piraten
3	die	Pilgerfahrt
3	die	Photographie
3	die	Phobie
3	die	Philologie
3	die	Pfeiler
3	die	Pfeile
3	die	Petersburger
3	die	Peripherie
3	die	Pawa
3	die	Pausen
3	die	Pause
3	die	Patti
3	die	Patrouille
3	die	Patronen
3	die	Parther
3	die	Panzer
3	die	Palme
3	die	Palette
3	die	Orientierung
3	die	Orange
3	die	Onanie
3	die	Offensive
3	die	Odyssee
3	die	Oberwelt
3	die	Oberleitung
3	die	Oberflächlichkeit
3	die	Nüchternheit
3	die	Nörgler
3	die	Nächstenliebe
3	die	Nutzung
3	die	Notwehr
3	die	Notiz
3	die	Nomaden
3	die	Nikolaus
3	die	Niederschrift
3	die	Nicht
3	die	Neuvermählten
3	die	Neuteutonia
3	die	Neurose
3	die	Naturwissenschaft
3	die	Nasenflügel
3	die	Nahrungsmittel
3	die	Nachtmusik
3	die	Nachhut
3	die	Nachfrage
3	die	Nachbarhäuser
3	die	Münze
3	die	Mühen
3	die	Möwen
3	die	Mär
3	die	Männerwelt
3	die	Männchen
3	die	Musiker
3	die	Muschel
3	die	Mulde
3	die	Muhme
3	die	Motten
3	die	Mosel
3	die	Morgenluft
3	die	Morgengabe
3	die	Moralen
3	die	Mooshütte
3	die	Monate
3	die	Mole
3	die	Mohren
3	die	Modelle
3	die	Mitwirkung
3	die	Mittheilung
3	die	Mittelpunkte
3	die	Mitteilungen
3	die	Missionare
3	die	Milford
3	die	Miete
3	die	Mienen
3	die	Menstruation
3	die	Menschenwelt
3	die	Menschenkinder
3	die	Meistersfrau
3	die	Meister
3	die	Meisestraße
3	die	Meerweibchen
3	die	Meerkatzen
3	die	Meereswellen
3	die	Materialien
3	die	Masern
3	die	Marsscheibe
3	die	Mark
3	die	Mailänderin
3	die	Magistratsrätin
3	die	Magie
3	die	Madamm
3	die	Madame
3	die	Logen
3	die	Linsen
3	die	Linde
3	die	Lind
3	die	Liese
3	die	Lieblingsspeise
3	die	Lichtschwingungen
3	die	Lichtmasse
3	die	Leviten
3	die	Leuchter
3	die	Leuchte
3	die	Lenden
3	die	Leidtragenden
3	die	Leichname
3	die	Lehnen
3	die	Leerheit
3	die	Lebhaftigkeit
3	die	Lebensweise
3	die	Lebensführung
3	die	Lebensart
3	die	Lebenden
3	die	Lauterkeit
3	die	Laubholzbäume
3	die	Laternen
3	die	Larve
3	die	Lappin
3	die	Lanzen
3	die	Landschaften
3	die	Lande
3	die	Laffen
3	die	Ladung
3	die	Lacher
3	die	Küsten
3	die	Küchen
3	die	Köpfchen
3	die	Käufer
3	die	Käfer
3	die	Kutscher
3	die	Kurgesellschaft
3	die	Kurden
3	die	Kurbel
3	die	Krücke
3	die	Kröten
3	die	Krönung
3	die	Kränze
3	die	Kriegsgeschichte
3	die	Kriegsentschädigung
3	die	Kreuzung
3	die	Kotiner
3	die	Korona
3	die	Korinther
3	die	Kopie
3	die	Kontors
3	die	Konservativen
3	die	Konklusion
3	die	Kompagnien
3	die	Kommode
3	die	Kolonnen
3	die	Kollegen
3	die	Kniekehlen
3	die	Kneipen
3	die	Klügste
3	die	Klauen
3	die	Klappe
3	die	Kisten
3	die	Kiefern
3	die	Kessel
3	die	Kenner
3	die	Keithstraße
3	die	Kaufmannschaft
3	die	Katz
3	die	Kastration
3	die	Kaste
3	die	Kapitulation
3	die	Kanuzaberge
3	die	Kantische
3	die	Kanonade
3	die	Kabiren
3	die	Jüngeren
3	die	Jünger
3	die	Juwelen
3	die	Junker
3	die	Israeliten
3	die	Isar
3	die	Irrthümer
3	die	Irritabilität
3	die	Insassen
3	die	Innere
3	die	Inkonsequenz
3	die	Inkommensurabilität
3	die	Infektion
3	die	Ihrige
3	die	Idealität
3	die	Hцlle
3	die	Hцhe
3	die	Hülfe
3	die	Höflinge
3	die	Häßlichkeit
3	die	Händler
3	die	Händel
3	die	Hypothesen
3	die	Hypothese
3	die	Hunderte
3	die	Hummer
3	die	Humanität
3	die	Huhka
3	die	Hottentotten
3	die	Hostienbäckerin
3	die	Hostie
3	die	Hosentasche
3	die	Hornisse
3	die	Hora
3	die	Honoratioren
3	die	Hofstaaten
3	die	Hoden
3	die	Hochschule
3	die	Hobelbank
3	die	Hinrichtung
3	die	Hingebung
3	die	Hervorhebung
3	die	Herrscherin
3	die	Herrlichkeiten
3	die	Herdenglöckchen
3	die	Herausgabe
3	die	Herabsetzung
3	die	Helle
3	die	Heizung
3	die	Heimreise
3	die	Heil
3	die	Heiden
3	die	Hebungen
3	die	Hauswand
3	die	Haustiere
3	die	Hausthür
3	die	Hauskatze
3	die	Haushaltung
3	die	Hausflur
3	die	Hauptwiderstandslinie
3	die	Hauptstraße
3	die	Hauptschuld
3	die	Hauptfrage
3	die	Hasenaugen
3	die	Handvoll
3	die	Handgranate
3	die	Hamrinberge
3	die	Halsbinde
3	die	Halme
3	die	Halluzinationen
3	die	Halluzination
3	die	Hallen
3	die	Haide
3	die	Habgier
3	die	Haarwurzeln
3	die	Gültigkeit
3	die	Guste
3	die	Gummischeiben
3	die	Grдber
3	die	Gründung
3	die	Größen
3	die	Gräser
3	die	Grundvoraussetzung
3	die	Grundbegriffe
3	die	Grubenarbeiter
3	die	Grubenarbeit
3	die	Großeltern
3	die	Große
3	die	Grete
3	die	Gretchen
3	die	Gregor
3	die	Granate
3	die	Grafschaft
3	die	Gosse
3	die	Goethesche
3	die	Gliedmaßen
3	die	Gitter
3	die	Gier
3	die	Gewänder
3	die	Getreuen
3	die	Geschlechtsteile
3	die	Geschlagenen
3	die	Geschirre
3	die	Gerüchte
3	die	Germania
3	die	Geographie
3	die	Genießenden
3	die	Genehmigung
3	die	Gemüse
3	die	Geistesgegenwart
3	die	Geilheit
3	die	Geheimeräthin
3	die	Gegenpartei
3	die	Gefährlichkeit
3	die	Gefallenen
3	die	Gedankenlosigkeit
3	die	Gebilde
3	die	Gebieterin
3	die	Gastgeberin
3	die	Gasflammen
3	die	Gartentür
3	die	Gartenpforte
3	die	Gartenhütte
3	die	Garde
3	die	Füß
3	die	Fühler
3	die	Föhren
3	die	Fähigkeiten
3	die	Fußsohle
3	die	Frisur
3	die	Freudsche
3	die	Fresken
3	die	Freiwilligen
3	die	Freisinnigen
3	die	Frauenwohnung
3	die	Frauensperson
3	die	Franken
3	die	Formalitäten
3	die	Flüchtlinge
3	die	Flöhe
3	die	Flächen
3	die	Fliesen
3	die	Fleischbrühe
3	die	Flanken
3	die	Fischlein
3	die	Fischergrube
3	die	Finanzen
3	die	Feuerzange
3	die	Feuerstelle
3	die	Feuchtigkeit
3	die	Festigkeit
3	die	Fensterscheibe
3	die	Felswände
3	die	Felsenwand
3	die	Feldmütze
3	die	Fehlschlüsse
3	die	Faulheit
3	die	Fasanen
3	die	Fackeln
3	die	Fabriken
3	die	Eßlust
3	die	Exemplare
3	die	Etzeln
3	die	Etikette
3	die	Esse
3	die	Esel
3	die	Erörterungen
3	die	Erzählerin
3	die	Erzieherin
3	die	Erzengel
3	die	Erwiderung
3	die	Erreichung
3	die	Erotik
3	die	Eroberung
3	die	Eroberer
3	die	Ernennung
3	die	Erläuterung
3	die	Erlangung
3	die	Erkundigungen
3	die	Erkundigung
3	die	Erklärungsgründe
3	die	Erika
3	die	Erhöhung
3	die	Erforschung
3	die	Erektion
3	die	Erdoberfläche
3	die	Epochen
3	die	Entzündung
3	die	Entzückungen
3	die	Enttäuschung
3	die	Entdeckungen
3	die	Entchen
3	die	Entbindung
3	die	Entbehrung
3	die	Enkelin
3	die	Endabsicht
3	die	Elenden
3	die	Elementargeister
3	die	Elektrizität
3	die	Elchkuh
3	die	Eisbahn
3	die	Einwendungen
3	die	Eintretenden
3	die	Einsetzung
3	die	Einsegnung
3	die	Einquartierung
3	die	Einmengung
3	die	Einladungen
3	die	Einigkeit
3	die	Einheiten
3	die	Eingangstür
3	die	Einfahrt
3	die	Eigenheiten
3	die	Eigenheit
3	die	Ehrwürdigkeit
3	die	Ehrlichkeit
3	die	Ehr
3	die	Eh
3	die	Eggen
3	die	Edelhirsche
3	die	Drohnen
3	die	Dogmen
3	die	Division
3	die	Distanz
3	die	Diskussion
3	die	Dir
3	die	Diplomaten
3	die	Dienstmädchen
3	die	Dienerinnen
3	die	Dichtung
3	die	Diagonale
3	die	Descartes
3	die	Der
3	die	Denkmäler
3	die	Denkkraft
3	die	Denkarbeit
3	die	Demut
3	die	Darstellbarkeit
3	die	Comödie
3	die	Comödianten
3	die	Colonna
3	die	Chromosomen
3	die	Chorknaben
3	die	Cherusker
3	die	Chatten
3	die	Capulets
3	die	Bärte
3	die	Burgstraße
3	die	Bundesgesetze
3	die	Buchfinken
3	die	Brühe
3	die	Brustwehr
3	die	Brillen
3	die	Brillanten
3	die	Bojer
3	die	Bohne
3	die	Blößen
3	die	Blinden
3	die	Birkhühner
3	die	Bezüge
3	die	Betonung
3	die	Bestürzung
3	die	Bestandteile
3	die	Besprechung
3	die	Besorgnisse
3	die	Besitzerin
3	die	Beschämung
3	die	Beschwerden
3	die	Beschwerde
3	die	Beschränkung
3	die	Beschießung
3	die	Berichte
3	die	Berggipfel
3	die	Bereitung
3	die	Bemerkungen
3	die	Bekanntschaften
3	die	Behaglichkeit
3	die	Begabung
3	die	Befestigung
3	die	Beete
3	die	Beduinen
3	die	Bedenken
3	die	Baumzweige
3	die	Baumstämme
3	die	Baumkronen
3	die	Barmherzigkeit
3	die	Barke
3	die	Barfußtänzerin
3	die	Badwiese
3	die	Backsteine
3	die	Auster
3	die	Aussteuer
3	die	Ausschweifung
3	die	Ausführlichkeit
3	die	Ausfahrt
3	die	Auftritte
3	die	Aufgaben
3	die	Auerhähne
3	die	Auen
3	die	Athenienser
3	die	Atemzüge
3	die	Arznei
3	die	Armuth
3	die	Armseligkeit
3	die	Armlehne
3	die	Arm
3	die	Argumente
3	die	Architektur
3	die	Apostel
3	die	Apenninen
3	die	Anweisung
3	die	Anregungen
3	die	Anmerkung
3	die	Anmaßungen
3	die	Ankündigung
3	die	Anknüpfung
3	die	Anhöhen
3	die	Angesichter
3	die	Anführer
3	die	Anforderungen
3	die	Anekdote
3	die	Analogien
3	die	Alternative
3	die	Allnatur
3	die	Allgegenwart
3	die	Alabeïden
3	die	Alabeïde
3	die	Akzidenzen
3	die	Aktion
3	die	Aktien
3	die	Akkorde
3	die	Agnes
3	die	Acht
3	die	Absonderung
3	die	Abrechnung
3	die	Ablehnung
3	die	Abkürzung
3	die	Abhänge
3	die	Abhandlung
3	die	Abgesandten
3	die	Abbildungen
3	Die	Überschwemmung
3	Die	Übergabe
3	Die	Örtlichkeit
3	Die	Öffnung
3	Die	Züge
3	Die	Zurückgebliebenen
3	Die	Zunge
3	Die	Zofe
3	Die	Zimmerherren
3	Die	Zeitung
3	Die	Zeichen
3	Die	Wüste
3	Die	Wölfe
3	Die	Witterung
3	Die	Wirkungen
3	Die	Winde
3	Die	Wildgans
3	Die	Wette
3	Die	Werke
3	Die	Wechsel
3	Die	Wahrnehmung
3	Die	Völker
3	Die	Väter
3	Die	Vorübergehenden
3	Die	Vorsicht
3	Die	Vorhänge
3	Die	Vorgänge
3	Die	Vorbereitungen
3	Die	Voraussetzung
3	Die	Vision
3	Die	Verwirrung
3	Die	Verwandten
3	Die	Versöhnung
3	Die	Verpflegung
3	Die	Verhältnisse
3	Die	Verhandlungen
3	Die	Vergleichung
3	Die	Verdrängung
3	Die	Veilchen
3	Die	Untersuchung
3	Die	Unterdrückung
3	Die	Ungeduld
3	Die	Umkehrung
3	Die	Täuschung
3	Die	Tätigkeit
3	Die	Täter
3	Die	Tugenden
3	Die	Truppen
3	Die	Treue
3	Die	Treppen
3	Die	Traumphantasie
3	Die	Trauben
3	Die	Tragödie
3	Die	Tore
3	Die	Tiefe
3	Die	Thüre
3	Die	Theekanne
3	Die	Temperatur
3	Die	Tassen
3	Die	Säulen
3	Die	Systeme
3	Die	Symbolik
3	Die	Suppe
3	Die	Substanzen
3	Die	Stürme
3	Die	Stärke
3	Die	Studenten
3	Die	Stube
3	Die	Stille
3	Die	Stelle
3	Die	Stange
3	Die	Staatsmacht
3	Die	Speise
3	Die	Spannung
3	Die	Spanier
3	Die	Sonn
3	Die	Sittlichkeit
3	Die	Sitte
3	Die	Siegfrieden
3	Die	Seinen
3	Die	Seel
3	Die	Schüsse
3	Die	Schwarzen
3	Die	Schwalbe
3	Die	Schultern
3	Die	Schriften
3	Die	Schneekönigin
3	Die	Schmargendorf
3	Die	Schicksale
3	Die	Sammlung
3	Die	Salbe
3	Die	Safari
3	Die	Rücksicht
3	Die	Rückkehr
3	Die	Rätin
3	Die	Russen
3	Die	Ringe
3	Die	Richtung
3	Die	Reiter
3	Die	Regression
3	Die	Reden
3	Die	Rechnung
3	Die	Raupe
3	Die	Prinzen
3	Die	Politik
3	Die	Pflanzen
3	Die	Personen
3	Die	Ochsen
3	Die	Nähe
3	Die	Nerven
3	Die	Nemsi
3	Die	Naturforscher
3	Die	Nacktheit
3	Die	Nachbarn
3	Die	Mütze
3	Die	Mücke
3	Die	Musikanten
3	Die	Mitternacht
3	Die	Mitglieder
3	Die	Meisterin
3	Die	Meinung
3	Die	Meinen
3	Die	Malerin
3	Die	Majestät
3	Die	Madonna
3	Die	Lüge
3	Die	Länder
3	Die	Läden
3	Die	Lotosblume
3	Die	Limonade
3	Die	Lieder
3	Die	Lerchen
3	Die	Lerche
3	Die	Leidenschaften
3	Die	Lehren
3	Die	Landwirtschaft
3	Die	Kürze
3	Die	Kühe
3	Die	Königstochter
3	Die	Kutscher
3	Die	Kuh
3	Die	Kruste
3	Die	Kost
3	Die	Konservativen
3	Die	Knospe
3	Die	Knochen
3	Die	Kleider
3	Die	Klasse
3	Die	Kiste
3	Die	Kartoffeln
3	Die	Karte
3	Die	Juden
3	Die	Illusionen
3	Die	Hügel
3	Die	Höhe
3	Die	Höflichkeit
3	Die	Häupter
3	Die	Händler
3	Die	Hure
3	Die	Hostienbäckerin
3	Die	Heunen
3	Die	Herrin
3	Die	Halle
3	Die	Güte
3	Die	Gärten
3	Die	Gunst
3	Die	Guillotine
3	Die	Gräber
3	Die	Grundlage
3	Die	Großmutter
3	Die	Großherzogin
3	Die	Grausamkeit
3	Die	Graugans
3	Die	Gottes
3	Die	Gott
3	Die	Globsower
3	Die	Gewalt
3	Die	Gesetze
3	Die	Gerüste
3	Die	Gegenstände
3	Die	Gefangnen
3	Die	Gefangenen
3	Die	Gebirge
3	Die	Gassen
3	Die	Gaben
3	Die	Führer
3	Die	Fäden
3	Die	Freundschaft
3	Die	Fremden
3	Die	Flucht
3	Die	Florentiner
3	Die	Flaschen
3	Die	Finger
3	Die	Figur
3	Die	Fensterscheiben
3	Die	Feier
3	Die	Feder
3	Die	Fabrik
3	Die	Erwachsenen
3	Die	Ernte
3	Die	Erkenntniss
3	Die	Erinnerungen
3	Die	Erfüllung
3	Die	Entwickelung
3	Die	Entstehung
3	Die	Empfindung
3	Die	Ekhard
3	Die	Eisenbahn
3	Die	Einzelnheit
3	Die	Einrichtung
3	Die	Einbildungskraft
3	Die	Eigenschaft
3	Die	Dummheit
3	Die	Dschesidi
3	Die	Deutlichkeit
3	Die	Cultur
3	Die	Chronik
3	Die	Chaise
3	Die	Büste
3	Die	Bürgerschaft
3	Die	Bänke
3	Die	Butter
3	Die	Buben
3	Die	Brille
3	Die	Boys
3	Die	Bosheit
3	Die	Boote
3	Die	Blдtter
3	Die	Biene
3	Die	Beurteilung
3	Die	Bestätigung
3	Die	Berge
3	Die	Behandlung
3	Die	Beantwortung
3	Die	Batterie
3	Die	Barbaren
3	Die	Bahre
3	Die	Bahn
3	Die	Axt
3	Die	Außenwelt
3	Die	Ausführung
3	Die	Aufnahme
3	Die	Aufmerksamkeit
3	Die	Askaris
3	Die	Araber
3	Die	Apperzeption
3	Die	Anstrengungen
3	Die	Anschauung
3	Die	Andern
3	Die	Analogie
3	Die	Allmacht
3	Die	Abenteuer
