371	eine	Art
309	eine	Weile
195	eine	Menge
190	eine	Reihe
171	eine	Stunde
109	eine	Zeit
99	eine	Zeitlang
99	eine	Frau
81	eine	Sache
71	eine	Hand
71	eine	Frage
68	eine	Anzahl
67	eine	Geschichte
65	eine	Idee
65	eine	Antwort
63	eine	Stimme
60	eine	Stelle
59	eine	Welt
58	eine	Ursache
57	eine	Strecke
57	eine	Freude
55	eine	Vorstellung
55	eine	Minute
48	eine	Regel
48	eine	Bewegung
47	eine	Dame
45	eine	Viertelstunde
45	eine	Seite
42	eine	Pause
42	eine	Flasche
41	eine	Stadt
40	eine	Ahnung
39	eine	Schar
39	eine	Person
38	eine	Ecke
37	eine	Spur
37	eine	Erklärung
36	eine	Rolle
34	eine	Tasse
34	Eine	Weile
33	eine	Wunscherfüllung
33	eine	Beziehung
32	eine	Synthesis
32	eine	Sekunde
32	eine	Folge
31	eine	Zigarette
31	eine	Weise
31	eine	Seele
31	eine	Gestalt
30	eine	Woche
30	eine	Erkenntnis
29	eine	Wirklichkeit
29	eine	Rede
29	eine	Lust
29	eine	Gans
29	eine	Erscheinung
29	eine	Bank
28	eine	Zigarre
28	eine	Kugel
27	eine	Tür
27	eine	Tochter
27	eine	Nacht
27	eine	Bestimmung
26	eine	Mutter
26	eine	Größe
26	eine	Gruppe
26	eine	Blume
26	eine	Bedingung
25	eine	Reise
25	eine	Karte
24	eine	Veränderung
24	eine	Handvoll
24	eine	Bemerkung
24	eine	Aufgabe
24	Eine	Stunde
23	eine	Kleinigkeit
23	eine	Bewandtnis
22	eine	Wolke
22	eine	Wirkung
22	eine	Treppe
22	eine	Schlange
22	eine	Schande
22	eine	Handlung
22	eine	Gelegenheit
22	eine	Ewigkeit
22	eine	Erinnerung
21	eine	Verbindung
21	eine	Quelle
21	eine	Kette
21	eine	Form
21	eine	Anschauung
20	eine	Masse
20	eine	Lehre
20	eine	Ausnahme
19	eine	Qual
19	eine	Probe
19	eine	Meinung
19	eine	Kerze
19	Eine	Art
18	eine	Wahrheit
18	eine	Sünde
18	eine	Schale
18	eine	Mauer
18	eine	Maske
18	eine	Kunst
18	eine	Kuh
18	eine	Krankheit
18	eine	Kirche
18	eine	Bitte
18	Eine	Zeitlang
17	eine	Wohnung
17	eine	Träne
17	eine	Prinzessin
17	eine	Pfeife
17	eine	Lücke
17	eine	Last
17	eine	Katze
17	eine	Gefahr
16	eine	Wissenschaft
16	eine	Szene
16	eine	Rose
16	eine	Neigung
16	eine	Lampe
16	eine	Kraft
16	eine	Hälfte
16	eine	Granate
16	eine	Fülle
16	eine	Erfahrung
16	eine	Decke
16	eine	Arbeit
15	eine	Wunde
15	eine	Wahrnehmung
15	eine	Täuschung
15	eine	Million
15	eine	Königin
15	eine	Höhe
15	eine	Feder
15	eine	Einheit
15	eine	Dummheit
15	Eine	Liste
14	eine	Tugend
14	eine	Trennung
14	eine	Sammlung
14	eine	Pflicht
14	eine	Partie
14	eine	Möglichkeit
14	eine	Maschine
14	eine	Macht
14	eine	Leidenschaft
14	Eine	Minute
13	eine	Unterhaltung
13	eine	Summe
13	eine	Sehnsucht
13	eine	Mal
13	eine	Logik
13	eine	Liebe
13	eine	Gesellschaft
13	eine	Freundin
13	eine	Bedeutung
13	Eine	Menge
12	eine	Vielheit
12	eine	Unterredung
12	eine	Unmenge
12	eine	Substanz
12	eine	Stellung
12	eine	Sprache
12	eine	Schlacht
12	eine	Richtung
12	eine	Nummer
12	eine	Natur
12	eine	Meile
12	eine	Landschaft
12	eine	Krone
12	eine	Kritik
12	eine	Funktion
12	eine	Fortsetzung
12	eine	Familie
12	eine	Ehre
12	eine	Droschke
12	eine	Deduktion
12	eine	Ansprache
11	eine	Zeitung
11	eine	Zeile
11	eine	Wendung
11	eine	Schwäche
11	eine	Schuld
11	eine	Schrift
11	eine	Predigt
11	eine	Komödie
11	eine	Glocke
11	eine	Forderung
11	eine	Figur
11	eine	Brücke
11	eine	Botschaft
11	Eine	Frau
11	Eine	Erzählung
11	Eine	Dame
10	eine	Überraschung
10	eine	Wohltat
10	eine	Verschwörung
10	eine	Verbeugung
10	eine	Unzahl
10	eine	Uhr
10	eine	Theorie
10	eine	Tat
10	eine	Tafel
10	eine	Stille
10	eine	Situation
10	eine	Schüssel
10	eine	Lüge
10	eine	List
10	eine	Leiche
10	eine	Kausalität
10	eine	Insel
10	eine	Ich
10	eine	Hütte
10	eine	Flucht
10	eine	Fliege
10	eine	Empfindung
10	eine	Cigarette
10	eine	Christin
10	eine	Biene
10	eine	Bestimmtheit
10	eine	Begebenheit
10	eine	Anstrengung
10	eine	Anspielung
10	Eine	Gestalt
9	eine	Zukunft
9	eine	Ziege
9	eine	Zeltbahn
9	eine	Zahl
9	eine	Wonne
9	eine	Waffe
9	eine	Vision
9	eine	Stimmung
9	eine	Stimm
9	eine	Spanne
9	eine	Silbe
9	eine	Schwester
9	eine	Schmach
9	eine	Rangordnung
9	eine	Pistole
9	eine	Ohrfeige
9	eine	Nachtigall
9	eine	Maus
9	eine	Magd
9	eine	Laterne
9	eine	Jungfrau
9	eine	Hoffnung
9	eine	Herde
9	eine	Grenze
9	eine	Gottheit
9	eine	Gemeinschaft
9	eine	Gabe
9	eine	Freundschaft
9	eine	Freiheit
9	eine	Erlösung
9	eine	Beute
9	eine	Bestätigung
9	eine	Behauptung
9	eine	Aussicht
9	eine	Ansicht
9	eine	Angst
9	eine	Angelegenheit
8	eine	Wort
8	eine	Wiese
8	eine	Wiederholung
8	eine	Warnung
8	eine	Vollkommenheit
8	eine	Verstellung
8	eine	Verschiedenheit
8	eine	Untersuchung
8	eine	Stufe
8	eine	Strafe
8	eine	Steigerung
8	eine	Sonne
8	eine	Schule
8	eine	Schnur
8	eine	Schauspielerin
8	eine	Ruine
8	eine	Ritze
8	eine	Religion
8	eine	Philosophie
8	eine	Patrouille
8	eine	Ordnung
8	eine	Ohnmacht
8	eine	Notwendigkeit
8	eine	Monographie
8	eine	Mischung
8	eine	Miene
8	eine	Mahlzeit
8	eine	Linie
8	eine	Leiter
8	eine	Kröte
8	eine	Krähe
8	eine	Hur
8	eine	Hexe
8	eine	Handgranate
8	eine	Gräfin
8	eine	Grimasse
8	eine	Frucht
8	eine	Fremde
8	eine	Flut
8	eine	Falle
8	eine	Fahrt
8	eine	Explosion
8	eine	Erweiterung
8	eine	Einladung
8	eine	Eigenschaft
8	eine	Bombe
8	eine	Beleidigung
8	eine	Bein
8	eine	Batterie
8	eine	Auszeichnung
8	Eine	Woche
8	Eine	Viertelstunde
8	Eine	Pause
8	Eine	Anzahl
7	eine	Äußerung
7	eine	Versammlung
7	eine	Verknüpfung
7	eine	Türe
7	eine	Taube
7	eine	Tatsache
7	eine	Säule
7	eine	Stütze
7	eine	Stiege
7	eine	Statue
7	eine	Stange
7	eine	Rücksicht
7	eine	Rückkehr
7	eine	Puppe
7	eine	Pflanze
7	eine	Perle
7	eine	Natter
7	eine	Mitteilung
7	eine	Melodie
7	eine	Leuchtkugel
7	eine	Klage
7	eine	Katastrophe
7	eine	Hochzeit
7	eine	Handbewegung
7	eine	Gondel
7	eine	Gemeinheit
7	eine	Gegend
7	eine	Galerie
7	eine	Flinte
7	eine	Erzählung
7	eine	Erleichterung
7	eine	Entscheidung
7	eine	Ente
7	eine	Einbildung
7	eine	Deutung
7	eine	Definition
7	eine	Cigarre
7	eine	Beschaffenheit
7	eine	Befriedigung
7	eine	Base
7	eine	Anknüpfung
7	eine	Abschrift
7	Eine	Stimme
7	Eine	Geschichte
6	eine	Öffnung
6	eine	Zufälligkeit
6	eine	Zuflucht
6	eine	Witwe
6	eine	Wand
6	eine	Verschiebung
6	eine	Verabredung
6	eine	Unwahrheit
6	eine	Torheit
6	eine	Thorheit
6	eine	Störung
6	eine	Straße
6	eine	Spazierfahrt
6	eine	Scheidewand
6	eine	Scheibe
6	eine	Rechtfertigung
6	eine	Qualität
6	eine	Prise
6	eine	Pracht
6	eine	Nachricht
6	eine	Moment
6	eine	Liebeserklärung
6	eine	Laune
6	eine	Kompagnie
6	eine	Harmonie
6	eine	Gattung
6	eine	Fügung
6	eine	Frist
6	eine	Festung
6	eine	Fackel
6	eine	Ende
6	eine	Ehe
6	eine	Drohung
6	eine	Büchse
6	eine	Braue
6	eine	Auge
6	eine	Armee
6	Eine	Welt
6	Eine	Sekunde
6	Eine	Schar
6	Eine	Sammlung
6	Eine	Reihe
5	eine	Ähnlichkeit
5	eine	Zigeunerin
5	eine	Wüste
5	eine	Wildgans
5	eine	Vorliebe
5	eine	Vollendung
5	eine	Verwirrung
5	eine	Versuchung
5	eine	Verpflichtung
5	eine	Unmöglichkeit
5	eine	Unendlichkeit
5	eine	Umkehrung
5	eine	Tätigkeit
5	eine	Trompete
5	eine	Tiefe
5	eine	Thatsache
5	eine	That
5	eine	Spinne
5	eine	Speise
5	eine	Seltenheit
5	eine	Seligkeit
5	eine	Schönheit
5	eine	Schlucht
5	eine	Schachtel
5	eine	Saat
5	eine	Posse
5	eine	Pfütze
5	eine	Persönlichkeit
5	eine	Partei
5	eine	Ordonnanz
5	eine	Nase
5	eine	Mütze
5	eine	Mühle
5	eine	Motte
5	eine	Messe
5	eine	Medaille
5	eine	Madonna
5	eine	Luft
5	eine	Lichtung
5	eine	Leistung
5	eine	Laube
5	eine	Kunde
5	eine	Klippe
5	eine	Kanone
5	eine	Illusion
5	eine	Hypothese
5	eine	Huldigung
5	eine	Hochzeitsreise
5	eine	Herrschaft
5	eine	Herberge
5	eine	Henne
5	eine	Grille
5	eine	Geste
5	eine	Geliebte
5	eine	Formel
5	eine	Formalität
5	eine	Flamme
5	eine	Existenz
5	eine	Erwiderung
5	eine	Erniedrigung
5	eine	Erhöhung
5	eine	Erfindung
5	eine	Enttäuschung
5	eine	Entdeckung
5	eine	Dichtung
5	eine	Braut
5	eine	Bildsäule
5	eine	Bibel
5	eine	Besorgnis
5	eine	Berührung
5	eine	Begegnung
5	eine	Auflistung
5	eine	Aufforderung
5	eine	Anordnung
5	eine	Anlage
5	eine	Abstraktion
5	eine	Absicht
5	eine	Absage
5	Eine	Strecke
5	Eine	Gruppe
5	Eine	Folge
4	eine	Übersicht
4	eine	Übersetzung
4	eine	Überschwemmung
4	eine	Änderung
4	eine	Zierde
4	eine	Zeichnung
4	eine	Würde
4	eine	Wurst
4	eine	Wichtigkeit
4	eine	Wette
4	eine	Wespe
4	eine	Welle
4	eine	Weisung
4	eine	Waise
4	eine	Vorrichtung
4	eine	Vorbereitung
4	eine	Voraussetzung
4	eine	Verwandtschaft
4	eine	Verneinung
4	eine	Verlegenheit
4	eine	Vergleichung
4	eine	Verführung
4	eine	Vase
4	eine	Unternehmung
4	eine	Unabhängigkeit
4	eine	Umwerthung
4	eine	Umwandlung
4	eine	Truppe
4	eine	Tour
4	eine	Teilung
4	eine	Teil
4	eine	Tanne
4	eine	Sünderin
4	eine	Suppe
4	eine	Stätte
4	eine	Spielerei
4	eine	Sphäre
4	eine	Sonate
4	eine	Sitte
4	eine	Seuche
4	eine	Sensation
4	eine	Schwierigkeit
4	eine	Schweinerei
4	eine	Schulter
4	eine	Schrapnellkugel
4	eine	Schere
4	eine	Scheidung
4	eine	Schaufel
4	eine	Revolution
4	eine	Redensart
4	eine	Rast
4	eine	Prügelei
4	eine	Prüfung
4	eine	Prozession
4	eine	Position
4	eine	Portion
4	eine	Plauderei
4	eine	Photographie
4	eine	Pforte
4	eine	Perücke
4	eine	Periode
4	eine	Peitsche
4	eine	Patientin
4	eine	Ordnungsstrafe
4	eine	Oper
4	eine	Neuigkeit
4	eine	Neuerung
4	eine	Nadel
4	eine	Mühe
4	eine	Mücke
4	eine	Monstranz
4	eine	Mitte
4	eine	Missetat
4	eine	Messerspitze
4	eine	Mehrheit
4	eine	Materie
4	eine	Mannigfaltigkeit
4	eine	Lästerung
4	eine	Lähmung
4	eine	Locke
4	eine	Liebschaft
4	eine	Liebesgeschichte
4	eine	Lektion
4	eine	Leitung
4	eine	Lanze
4	eine	Landstraße
4	eine	Künstlerin
4	eine	Köchin
4	eine	Kruste
4	eine	Kranke
4	eine	Kompanie
4	eine	Klaue
4	eine	Kinderei
4	eine	Kammer
4	eine	Jagdstaffel
4	eine	Injektion
4	eine	Höflichkeit
4	eine	Hemmung
4	eine	Hebung
4	eine	Haut
4	eine	Haltung
4	eine	Hacke
4	eine	Grube
4	eine	Gleichheit
4	eine	Glastür
4	eine	Gewißheit
4	eine	Gewitterwolke
4	eine	Gefälligkeit
4	eine	Gedanke
4	eine	Gasse
4	eine	Fratze
4	eine	Feuersbrunst
4	eine	Farbe
4	eine	Fahne
4	eine	Extrem
4	eine	Eule
4	eine	Entschuldigung
4	eine	Einteilung
4	eine	Eingebung
4	eine	Eigentümlichkeit
4	eine	Bäuerin
4	eine	Brust
4	eine	Bouteille
4	eine	Betrachtung
4	eine	Beschäftigung
4	eine	Beschreibung
4	eine	Berühmtheit
4	eine	Begrenzung
4	eine	Beförderung
4	eine	Befreiung
4	eine	Barrikade
4	eine	Auswahl
4	eine	Ausgabe
4	eine	Auseinandersetzung
4	eine	Auffassung
4	eine	Atmosphäre
4	eine	Aristokratie
4	eine	Antinomie
4	eine	Anmerkung
4	eine	Anmaßung
4	eine	Andere
4	eine	Amme
4	eine	Ader
4	eine	Abteilung
4	Eine	Zeit
4	Eine	Wahrheit
4	Eine	Straяe
4	Eine	Stille
4	Eine	Stadt
4	Eine	Rotte
4	Eine	Ordonnanz
4	Eine	Novelle
4	Eine	Hand
4	Eine	Granate
4	Eine	Frage
4	Eine	Familie
4	Eine	Erklärung
4	Eine	Bewegung
4	Eine	Bemerkung
3	eine	Überzeugung
3	eine	Übertragung
3	eine	Überlegenheit
3	eine	Übereinstimmung
3	eine	Zuschrift
3	eine	Zunge
3	eine	Zofe
3	eine	Zitronensemmel
3	eine	Zahlung
3	eine	Willkür
3	eine	Wiege
3	eine	Weisheit
3	eine	Wahl
3	eine	Vorsehung
3	eine	Villa
3	eine	Verwandlung
3	eine	Vertiefung
3	eine	Verstärkung
3	eine	Versicherung
3	eine	Vermutung
3	eine	Vermischung
3	eine	Verkleidung
3	eine	Verkehrung
3	eine	Veranlassung
3	eine	Unvollkommenheit
3	eine	Unterweisung
3	eine	Unterstützung
3	eine	Unterscheidung
3	eine	Unruhe
3	eine	Unglückliche
3	eine	Ungleichheit
3	eine	Ungerechtigkeit
3	eine	Ungeduld
3	eine	Tüte
3	eine	Tänzerin
3	eine	Tragödie
3	eine	Torte
3	eine	Thüre
3	eine	Thür
3	eine	Thätigkeit
3	eine	Theilung
3	eine	Temperatur
3	eine	Tembe
3	eine	Sühne
3	eine	Sängerin
3	eine	Stute
3	eine	Stube
3	eine	Straßenecke
3	eine	Sternblume
3	eine	Station
3	eine	Spontaneität
3	eine	Spitze
3	eine	Sklavin
3	eine	Sinnen
3	eine	Sendung
3	eine	Seereise
3	eine	Seel
3	eine	Schöne
3	eine	Schäferin
3	eine	Schwenkung
3	eine	Schwelle
3	eine	Schwalbe
3	eine	Schwachheit
3	eine	Schildkröte
3	eine	Schilderung
3	eine	Sauce
3	eine	Saite
3	eine	Sackgasse
3	eine	Röte
3	eine	Ruhe
3	eine	Rente
3	eine	Realität
3	eine	Ratte
3	eine	Proviantkolonne
3	eine	Prophezeiung
3	eine	Privatwohnung
3	eine	Phiole
3	eine	Perlenschnur
3	eine	Pein
3	eine	Offenbarung
3	eine	Oberfläche
3	eine	Nötigung
3	eine	Noth
3	eine	Narbe
3	eine	Nachtherberge
3	eine	Nachahmung
3	eine	Mähne
3	eine	Muthmaassung
3	eine	Morgen
3	eine	Moral
3	eine	Modifikation
3	eine	Mischperson
3	eine	Methode
3	eine	Menschen
3	eine	Maßnahme
3	eine	Maxime
3	eine	Masche
3	eine	Mark
3	eine	Mahnung
3	eine	Lilie
3	eine	Liebesgabe
3	eine	Lerche
3	eine	Leere
3	eine	Lage
3	eine	Kälte
3	eine	Krümmung
3	eine	Kränkung
3	eine	Kopie
3	eine	Konferenz
3	eine	Kolonne
3	eine	Kolonie
3	eine	Knallerbse
3	eine	Klasse
3	eine	Kinderfrau
3	eine	Kapelle
3	eine	Jüdin
3	eine	Junge
3	eine	Höhle
3	eine	Hochburg
3	eine	Himbeere
3	eine	Heuchlerin
3	eine	Herabsetzung
3	eine	Heirat
3	eine	Heilige
3	eine	Haupt
3	eine	Haube
3	eine	Handbreit
3	eine	Handarbeit
3	eine	Glut
3	eine	Gleichgültigkeit
3	eine	Glaskugel
3	eine	Gewalt
3	eine	Gesetzgebung
3	eine	Gerechtigkeit
3	eine	Genugtuung
3	eine	Generation
3	eine	Geige
3	eine	Gefühl
3	eine	Gabel
3	eine	Fälschung
3	eine	Fähre
3	eine	Fähigkeit
3	eine	Furcht
3	eine	Frauensperson
3	eine	Fläche
3	eine	Fledermaus
3	eine	Festlichkeit
3	eine	Faselei
3	eine	Falte
3	eine	Falschheit
3	eine	Fakultät
3	eine	Fabel
3	eine	Erschütterung
3	eine	Erregung
3	eine	Erquickung
3	eine	Erfüllung
3	eine	Erbschaft
3	eine	Entstellung
3	eine	Entschädigung
3	eine	Entfernung
3	eine	Entdeckungsreise
3	eine	Eisenbahn
3	eine	Einöde
3	eine	Einschränkung
3	eine	Einsamkeit
3	eine	Ebene
3	eine	Drossel
3	eine	Dritte
3	eine	Deutsche
3	eine	Deputation
3	eine	Delikatesse
3	eine	Dattel
3	eine	Darstellung
3	eine	Champagnerflasche
3	eine	Bütte
3	eine	Bürde
3	eine	Burg
3	eine	Bucht
3	eine	Brittin
3	eine	Bosheit
3	eine	Borte
3	eine	Blöße
3	eine	Blutrache
3	eine	Blindheit
3	eine	Bezeichnung
3	eine	Beule
3	eine	Besserung
3	eine	Beschwerde
3	eine	Besatzung
3	eine	Beruhigung
3	eine	Berechnung
3	eine	Beichte
3	eine	Bahre
3	eine	Auster
3	eine	Aufklärung
3	eine	Attacke
3	eine	Artigkeit
3	eine	Anziehungskraft
3	eine	Anzeige
3	eine	Anwendung
3	eine	Anwandlung
3	eine	Antilope
3	eine	Anregung
3	eine	Anrede
3	eine	Annäherung
3	eine	Annahme
3	eine	Anleihe
3	eine	Amerikanerin
3	eine	Alte
3	eine	Allee
3	eine	Akademie
3	eine	Abänderung
3	eine	Abwechslung
3	eine	Absurdität
3	Eine	Wissenschaft
3	Eine	Vorstellung
3	Eine	Untersuchung
3	Eine	Tür
3	Eine	Treppe
3	Eine	Stelle
3	Eine	Rede
3	Eine	Maus
3	Eine	Laune
3	Eine	Kugel
3	Eine	Kraft
3	Eine	Idee
3	Eine	Gesellschaft
3	Eine	Flasche
3	Eine	Entführung
3	Eine	Biene
3	Eine	Angst
