414	einen	Augenblick
123	einen	Blick
120	einen	Mann
104	einen	Gegenstand
103	einen	Begriff
96	einen	Teil
96	einen	Menschen
85	einen	Schritt
83	einen	Brief
75	einen	Stuhl
72	einen	Seite
68	einen	Traum
58	einen	Tag
53	einen	Weg
52	einen	Kuß
50	Einen	Augenblick
47	einen	Gott
45	einen	Stein
42	einen	Platz
39	einen	Sinn
36	einen	Zustand
36	einen	Versuch
36	einen	Baum
35	einen	Besuch
33	einen	Spaziergang
33	einen	Gedanken
31	einen	Stoß
31	einen	Namen
30	einen	Zug
30	einen	Punkt
29	einen	Hand
29	einen	Grad
28	einen	Freund
27	einen	Ort
26	einen	Schuß
26	einen	Moment
26	einen	Fuß
26	einen	Ausdruck
24	einen	Wagen
24	einen	Sohn
24	einen	Schlag
24	einen	Fall
24	einen	Anfang
23	einen	Wunsch
23	einen	Herrn
23	einen	Grund
22	einen	Wink
22	einen	Satz
22	einen	Haufen
21	einen	Kreis
21	einen	Gang
21	einen	Feind
20	einen	Wert
20	einen	Schatz
20	einen	Eindruck
20	einen	Berg
18	einen	Zweck
18	einen	Unterschied
18	einen	Schrei
18	einen	Schein
18	einen	Raum
18	einen	Monat
18	einen	Engländer
17	einen	Winkel
17	einen	Vater
17	einen	Spiegel
17	einen	Schluck
17	einen	Ruck
16	einen	Hund
16	einen	Ausweg
15	einen	Ton
15	einen	Teller
15	einen	Sessel
15	einen	Kampf
15	einen	Inhalt
15	einen	Fehler
15	einen	Esel
15	einen	Bruder
14	einen	Zusammenhang
14	einen	Vorwurf
14	einen	Tropfen
14	einen	Stock
14	einen	Sprung
14	einen	Körper
14	einen	Kopf
14	einen	Geist
13	einen	Scherz
13	einen	Laut
13	einen	Krieg
13	einen	Gruß
13	einen	Engel
13	einen	Dichter
13	einen	Arm
12	einen	Zweig
12	einen	Spaß
12	einen	Meter
12	einen	Kranz
12	einen	Garten
12	einen	Entschluß
12	einen	Arzt
11	einen	Zweifel
11	einen	Wald
11	einen	Vers
11	einen	Umweg
11	einen	Tisch
11	einen	Strauß
11	einen	Schmerz
11	einen	Ring
11	einen	Plan
11	einen	Fürsten
11	einen	Finger
11	einen	Druck
11	einen	Dienst
11	einen	Anlauf
10	einen	Widerspruch
10	einen	Stern
10	einen	Sack
10	einen	Knaben
10	einen	Hof
10	einen	Halt
10	einen	Gefallen
10	einen	Felsen
9	einen	Zufall
9	einen	Zettel
9	einen	Triangel
9	einen	Streich
9	einen	Stich
9	einen	Spaten
9	einen	Rubel
9	einen	Prozeß
9	einen	Pfennig
9	einen	Laden
9	einen	Fluß
9	einen	Band
9	einen	Ball
9	einen	Ausflug
8	einen	Vorwand
8	einen	Vorschlag
8	einen	Verstand
8	einen	Turm
8	einen	Topf
8	einen	Theil
8	einen	Strich
8	einen	Roman
8	einen	Offizier
8	einen	Narren
8	einen	König
8	einen	Irrtum
8	einen	Heiligen
8	einen	Grundsatz
8	einen	Gegner
8	einen	Erfolg
8	einen	Boten
8	einen	Bissen
8	einen	Beweis
8	einen	Apfel
8	einen	Anzug
8	einen	Angriff
8	einen	Abgrund
7	einen	Zuwachs
7	einen	Witz
7	einen	Wechsel
7	einen	Vorzug
7	einen	Vorteil
7	einen	Verweis
7	einen	Verlust
7	einen	Schlüssel
7	einen	Schleier
7	einen	Rest
7	einen	Rat
7	einen	Posten
7	einen	Pelz
7	einen	Orden
7	einen	Mund
7	einen	Lehnstuhl
7	einen	Kratzfuß
7	einen	Korb
7	einen	Knochen
7	einen	Jungen
7	einen	Genuß
7	einen	Fisch
7	einen	Einfall
7	einen	Eid
7	einen	Aufenthalt
7	einen	Antrag
7	Einen	Mann
6	einen	Widerwillen
6	einen	Vorsprung
6	einen	Vogel
6	einen	Treffer
6	einen	Toast
6	einen	Tadel
6	einen	Streit
6	einen	Sommer
6	einen	Sieg
6	einen	Seufzer
6	einen	See
6	einen	Schluß
6	einen	Schimmer
6	einen	Reiz
6	einen	Philosophen
6	einen	Mantel
6	einen	Mangel
6	einen	Kranken
6	einen	Kanon
6	einen	Kahn
6	einen	Händedruck
6	einen	Hauch
6	einen	Halbkreis
6	einen	Groschen
6	einen	Glanz
6	einen	Geistlichen
6	einen	Funken
6	einen	Fuchs
6	einen	Flügel
6	einen	Diener
6	einen	Bericht
6	einen	Bedienten
6	einen	Bart
6	einen	Ausgang
6	einen	Abend
6	Einen	Moment
6	Einen	Begriff
5	einen	Vortrag
5	einen	Verwundeten
5	einen	Turban
5	einen	Trupp
5	einen	Tiger
5	einen	Tanz
5	einen	Streifen
5	einen	Stachel
5	einen	Saal
5	einen	Ruhepunkt
5	einen	Ruf
5	einen	Rahmen
5	einen	Nebel
5	einen	Nagel
5	einen	Mörder
5	einen	Mord
5	einen	Löwen
5	einen	Leib
5	einen	Künstler
5	einen	Krach
5	einen	Kognak
5	einen	Koffer
5	einen	Kameraden
5	einen	Imbiß
5	einen	Hinterhalt
5	einen	Helm
5	einen	Heller
5	einen	Hang
5	einen	Hahn
5	einen	Gulden
5	einen	Geruch
5	einen	Gegenstoß
5	einen	Gefangenen
5	einen	Gatten
5	einen	Gast
5	einen	Fortschritt
5	einen	Falle
5	einen	Faden
5	einen	Ersatz
5	einen	Ekel
5	einen	Einwand
5	einen	Einfluß
5	einen	Degen
5	einen	Choral
5	einen	Busch
5	einen	Brunnen
5	einen	Bogen
5	einen	Beigeschmack
5	einen	Befehl
5	einen	Bauern
5	einen	Auftritt
5	einen	Aufsatz
5	einen	Anstrich
5	Einen	Menschen
4	einen	Übergang
4	einen	Überfall
4	einen	Zwicker
4	einen	Zusatz
4	einen	Zahn
4	einen	Willen
4	einen	Widerstand
4	einen	Vortheil
4	einen	Volltreffer
4	einen	Trichter
4	einen	Toten
4	einen	Strohhalm
4	einen	Stoff
4	einen	Stelle
4	einen	Stab
4	einen	Schwanz
4	einen	Schrank
4	einen	Schnaps
4	einen	Schatten
4	einen	Regressus
4	einen	Probierstein
4	einen	Pilger
4	einen	Pfiff
4	einen	Pfeil
4	einen	Ofen
4	einen	Mißverstand
4	einen	Luftkampf
4	einen	Liebhaber
4	einen	Leitfaden
4	einen	Leichnam
4	einen	Lehnsessel
4	einen	Kutscher
4	einen	Kummer
4	einen	Kollegen
4	einen	Knebel
4	einen	Kilometer
4	einen	Kessel
4	einen	Inbegriff
4	einen	Ich
4	einen	Hügel
4	einen	Hut
4	einen	Hinweis
4	einen	Hass
4	einen	Hasen
4	einen	Glauben
4	einen	Freudenschrei
4	einen	Fokker
4	einen	Fleck
4	einen	Falken
4	einen	Ende
4	einen	Dummkopf
4	einen	Dukaten
4	einen	Duft
4	einen	Dritten
4	einen	Der
4	einen	Daumen
4	einen	Christen
4	einen	Chinesen
4	einen	Charakter
4	einen	Bären
4	einen	Buben
4	einen	Bekannten
4	einen	Becher
4	einen	Bauernhof
4	einen	Bach
4	einen	Auftrag
4	einen	Apfelbaum
4	einen	Anteil
4	einen	Anstoß
4	einen	Anspruch
4	einen	Anhalt
4	einen	Andern
4	einen	Anblick
4	einen	Acker
4	einen	Abschluß
4	einen	Abfluß
4	Einen	Teil
4	Einen	Tag
3	einen	Überblick
3	einen	Zylinder
3	einen	Zwischenfall
3	einen	Zuzug
3	einen	Zopf
3	einen	Zirkus
3	einen	Zirkel
3	einen	Zeugen
3	einen	Zeitraum
3	einen	Zeitpunkt
3	einen	Zeigefinger
3	einen	Zehner
3	einen	Zauberschlag
3	einen	Wurm
3	einen	Winter
3	einen	Wettstreit
3	einen	Werth
3	einen	Weisen
3	einen	Wein
3	einen	Wege
3	einen	Wand
3	einen	Vorrat
3	einen	Vorhang
3	einen	Unteroffizier
3	einen	Ungläubigen
3	einen	Umsturz
3	einen	Umschlag
3	einen	Trugschluß
3	einen	Tritt
3	einen	Tod
3	einen	Text
3	einen	Teufel
3	einen	Teich
3	einen	Talisman
3	einen	Taler
3	einen	Sturm
3	einen	Strudel
3	einen	Strom
3	einen	Strick
3	einen	Strahl
3	einen	Sterbenden
3	einen	Stand
3	einen	Staat
3	einen	Spion
3	einen	Spazierritt
3	einen	Spalt
3	einen	Skandal
3	einen	Silbergroschen
3	einen	Seitenblick
3	einen	Schwamm
3	einen	Schwachkopf
3	einen	Schriftsteller
3	einen	Schrein
3	einen	Schlaftrunk
3	einen	Schauspieler
3	einen	Schaden
3	einen	Rückfall
3	einen	Rücken
3	einen	Rundgang
3	einen	Ruhetag
3	einen	Rock
3	einen	Ritter
3	einen	Revolver
3	einen	Reim
3	einen	Reigen
3	einen	Regenschirm
3	einen	Quell
3	einen	Punkte
3	einen	Pudel
3	einen	Priester
3	einen	Platzregen
3	einen	Pinsel
3	einen	Pfeiler
3	einen	Pfarrer
3	einen	Pfahl
3	einen	Pfaffen
3	einen	Paß
3	einen	Panzer
3	einen	Palast
3	einen	Omnibus
3	einen	Ochsen
3	einen	Nutzen
3	einen	Neger
3	einen	Moslem
3	einen	Morgen
3	einen	Minister
3	einen	Lügner
3	einen	Löffel
3	einen	Leibarzt
3	einen	Lehrer
3	einen	Käfer
3	einen	Knoten
3	einen	Knopf
3	einen	Klumpen
3	einen	Kern
3	einen	Kerl
3	einen	Kaufmann
3	einen	Kasten
3	einen	Karren
3	einen	Kandidaten
3	einen	Kanal
3	einen	Kamm
3	einen	Instinkt
3	einen	Herrscher
3	einen	Helden
3	einen	Heiratsantrag
3	einen	Haß
3	einen	Handel
3	einen	Hammel
3	einen	Gürtel
3	einen	Guten
3	einen	Griff
3	einen	Grashalm
3	einen	Granatsplitter
3	einen	Giebel
3	einen	Gewinn
3	einen	Gesinnungstüchtigen
3	einen	Gesang
3	einen	Genossen
3	einen	Gegensatz
3	einen	Gegendienst
3	einen	Gebrauch
3	einen	Fächer
3	einen	Frieden
3	einen	Fremden
3	einen	Franzosen
3	einen	Flug
3	einen	Firman
3	einen	Fetzen
3	einen	Fenster
3	einen	Feigling
3	einen	Erwachsenen
3	einen	Entwurf
3	einen	Ellenbogen
3	einen	Einwurf
3	einen	Eingang
3	einen	Einfluss
3	einen	Ecke
3	einen	Drang
3	einen	Dragoner
3	einen	Dolmetscher
3	einen	Dolch
3	einen	Doktor
3	einen	Dieb
3	einen	Deutschen
3	einen	Bund
3	einen	Brocken
3	einen	Blumenstrauß
3	einen	Bleistift
3	einen	Bittgottesdienst
3	einen	Bezug
3	einen	Beweisgrund
3	einen	Beutel
3	einen	Beruf
3	einen	Beitrag
3	einen	Beine
3	einen	Ausblick
3	einen	Auge
3	einen	Armsessel
3	einen	Arbeiter
3	einen	Anlaß
3	einen	Anhang
3	einen	Anflug
3	einen	Anderen
3	einen	Altar
3	einen	Akt
3	einen	Akkord
3	einen	Affen
3	einen	Affekt
3	einen	Adler
3	einen	Abstand
3	einen	Abschnitt
3	einen	Abguß
3	Einen	Gegenstand
3	Einen	Brief
