433	hin	und	her
270	ganz	und	gar
202	nach	und	nach
173	an	und	für
169	auf	und	ab
151	hie	und	da
133	mehr	und	mehr
98	Tag	und	Nacht
97	dann	und	wann
97	auf	und	nieder
95	Raum	und	Zeit
90	hier	und	da
70	rechts	und	links
64	war	und	die
64	Vater	und	Mutter
62	da	und	dort
62	Gut	und	Böse
60	durch	und	durch
57	hin	und	wieder
56	ist	und	die
55	sei	und	daß
54	ab	und	zu
50	war	und	daß
45	einzig	und	allein
44	hin	und	wider
41	ist	und	daß
40	über	und	über
38	immer	und	immer
38	hatte	und	die
38	auf	und	sagte
38	auf	und	ging
37	war	und	sich
37	sein	und	die
37	Leib	und	Seele
36	klar	und	deutlich
35	weit	und	breit
34	war	und	der
34	hier	und	dort
34	Ort	und	Stelle
33	auf	und	sah
33	Rex	und	Czako
32	war	und	das
32	kurz	und	gut
31	sind	und	die
31	ist	und	das
31	hatte	und	der
31	hatte	und	das
31	fort	und	fort
31	an	und	sagte
31	Ab	und	zu
30	ist	und	in
29	haben	und	die
29	einer	und	derselben
29	Gold	und	Silber
29	Art	und	Weise
28	sie	und	sie
28	sich	und	die
28	sein	und	das
28	hat	und	die
28	Ursache	und	Wirkung
28	Essen	und	Trinken
27	links	und	rechts
27	Hand	und	sagte
27	Dann	und	wann
26	Raumes	und	der
26	Mann	und	Weib
26	Jahr	und	Tag
25	ein	und	dasselbe
25	Himmel	und	Erde
24	werden	und	die
24	waren	und	die
24	ist	und	der
24	ihn	und	er
24	Hie	und	da
24	Grund	und	Boden
23	wieder	und	wieder
23	so	und	so
23	habe	und	daß
23	Leben	und	Tod
22	war	und	er
22	je	und	je
22	ist	und	wenn
22	hatte	und	er
22	auf	und	die
22	König	und	die
22	Herren	und	Damen
22	Beineberg	und	Reiting
21	zurück	und	sagte
21	wird	und	die
21	war	und	in
21	stehen	und	sah
21	können	und	die
21	ist	und	es
21	hatte	und	sie
21	hat	und	daß
21	gewesen	und	hatte
21	Zeit	und	Raum
21	Weiber	und	Kinder
21	Hut	und	Stock
21	Frauen	und	Kinder
20	war	und	sie
20	war	und	den
20	tiefer	und	tiefer
20	ist	und	sich
20	ist	und	nicht
20	hatte	und	mit
20	halb	und	halb
20	gut	und	böse
20	auf	und	rief
20	auf	und	der
20	Weib	und	Kind
20	Max	und	Moritz
19	zu	und	sagte
19	sind	und	daß
19	sie	und	ihre
19	näher	und	näher
19	ist	und	wie
19	ist	und	so
19	ist	und	bleibt
19	hatte	und	daß
19	haben	und	nicht
19	aus	und	die
19	auf	und	trat
19	auf	und	davon
19	Vater	und	Sohn
19	Raume	und	der
19	Hier	und	da
19	Guten	und	Bösen
18	war	und	nun
18	war	und	es
18	sind	und	so
18	sein	und	ich
18	mich	und	ich
18	könne	und	daß
18	ein	und	der
18	dies	und	das
18	Sinn	und	Gedanken
18	Rosenkranz	und	Güldenstern
18	Mutter	und	Tochter
18	Fleisch	und	Blut
17	sich	und	der
17	sein	und	sich
17	hatte	und	sich
17	hatte	und	ich
17	auf	und	ein
17	Verstandes	und	der
17	Reih	und	Glied
17	Guten	und	Gerechten
16	war	und	nicht
16	sich	und	seine
16	sich	und	ging
16	selbst	und	die
16	sein	und	es
16	sehen	und	zu
16	nicht	und	ich
16	machen	und	die
16	lassen	und	die
16	kann	und	die
16	ist	und	nur
16	hüben	und	drüben
16	er	und	sah
16	ein	und	die
16	bin	und	daß
16	an	und	sprach
16	Mann	und	Frau
16	Licht	und	Schatten
16	Leben	und	Leib
16	An	und	Für
15	war	und	mit
15	um	und	sah
15	sein	und	nicht
15	mich	und	die
15	kühn	und	gut
15	ist	und	was
15	ihn	und	seine
15	ihn	und	die
15	hat	und	der
15	habe	und	er
15	gewesen	und	die
15	gemacht	und	die
15	er	und	ich
15	auf	und	ich
15	Schreibweise	und	Interpunktion
15	Männer	und	Frauen
15	Mutter	und	Schwester
15	Leben	und	Bewegung
15	Händen	und	Füßen
14	wurde	und	die
14	werden	und	sich
14	werden	und	das
14	war	und	wie
14	war	und	so
14	war	und	an
14	sie	und	ihr
14	sich	und	sagte
14	selbst	und	das
14	schön	und	gut
14	können	und	daß
14	kann	und	der
14	ist	und	ich
14	hatte	und	den
14	hat	und	das
14	haben	und	daß
14	haben	und	das
14	er	und	die
14	ein	und	aus
14	auf	und	lief
14	auf	und	las
14	an	und	die
14	alten	und	neuen
14	Welt	und	die
14	Nach	und	nach
14	Land	und	Meer
14	Ja	und	Nein
14	Haus	und	Hof
14	Emmi	und	Magda
13	werden	und	dann
13	war	und	eine
13	sind	und	sich
13	sind	und	nur
13	sich	und	begann
13	sein	und	so
13	sei	und	sie
13	nicht	und	er
13	kreuz	und	quer
13	ist	und	sie
13	ist	und	also
13	ihm	und	er
13	hatten	und	die
13	hat	und	sich
13	auf	und	war
13	auf	und	sie
13	auf	und	es
13	an	und	fragte
13	an	und	er
13	Tage	und	Nächte
13	Stirn	und	sagte
13	Messer	und	Gabel
13	Lug	und	Trug
13	Licht	und	Finsternis
13	Hand	und	sprach
13	Erd	und	Himmel
12	überhaupt	und	die
12	war	und	ich
12	war	und	auf
12	vor	und	ich
12	sie	und	ich
12	sich	und	in
12	sich	und	ihre
12	sei	und	ob
12	ob	und	wie
12	ist	und	er
12	ist	und	den
12	ist	und	auch
12	ihm	und	dem
12	ich	und	ich
12	höher	und	höher
12	hin	und	sagte
12	hatte	und	wie
12	hatte	und	so
12	hatte	und	nun
12	hatte	und	in
12	größer	und	größer
12	großen	und	kleinen
12	er	und	seine
12	er	und	der
12	ein	und	er
12	dieser	und	jener
12	dies	und	jenes
12	da	und	die
12	aus	und	ein
12	an	und	es
12	Vater	und	die
12	Speis	und	Trank
12	Ruhe	und	Frieden
12	Natur	und	die
12	Mark	und	Bein
12	Leib	und	Leben
12	Kurz	und	gut
12	Hände	und	Füße
12	Gutes	und	Böses
11	wird	und	daß
11	werde	und	daß
11	weiter	und	weiter
11	war	und	was
11	war	und	auch
11	war	und	als
11	um	und	um
11	sie	und	die
11	sich	und	den
11	selbst	und	nicht
11	sein	und	sie
11	sei	und	die
11	müsse	und	daß
11	mir	und	sagte
11	mir	und	den
11	mir	und	dem
11	lag	und	die
11	kam	und	die
11	ist	und	wir
11	ist	und	nach
11	ist	und	diese
11	ich	und	die
11	her	und	die
11	hell	und	klar
11	haben	und	es
11	haben	und	der
11	groß	und	klein
11	frisch	und	gesund
11	er	und	sein
11	eines	und	desselben
11	aus	und	das
11	auf	und	in
11	auf	und	da
11	auf	und	als
11	an	und	ich
11	an	und	ging
11	Zimmer	und	die
11	Zeit	und	dem
11	Wesen	und	die
11	Verstand	und	Vernunft
11	Tun	und	Treiben
11	Treu	und	Glauben
11	Tom	und	ich
11	Tag	und	die
11	Rechts	und	links
11	Mutter	und	die
11	Leben	und	die
11	Kopf	und	sah
11	Fug	und	Recht
11	Augen	und	einem
10	zurück	und	sah
10	wurden	und	die
10	wird	und	der
10	wie	und	wo
10	werden	und	wenn
10	werden	und	es
10	werden	und	er
10	werden	und	daß
10	waren	und	der
10	war	und	zu
10	war	und	von
10	war	und	dann
10	stehen	und	die
10	stand	und	sah
10	stand	und	die
10	sind	und	von
10	sind	und	in
10	sie	und	sah
10	sich	und	dem
10	sein	und	zu
10	sein	und	in
10	sein	und	er
10	seien	und	daß
10	mir	und	ich
10	mich	und	sagte
10	mich	und	den
10	langsam	und	mit
10	kann	und	wenn
10	ihn	und	sein
10	hatte	und	sah
10	hat	und	wenn
10	haben	und	so
10	ersten	und	zweiten
10	er	und	sie
10	er	und	ging
10	ein	und	ich
10	du	und	ich
10	der	und	der
10	aus	und	es
10	aus	und	der
10	auf	und	setzte
10	auf	und	legte
10	auf	und	begann
10	allgemeinen	und	notwendigen
10	aber	und	der
10	Wesen	und	der
10	Teil	und	an
10	Stadt	und	die
10	Schritt	und	Tritt
10	Schimpf	und	Schande
10	Raum	und	die
10	Ordnung	und	Zweckmäßigkeit
10	Natur	und	Freiheit
10	Männer	und	Weiber
10	Menschen	und	die
10	Lust	und	Unlust
10	Himmels	und	der
10	Herr	und	Frau
10	Heinrich	und	Imma
10	Hand	und	sah
10	Hand	und	ging
10	Hab	und	Gut
10	Gott	und	der
10	Gesicht	und	die
10	Frau	und	Kinder
10	Erfahrung	und	nicht
10	Erfahrung	und	deren
10	Berg	und	Tal
10	Augen	und	Ohren
10	Arm	und	sagte
9	Äcker	und	Wiesen
9	zurück	und	ließ
9	zu	und	als
9	worden	und	der
9	waren	und	sich
9	war	und	noch
9	war	und	nach
9	war	und	man
9	war	und	im
9	war	und	ein
9	war	und	dessen
9	vorwärts	und	rückwärts
9	verlassen	und	sich
9	stand	und	mit
9	so	und	nicht
9	sind	und	sie
9	sind	und	nicht
9	sind	und	das
9	sie	und	wenn
9	sie	und	ließ
9	sich	und	seinen
9	selbst	und	in
9	selbst	und	der
9	sein	und	mit
9	sein	und	der
9	sei	und	sich
9	sei	und	nicht
9	sei	und	das
9	sehen	und	hören
9	samt	und	sonders
9	rein	und	schön
9	nicht	und	wenn
9	nicht	und	sie
9	müssen	und	die
9	lassen	und	es
9	lang	und	breit
9	kommen	und	die
9	kann	und	es
9	kam	und	ich
9	ist	und	zwar
9	ist	und	seine
9	ist	und	sein
9	ist	und	auf
9	immer	und	ewig
9	ihm	und	seiner
9	ihm	und	seinem
9	ich	und	mein
9	hob	und	senkte
9	hinaus	und	sah
9	hervor	und	die
9	hatte	und	es
9	hat	und	nun
9	hat	und	nicht
9	haben	und	sie
9	haben	und	sich
9	haben	und	nur
9	haben	und	ich
9	gut	und	ich
9	groß	und	schwer
9	glücklich	und	zufrieden
9	geworden	und	die
9	gewesen	und	es
9	gewesen	und	er
9	gehen	und	die
9	es	und	es
9	ersten	und	letzten
9	erhob	und	die
9	er	und	dann
9	diesem	und	jenem
9	das	und	das
9	aus	und	als
9	auf	und	sprach
9	auf	und	er
9	auf	und	dann
9	auf	und	blickte
9	an	und	sah
9	an	und	der
9	an	und	das
9	alte	und	neue
9	ab	und	die
9	Wissen	und	Wollen
9	Wien	und	Leipzig
9	Tun	und	Lassen
9	Tod	und	Leben
9	Stadt	und	Land
9	Speise	und	Trank
9	Reiting	und	Beineberg
9	Natur	und	der
9	Moralität	und	der
9	Mann	und	ich
9	Leben	und	Treiben
9	Himmel	und	auf
9	Hand	und	führte
9	Gott	und	eine
9	Für	und	Wider
9	Frauen	und	Mädchen
9	Frau	und	Kind
9	Eis	und	Schnee
9	Daumen	und	Zeigefinger
9	Augen	und	die
9	Armen	und	Beinen
9	Anna	und	ich
8	Åsa	und	Klein
8	zwei	und	drei
8	zurück	und	ich
8	zurück	und	er
8	zu	und	ich
8	zeigen	und	die
8	würde	und	die
8	wird	und	das
8	werden	und	der
8	waren	und	sie
8	war	und	wo
8	war	und	da
8	war	und	blieb
8	vor	und	sah
8	vor	und	rückwärts
8	vor	und	er
8	uns	und	wir
8	uns	und	die
8	um	und	ging
8	täglich	und	stündlich
8	stärker	und	stärker
8	still	und	in
8	sie	und	das
8	sich	und	sah
8	sich	und	es
8	sich	und	er
8	sich	und	des
8	selbst	und	als
8	sein	und	wird
8	sein	und	ist
8	sein	und	ein
8	sein	und	doch
8	sei	und	wie
8	nicht	und	das
8	mir	und	meinen
8	mich	und	meinen
8	mich	und	das
8	mehr	und	die
8	machen	und	sich
8	machen	und	in
8	machen	und	das
8	lieb	und	wert
8	lassen	und	sie
8	lachte	und	schüttelte
8	können	und	es
8	kommen	und	ein
8	kann	und	sich
8	kann	und	daß
8	kamen	und	gingen
8	kam	und	sie
8	ihr	und	sie
8	ihr	und	der
8	ihnen	und	sie
8	ihm	und	der
8	ihm	und	den
8	hin	und	sah
8	heran	und	sagte
8	hatte	und	eine
8	hatte	und	ein
8	hat	und	von
8	hat	und	noch
8	hat	und	dem
8	große	und	kleine
8	groß	und	stark
8	geworden	und	der
8	gewesen	und	war
8	fort	und	ich
8	er	und	er
8	einem	und	demselben
8	ein	und	meldete
8	ein	und	dieselbe
8	ein	und	das
8	diese	und	jene
8	der	und	jener
8	bestimmt	und	die
8	aus	und	war
8	auf	und	zog
8	auf	und	wollte
8	auf	und	rannte
8	auf	und	nahm
8	auf	und	ließ
8	auf	und	fing
8	auf	und	brachte
8	an	und	wenn
8	an	und	so
8	ab	und	ging
8	Yksi	und	Kaksi
8	Wind	und	Wetter
8	Vater	und	Tochter
8	Umfang	und	die
8	Teile	und	die
8	Sinn	und	Verstand
8	Seins	und	des
8	Raum	und	der
8	Nacht	und	die
8	Mühe	und	Not
8	Mord	und	Totschlag
8	Mond	und	die
8	Menschen	und	der
8	Mensch	und	Mensch
8	Lippen	und	die
8	Liebe	und	Treue
8	Lebens	und	der
8	Kopf	und	sagte
8	Ja	und	Amen
8	Himmel	und	die
8	Henriette	und	Pfiffi
8	Hand	und	küßte
8	Gut	und	Schlecht
8	Gut	und	Blut
8	Gott	und	den
8	Gott	und	Menschen
8	Freund	und	Feind
8	Frau	und	Tochter
8	Erde	und	es
8	Erde	und	die
8	Er	und	seine
8	Diederich	und	er
8	Da	und	dort
8	Augen	und	er
8	Analytik	und	Dialektik
7	zurück	und	schloß
7	zurück	und	die
7	zu	und	die
7	zu	und	der
7	würde	und	daß
7	wäre	und	sie
7	wäre	und	das
7	worden	und	hatte
7	worden	und	die
7	wo	und	wie
7	wird	und	wenn
7	wird	und	in
7	werden	und	zu
7	werden	und	so
7	werden	und	nicht
7	werden	und	mit
7	werden	und	man
7	werden	und	in
7	war	und	über
7	war	und	wenn
7	war	und	seine
7	war	und	sagte
7	war	und	mir
7	war	und	ist
7	war	und	durch
7	suchen	und	zu
7	still	und	ernst
7	sind	und	der
7	sind	und	da
7	sie	und	gab
7	sie	und	es
7	sie	und	der
7	sich	und	wollte
7	sich	und	wenn
7	sich	und	schritt
7	sich	und	ich
7	sich	und	das
7	selbst	und	zwar
7	sein	und	wenn
7	sein	und	nach
7	sein	und	hat
7	sein	und	den
7	sein	und	auch
7	sei	und	er
7	sehen	und	dann
7	sagen	und	ich
7	recht	und	gut
7	nicht	und	so
7	nicht	und	der
7	nehmen	und	das
7	nah	und	fern
7	nach	und	sah
7	nach	und	die
7	mich	und	meine
7	macht	und	die
7	lassen	und	er
7	langsam	und	vorsichtig
7	lang	und	so
7	lag	und	schlief
7	klare	und	deutliche
7	kann	und	soll
7	kann	und	muß
7	ist	und	weil
7	ist	und	von
7	ist	und	mithin
7	ist	und	mit
7	ist	und	keine
7	ist	und	dann
7	ist	und	daher
7	ihm	und	seinen
7	ich	und	er
7	ich	und	der
7	hörte	und	sah
7	hinein	und	dann
7	hin	und	sprach
7	hin	und	die
7	heraus	und	in
7	hatte	und	zu
7	hatte	und	von
7	hatte	und	jetzt
7	hatte	und	dann
7	haben	und	wenn
7	habe	und	dann
7	gut	und	nützlich
7	groß	und	mächtig
7	gewesen	und	jetzt
7	gewesen	und	hat
7	gewesen	und	habe
7	fort	und	die
7	er	und	stand
7	er	und	sagte
7	einsam	und	verlassen
7	eine	und	dieselbe
7	du	und	du
7	dir	und	mir
7	dich	und	deine
7	denken	und	zu
7	da	und	der
7	bleiben	und	das
7	bestimmen	und	zu
7	aus	und	flog
7	auf	und	wurde
7	auf	und	wenn
7	auf	und	verließ
7	auf	und	mit
7	auf	und	gab
7	auf	und	eilte
7	an	und	sie
7	an	und	ließ
7	an	und	ist
7	an	und	gab
7	an	und	dann
7	ab	und	ich
7	Zwecks	und	der
7	Zeiten	und	in
7	Zeit	und	Ewigkeit
7	Wesens	und	der
7	Welt	und	in
7	Welt	und	der
7	Weg	und	Steg
7	Wasser	und	die
7	Volker	und	Hagen
7	Vater	und	ich
7	Ursachen	und	Wirkungen
7	Trauminhalt	und	Traumgedanken
7	Tore	und	geht
7	Teile	und	der
7	Tau	und	Regen
7	Tag	und	Stunde
7	Stärke	und	Schwäche
7	Stirn	und	Augen
7	Stimme	und	die
7	Spott	und	Hohn
7	Sonne	und	Mond
7	Sie	und	ich
7	Schloß	und	Riegel
7	Ruhe	und	Sicherheit
7	Ross	und	Gewand
7	Phaenomena	und	Noumena
7	Oben	und	Unten
7	Natur	und	Sinnlichkeit
7	Natur	und	Kunst
7	Nathan	und	der
7	Mühe	und	Arbeit
7	Morgen	und	geht
7	Menschen	und	Dinge
7	Mensch	und	Tier
7	Meer	und	der
7	Lust	und	Schmerz
7	Leben	und	das
7	Leben	und	Gesundheit
7	Körper	und	Geist
7	Kopf	und	lächelte
7	Knaben	und	Mädchen
7	Innern	und	Äußern
7	Inhalt	und	die
7	Hülle	und	Fülle
7	Hören	und	Sehen
7	Hin	und	her
7	Herz	und	Sinn
7	Hand	und	die
7	Hals	und	Kopf
7	Gunther	und	Hagen
7	Gottes	und	die
7	Gott	und	die
7	Gott	und	dem
7	Glück	und	die
7	Gesicht	und	sagte
7	Ganz	und	gar
7	Familie	und	der
7	Ertzum	und	Lohmann
7	Einzelnheit	und	Allgemeinheit
7	Ebbe	und	Flut
7	Augen	und	sie
7	Augen	und	den
7	Askaris	und	Träger
7	Arme	und	Beine
7	An	und	für
6	überhaupt	und	der
6	ähnlich	und	gleich
6	zusammen	und	blieb
6	zu	und	sah
6	zu	und	nahm
6	zu	und	dann
6	wäre	und	die
6	wurde	und	sich
6	wurde	und	der
6	wurde	und	das
6	worden	und	so
6	worden	und	ich
6	worden	und	es
6	wollte	und	sich
6	wohl	und	ich
6	wird	und	zwar
6	wird	und	man
6	will	und	kann
6	wieder	und	immer
6	wieder	und	ich
6	werden	und	sie
6	werden	und	ich
6	werden	und	doch
6	werde	und	das
6	waren	und	von
6	waren	und	in
6	war	und	schon
6	war	und	einen
6	vor	und	in
6	um	und	sprach
6	tut	und	sie
6	systematische	und	zweckmäßige
6	stumm	und	starr
6	still	und	dunkel
6	sind	und	wie
6	sind	und	wenn
6	sie	und	so
6	sie	und	mit
6	sie	und	er
6	sie	und	als
6	sich	und	wurde
6	sich	und	war
6	sich	und	nun
6	sich	und	nahm
6	sich	und	mit
6	sich	und	als
6	sein	und	wir
6	sein	und	sein
6	sein	und	nur
6	sein	und	dann
6	sei	und	wenn
6	sei	und	was
6	sei	und	es
6	sei	und	also
6	sehen	und	es
6	sehen	und	die
6	schwächer	und	schwächer
6	regen	und	bewegen
6	recht	und	billig
6	nieder	und	sagte
6	nieder	und	als
6	müssen	und	da
6	mich	und	sah
6	mehr	und	nicht
6	machen	und	sie
6	machen	und	den
6	lief	und	lief
6	lieb	und	gut
6	lesen	und	schreiben
6	leicht	und	schnell
6	lassen	und	mich
6	lassen	und	den
6	konnte	und	die
6	konnte	und	das
6	kommen	und	sich
6	kommen	und	gehen
6	kann	und	ein
6	kam	und	wir
6	ist	und	man
6	ist	und	doch
6	ist	und	dies
6	ist	und	als
6	immer	und	überall
6	hören	und	sich
6	hin	und	zurück
6	hierhin	und	dorthin
6	heraus	und	rief
6	herab	und	die
6	her	und	hin
6	hell	und	warm
6	hatten	und	sie
6	hatte	und	zwar
6	hatte	und	was
6	hatte	und	sein
6	hatte	und	ließ
6	hatte	und	dessen
6	hatte	und	dem
6	hatte	und	da
6	hat	und	es
6	hat	und	den
6	halten	und	den
6	haben	und	nun
6	haben	und	mit
6	haben	und	eine
6	haben	und	doch
6	haben	und	den
6	habe	und	sie
6	habe	und	die
6	ging	und	stand
6	geworden	und	ich
6	geworden	und	er
6	gewesen	und	als
6	getan	und	sich
6	gestern	und	heute
6	gesehen	und	gehört
6	gemacht	und	sie
6	gekommen	und	er
6	gehen	und	sie
6	gehen	und	ihm
6	gegangen	und	hatte
6	für	und	für
6	frei	und	ohne
6	frei	und	offen
6	fort	und	es
6	essen	und	zu
6	essen	und	trinken
6	es	und	die
6	erkennen	und	zu
6	er	und	so
6	er	und	ließ
6	er	und	in
6	er	und	hielt
6	enger	und	enger
6	endlich	und	begrenzt
6	ein	und	ließ
6	ein	und	es
6	ein	und	demselben
6	durch	und	in
6	doppelt	und	dreifach
6	blau	und	weiß
6	bin	und	mich
6	aus	und	sie
6	aus	und	ließ
6	aus	und	legte
6	aus	und	ich
6	aus	und	ging
6	aus	und	er
6	aus	und	dann
6	auf	und	öffnete
6	auf	und	wie
6	auf	und	schritt
6	auf	und	führte
6	auf	und	fuhr
6	an	und	wir
6	an	und	wie
6	an	und	war
6	an	und	mit
6	an	und	als
6	allein	und	so
6	ab	und	wir
6	ab	und	warf
6	ab	und	trat
6	ab	und	setzte
6	ab	und	nahm
6	ab	und	ließ
6	ab	und	der
6	Zeit	und	die
6	Zeit	und	Stunde
6	Wochen	und	Monate
6	Wissens	und	der
6	Wissen	und	Glauben
6	Wissen	und	Gewissen
6	Wirklichkeit	und	Notwendigkeit
6	Wesens	und	des
6	Wesen	und	seine
6	Weibern	und	Kindern
6	Weib	und	Mann
6	Wald	und	Feld
6	Verstand	und	dessen
6	Vergangenheit	und	Zukunft
6	Türen	und	Fenster
6	Tür	und	Fenster
6	Tristan	und	Isolde
6	Traumgedanken	und	Trauminhalt
6	Traumes	und	der
6	Traum	und	Wachen
6	Traum	und	Traumdeutung
6	Traum	und	Dichtung
6	Tom	und	Christian
6	Teil	und	die
6	Tages	und	der
6	Tage	und	Wochen
6	Substanz	und	das
6	Soldat	und	der
6	Sie	und	Ihre
6	Sid	und	Mary
6	Sein	und	Wesen
6	Seele	und	der
6	Seele	und	Leib
6	Schlaf	und	Wachen
6	Schlaf	und	Traum
6	Romeo	und	Julia
6	Regen	und	Sonnenschein
6	Pauken	und	Trompeten
6	Natur	und	des
6	Natur	und	den
6	Männern	und	Frauen
6	Mutter	und	der
6	Mond	und	Sterne
6	Mittel	und	Wege
6	Menschen	und	Tiere
6	Meer	und	Land
6	Maß	und	Ziel
6	Materie	und	Form
6	Luft	und	Licht
6	Lob	und	Tadel
6	Liebe	und	Hass
6	Leben	und	in
6	Leben	und	der
6	Laub	und	Grill
6	Land	und	die
6	Kopf	und	blickte
6	Knall	und	Fall
6	Kleider	und	Schuhe
6	Ja	und	nein
6	Hin	und	Widerreden
6	Hin	und	Her
6	Herrschaft	und	Knechtschaft
6	Heinrich	und	Ditlind
6	Heimischen	und	Fremden
6	Hand	und	zog
6	Hand	und	ich
6	Großen	und	Kleinen
6	Glück	und	Unglück
6	Gesicht	und	ein
6	Gesicht	und	das
6	Gesicht	und	Hände
6	Geistes	und	des
6	Geist	und	die
6	Gegenstand	und	dessen
6	Fürsten	und	ihr
6	Freunde	und	Feinde
6	Frau	und	sagte
6	Frau	und	die
6	Fragen	und	Antworten
6	Fluß	und	die
6	Fliegenschnauz	und	Mückennas
6	Feuer	und	die
6	Fenster	und	sah
6	Fenster	und	die
6	Faust	und	Mephistopheles
6	Erscheinungen	und	nicht
6	Erscheinungen	und	deren
6	Erde	und	das
6	Denken	und	die
6	Charakter	und	die
6	Capulet	und	die
6	Bäume	und	Sträucher
6	Brust	und	sagte
6	Bewußtsein	und	der
6	Begriffe	und	Grundsätze
6	Augen	und	sagte
6	Augen	und	es
6	Augen	und	Lippen
6	Auge	und	Ohr
6	Arzt	und	der
6	Angst	und	Schrecken
6	Akka	und	die
5	überhaupt	und	an
5	äußeren	und	inneren
5	zwei	und	zwei
5	zusammen	und	es
5	zusammen	und	die
5	zurück	und	machte
5	zurück	und	hielt
5	zu	und	zog
5	ziehen	und	den
5	würde	und	so
5	wäre	und	daß
5	wächst	und	wächst
5	wurde	und	seine
5	worden	und	haben
5	worden	und	er
5	wollen	und	wenn
5	wissen	und	zu
5	wirkt	und	schafft
5	wird	und	wie
5	will	und	sich
5	will	und	nicht
5	wieder	und	man
5	wieder	und	die
5	werden	und	zur
5	werden	und	im
5	werden	und	ein
5	werden	und	auf
5	werden	und	alles
5	weiß	und	die
5	was	und	wie
5	wartete	und	wartete
5	warm	und	hell
5	waren	und	wo
5	waren	und	eine
5	waren	und	ein
5	waren	und	daß
5	waren	und	das
5	waren	und	auf
5	war	und	zwar
5	war	und	wir
5	war	und	war
5	war	und	mich
5	war	und	meine
5	war	und	für
5	war	und	aus
5	vorüber	und	ich
5	vorüber	und	der
5	vorn	und	hinten
5	voll	und	ganz
5	viel	und	so
5	verlassen	und	unter
5	verlassen	und	das
5	uns	und	dem
5	um	und	sagte
5	tun	und	zu
5	stärker	und	mächtiger
5	still	und	wie
5	still	und	sah
5	stellen	und	die
5	stehen	und	sich
5	stand	und	in
5	sprechen	und	zu
5	sind	und	welche
5	sind	und	was
5	sind	und	uns
5	sind	und	man
5	sind	und	bleiben
5	sind	und	also
5	sind	und	alle
5	sie	und	wandte
5	sie	und	nicht
5	sie	und	man
5	sie	und	küßte
5	sie	und	dann
5	sich	und	zog
5	sich	und	was
5	sich	und	trat
5	sich	und	so
5	sich	und	sie
5	sich	und	sich
5	sich	und	sein
5	sich	und	rief
5	sich	und	mich
5	sich	und	ihren
5	sich	und	ein
5	sich	und	andern
5	selbst	und	seiner
5	selbst	und	mit
5	selbst	und	des
5	selbst	und	dem
5	seins	und	des
5	sein	und	wo
5	sein	und	von
5	sei	und	so
5	sei	und	nun
5	sei	und	man
5	sei	und	in
5	sehen	und	er
5	sehen	und	der
5	schwarz	und	weiß
5	schlimmer	und	schlimmer
5	schlecht	und	recht
5	saß	und	den
5	saß	und	auf
5	sann	und	sann
5	ruhig	und	sicher
5	rot	und	blau
5	reich	und	glücklich
5	rechts	und	nach
5	positive	und	negative
5	offen	und	die
5	oben	und	unten
5	null	und	nichtig
5	nieder	und	küßte
5	nie	und	nimmer
5	nicht	und	weiß
5	nicht	und	nicht
5	nicht	und	ist
5	nicht	und	in
5	nicht	und	es
5	nicht	und	die
5	nach	und	sagte
5	morgens	und	abends
5	mir	und	zu
5	mir	und	meiner
5	mir	und	meinem
5	mir	und	es
5	mich	und	sie
5	mehr	und	minder
5	macht	und	sich
5	machen	und	so
5	machen	und	er
5	machen	und	dann
5	machen	und	dadurch
5	länger	und	länger
5	lächelte	und	sagte
5	ließ	und	mit
5	liegen	und	die
5	leise	und	mit
5	leicht	und	einfach
5	leben	und	in
5	lauter	und	lauter
5	lassen	und	ihn
5	lassen	und	daß
5	lassen	und	das
5	lassen	und	dann
5	lange	und	so
5	lang	und	schmal
5	lang	und	dünn
5	könnte	und	in
5	können	und	von
5	können	und	dann
5	konnte	und	der
5	kommt	und	die
5	kommen	und	sie
5	kommen	und	ihn
5	klipp	und	klar
5	klein	und	zart
5	klein	und	beleibt
5	kann	und	er
5	kann	und	darf
5	kann	und	dann
5	kamen	und	die
5	kam	und	sich
5	kam	und	sagte
5	kam	und	er
5	kam	und	der
5	jung	und	alt
5	ist	und	ein
5	ist	und	durch
5	ist	und	aus
5	ist	und	an
5	ist	und	alle
5	ihnen	und	als
5	ihn	und	sagte
5	ihn	und	das
5	ihm	und	sagte
5	ihm	und	ihr
5	ich	und	das
5	hören	und	die
5	hinüber	und	herüber
5	hinunter	und	die
5	hinaus	und	stellte
5	hinauf	und	hinunter
5	hinauf	und	dann
5	hin	und	nahm
5	hin	und	legte
5	hin	und	ging
5	hin	und	fragte
5	hin	und	es
5	hin	und	begann
5	hin	und	auf
5	herüber	und	hinüber
5	hervor	und	spielte
5	hervor	und	das
5	heraus	und	ließ
5	her	und	sie
5	her	und	der
5	hegen	und	pflegen
5	hatten	und	sich
5	hatten	und	der
5	hatte	und	wieder
5	hatte	und	seine
5	hatte	und	legte
5	hatte	und	deshalb
5	hatte	und	auf
5	hatte	und	als
5	hat	und	zwar
5	hat	und	in
5	hat	und	ich
5	haben	und	was
5	haben	und	auf
5	haben	und	auch
5	habe	und	ob
5	habe	und	nun
5	gut	und	was
5	gut	und	freundlich
5	groß	und	so
5	groß	und	klar
5	ging	und	sie
5	geworden	und	in
5	geworden	und	hatte
5	geworden	und	das
5	geworden	und	auf
5	gewesen	und	was
5	gewesen	und	da
5	gemacht	und	sich
5	gemacht	und	in
5	gemacht	und	der
5	gekommen	und	die
5	gehen	und	zu
5	gehen	und	in
5	gehen	und	den
5	gefunden	und	ich
5	geben	und	sie
5	geben	und	alle
5	fort	und	er
5	fester	und	fester
5	fassen	und	die
5	es	und	er
5	erleuchtet	und	die
5	erhalten	und	die
5	er	und	wollte
5	er	und	stieß
5	er	und	schaute
5	er	und	es
5	er	und	das
5	einen	und	die
5	ein	und	sie
5	ein	und	sagte
5	ein	und	legte
5	ein	und	in
5	ein	und	hatte
5	ein	und	gab
5	ein	und	derselben
5	ein	und	als
5	edel	und	gut
5	drei	und	vier
5	dort	und	hier
5	dieser	und	der
5	diesen	und	den
5	dich	und	mich
5	dich	und	deinen
5	derselben	und	die
5	denken	und	sich
5	dem	und	jenem
5	dem	und	dem
5	da	und	wenn
5	da	und	sah
5	da	und	das
5	bringen	und	die
5	bleiben	und	sich
5	bleiben	und	mich
5	bleiben	und	die
5	bestimmt	und	als
5	aus	und	zog
5	aus	und	sagte
5	aus	und	ist
5	auf	und	zwar
5	auf	und	wir
5	auf	und	stürzte
5	auf	und	stellt
5	auf	und	seine
5	auf	und	schrie
5	auf	und	schlich
5	auf	und	reichte
5	auf	und	läßt
5	auf	und	kam
5	auf	und	hatte
5	auf	und	flog
5	auf	und	das
5	auf	und	bat
5	auf	und	bald
5	anzusehen	und	die
5	angst	und	bange
5	angenommen	und	die
5	an	und	setzte
5	an	und	nicht
5	an	und	lachte
5	an	und	kam
5	an	und	in
5	an	und	hatte
5	an	und	eine
5	an	und	dieser
5	an	und	begann
5	an	und	begab
5	alten	und	jungen
5	alle	und	jede
5	aber	und	die
5	ab	und	zog
5	ab	und	so
5	ab	und	sagte
5	ab	und	in
5	Zeit	und	des
5	Zeit	und	der
5	Zeit	und	alle
5	Zarathustra	und	lachte
5	Zank	und	Streit
5	Wände	und	Decke
5	Wissen	und	Willen
5	Wirkung	und	Gegenwirkung
5	Wirklichkeit	und	die
5	Wirklichkeit	und	des
5	Wind	und	die
5	Wille	und	Vorstellung
5	Welt	und	was
5	Weh	und	Ach
5	Weg	und	die
5	Wasser	und	das
5	Wald	und	das
5	Wahrnehmung	und	der
5	Wahrheit	und	die
5	Viisi	und	Kuusi
5	Vater	und	meine
5	Vater	und	Bruder
5	Ubw	und	Vbw
5	Tür	und	sah
5	Traum	und	Schlaf
5	Tom	und	Huck
5	Tische	und	Stühle
5	Tisch	und	die
5	Tisch	und	Stühle
5	Tage	und	Stunden
5	Sünde	und	Schande
5	Stock	und	Stein
5	Stadt	und	von
5	Stadt	und	in
5	Sohn	und	die
5	Sindold	und	Hunold
5	Silber	und	Gold
5	Sie	und	die
5	Seite	und	die
5	Seel	und	Leib
5	Schulter	und	sagte
5	Schicksal	und	Strammheit
5	Schatten	und	die
5	Saus	und	Braus
5	Sache	und	die
5	Räuber	und	Mörder
5	Rechten	und	zur
5	Phlebs	und	Slippers
5	Pferd	und	ritt
5	Pfeil	und	Bogen
5	Personen	und	Dinge
5	Neigung	und	Abneigung
5	Natur	und	nicht
5	Nacht	und	es
5	Mägdelein	und	Frauen
5	Mädchen	und	die
5	Mädchen	und	Knaben
5	Mutter	und	Kind
5	Mehr	und	mehr
5	Meer	und	die
5	Markomannen	und	Quaden
5	Lust	und	Leid
5	Lust	und	Freude
5	Liebes	und	Gutes
5	Liebe	und	der
5	Liebe	und	Sehnsucht
5	Lesen	und	Schreiben
5	Leibes	und	der
5	Lehrer	und	Lehrerinnen
5	Lebens	und	des
5	Leben	und	Sterben
5	Krieg	und	Frieden
5	Kraft	und	die
5	Kraft	und	Gesundheit
5	Klara	und	Klothilde
5	Kinder	und	die
5	Kaiser	und	Reich
5	Kain	und	Abel
5	Innstetten	und	Effi
5	Individualität	und	des
5	Höhe	und	sagte
5	Hände	und	die
5	Himmel	und	der
5	Himmel	und	Meer
5	Himmel	und	Hölle
5	Herz	und	er
5	Hell	und	Dunkel
5	Haß	und	Verachtung
5	Hand	und	sie
5	Hand	und	mit
5	Hammed	und	die
5	Hagen	und	auch
5	Gutes	und	Schlimmes
5	Gute	und	Schöne
5	Gunther	und	Gernot
5	Gottes	und	der
5	Gott	und	seinen
5	Glanz	und	die
5	Gestalt	und	das
5	Gesicht	und	in
5	Geiselher	und	Gernot
5	Gedanken	und	die
5	Gattin	und	Mutter
5	Furcht	und	Hoffnung
5	Freund	und	Gönner
5	Freund	und	Bruder
5	Freude	und	Stolz
5	Freiheit	und	das
5	Freiheit	und	Unsterblichkeit
5	Frauen	und	die
5	Frau	und	der
5	Ferdl	und	Franz
5	Fenster	und	blickte
5	Felder	und	Wiesen
5	Feld	und	Wald
5	Familie	und	die
5	Ewigkeit	und	bis
5	Erwin	und	Elmire
5	Ertzum	und	Kieselack
5	Erscheinungen	und	die
5	Erkenntnis	und	der
5	Erde	und	ein
5	Erde	und	alles
5	Entstehen	und	Vergehen
5	Ende	und	ich
5	Ecken	und	Enden
5	Druck	und	Verlag
5	Do	und	Maria
5	Do	und	Jo
5	Dichten	und	Trachten
5	Denkens	und	der
5	Dasein	und	die
5	Dasein	und	das
5	Damen	und	Herren
5	Conning	und	Coutu
5	Brüder	und	Schwestern
5	Bruder	und	ich
5	Bruder	und	Schwester
5	Boden	und	ich
5	Bewußtseins	und	des
5	Bewußtseins	und	das
5	Begriffen	und	nicht
5	Auserwählten	und	die
5	Augen	und	mit
5	Augen	und	ich
5	Augen	und	eine
5	Augen	und	der
5	Augen	und	dem
5	Augen	und	das
5	Augen	und	Mund
5	Anschauung	und	zwar
5	Angst	und	Sorge
5	Allgemeinheit	und	Notwendigkeit
5	Allgemeinen	und	Einzelnen
5	Achtung	und	Liebe
5	A	und	O
4	überhaupt	und	deren
4	überhaupt	und	das
4	über	und	die
4	öffnete	und	schloß
4	öffnen	und	schließen
4	zusammen	und	wir
4	zusammen	und	der
4	zusammen	und	da
4	zurück	und	sprach
4	zurück	und	rief
4	zurück	und	legte
4	zurück	und	es
4	zurück	und	das
4	zurück	und	dann
4	zurück	und	begann
4	zurück	und	als
4	zufrieden	und	glücklich
4	zu	und	so
4	zu	und	schob
4	zu	und	ließ
4	zu	und	küßte
4	zu	und	ging
4	zu	und	fuhr
4	zu	und	fragte
4	zu	und	er
4	zog	und	die
4	würden	und	daß
4	würde	und	in
4	würde	und	dann
4	wäre	und	wie
4	wäre	und	so
4	wäre	und	nicht
4	wäre	und	mit
4	wäre	und	ihn
4	wurde	und	er
4	wurde	und	ein
4	wurde	und	den
4	wuchs	und	wuchs
4	worden	und	zwar
4	worden	und	sie
4	worden	und	daß
4	wollte	und	was
4	wollte	und	die
4	wollte	und	das
4	wollen	und	sich
4	wohl	und	sie
4	wohl	und	er
4	woher	und	wohin
4	wissen	und	was
4	wirkt	und	lebt
4	wirklich	und	wahrhaftig
4	wird	und	es
4	wird	und	ebenso
4	wird	und	dass
4	will	und	in
4	wieder	und	sagte
4	wieder	und	der
4	werden	und	was
4	werden	und	von
4	werden	und	ist
4	werden	und	ihre
4	werden	und	hier
4	werden	und	diese
4	werden	und	den
4	werden	und	dem
4	werden	und	dazu
4	werden	und	da
4	werden	und	also
4	werde	und	er
4	weiter	und	kamen
4	weiter	und	immer
4	weiter	und	ich
4	warum	und	wie
4	warm	und	gut
4	waren	und	wie
4	waren	und	nun
4	waren	und	ihn
4	waren	und	deren
4	ward	und	sich
4	war	und	um
4	war	und	seinen
4	war	und	sein
4	war	und	ohne
4	war	und	keine
4	war	und	jetzt
4	war	und	ihr
4	war	und	ihn
4	war	und	ihm
4	war	und	ging
4	war	und	deren
4	war	und	alles
4	war	und	alle
4	wahren	und	natürlichen
4	wahr	und	gut
4	voran	und	die
4	vor	und	hinter
4	vor	und	gab
4	verschwunden	und	er
4	vermehren	und	uns
4	verlassen	und	so
4	verlassen	und	in
4	verlassen	und	die
4	verladen	und	fuhren
4	vergessen	und	nur
4	untersuchen	und	zu
4	uns	und	diese
4	unendlich	und	gleichwohl
4	umarmte	und	küßte
4	um	und	in
4	tun	und	das
4	transzendentalen	und	Vorerinnerung
4	tot	und	fort
4	tot	und	begraben
4	tief	und	tiefer
4	tat	und	sagte
4	synthetisch	und	a
4	sucht	und	die
4	streng	und	ernst
4	stolz	und	glücklich
4	still	und	nachdenklich
4	still	und	leer
4	still	und	hielt
4	still	und	geräuschlos
4	stieg	und	stieg
4	stehen	und	liegen
4	stehen	und	ich
4	stehen	und	es
4	stehen	und	der
4	stehen	und	betrachtete
4	stehen	und	auf
4	stark	und	kräftig
4	stark	und	fest
4	standen	und	in
4	stand	und	sagte
4	stand	und	das
4	sollte	und	in
4	solle	und	daß
4	sitzen	und	sich
4	sinken	und	blickte
4	singen	und	die
4	sind	und	eine
4	sind	und	deren
4	sind	und	daher
4	sind	und	auch
4	sind	und	an
4	sie	und	wollte
4	sie	und	sagte
4	sie	und	mich
4	sie	und	machte
4	sie	und	lächelte
4	sie	und	legte
4	sie	und	diese
4	sie	und	da
4	sie	und	auf
4	sich	und	wie
4	sich	und	sprach
4	sich	und	seinem
4	sich	und	küßte
4	sich	und	ist
4	sich	und	im
4	sich	und	hielt
4	sich	und	hat
4	sich	und	für
4	sich	und	fuhr
4	sich	und	fragte
4	sich	und	blickte
4	sich	und	auch
4	sich	und	alle
4	setzen	und	die
4	selten	und	nur
4	selbst	und	ist
4	selbst	und	es
4	selbst	und	diese
4	selbst	und	dann
4	sein	und	was
4	sein	und	ihre
4	sein	und	für
4	sein	und	einen
4	sein	und	diese
4	sein	und	daß
4	sein	und	bleiben
4	sein	und	als
4	sei	und	wer
4	sei	und	versucht
4	sei	und	nichts
4	sei	und	mithin
4	sei	und	ich
4	sei	und	eine
4	sei	und	als
4	sehen	und	war
4	sehen	und	sich
4	sehen	und	nicht
4	sehen	und	ich
4	schön	und	verlockend
4	schnell	und	leicht
4	schlechthin	und	an
4	scharf	und	klar
4	sammeln	und	in
4	sah	und	hörte
4	s	und	ich
4	s	und	die
4	s	und	der
4	ruhig	und	mit
4	ruhig	und	heiter
4	reinen	und	spekulativen
4	rein	und	unvermischt
4	priori	und	ohne
4	oft	und	oft
4	oben	und	die
4	notwendig	und	nach
4	notwendig	und	in
4	noch	und	der
4	noch	und	das
4	noch	und	dann
4	nieder	und	sah
4	nicht	und	zwar
4	nicht	und	war
4	nicht	und	blieb
4	nicht	und	also
4	nennen	und	ohne
4	nennen	und	die
4	neigte	und	mit
4	nehmen	und	so
4	nehmen	und	ihn
4	nehmen	und	den
4	natürlichen	und	unvermeidlichen
4	natürliche	und	unvermeidliche
4	nahm	und	sie
4	nahm	und	mit
4	nackt	und	bloß
4	nach	und	suchte
4	nach	und	immer
4	nach	und	ich
4	nach	und	der
4	müssen	und	so
4	müssen	und	daß
4	müssen	und	an
4	möchte	und	es
4	männlichen	und	weiblichen
4	muß	und	zwar
4	muß	und	daß
4	mir	und	wir
4	mir	und	auch
4	mich	und	sprach
4	mich	und	so
4	menschliche	und	göttliche
4	mehr	und	immer
4	mehr	und	ich
4	mehr	und	das
4	machte	und	das
4	macht	und	das
4	machen	und	zwar
4	machen	und	wenn
4	machen	und	nicht
4	machen	und	mit
4	machen	und	ich
4	machen	und	an
4	lügen	und	zu
4	läßt	und	es
4	läßt	und	die
4	links	und	dann
4	ließ	und	in
4	ließ	und	die
4	ließ	und	den
4	liegt	und	ein
4	liegt	und	die
4	lieben	und	zu
4	lieb	und	teuer
4	leise	und	vorsichtig
4	leise	und	langsam
4	leicht	und	gern
4	lehnte	und	mit
4	leer	und	verlassen
4	leer	und	still
4	leben	und	wenn
4	lassen	und	wenn
4	lassen	und	in
4	lassen	und	ihm
4	lassen	und	ich
4	lassen	und	alle
4	lagen	und	die
4	lag	und	sich
4	lag	und	der
4	lachte	und	sagte
4	kühn	und	hehr
4	kühn	und	auch
4	können	und	zwar
4	können	und	wenn
4	können	und	so
4	könne	und	so
4	konnte	und	sie
4	konnte	und	es
4	konnte	und	daß
4	kommen	und	zu
4	kommen	und	uns
4	knicken	und	ersticken
4	klug	und	weise
4	kleiner	und	kleiner
4	kann	und	will
4	kann	und	nicht
4	kann	und	man
4	kann	und	in
4	kann	und	ich
4	kann	und	doch
4	kann	und	also
4	kamen	und	sich
4	kam	und	mit
4	kam	und	eine
4	kam	und	den
4	jung	und	schön
4	ist	und	worauf
4	ist	und	wer
4	ist	und	welche
4	ist	und	ohne
4	ist	und	kein
4	ist	und	gerade
4	ist	und	einen
4	ist	und	eine
4	ist	und	dieses
4	ist	und	deshalb
4	ist	und	dass
4	ist	und	alles
4	in	und	außer
4	immer	und	in
4	ihr	und	in
4	ihr	und	dem
4	ihnen	und	der
4	ihnen	und	dem
4	ihn	und	wenn
4	ihn	und	ich
4	ihn	und	ging
4	ihm	und	vor
4	ihm	und	von
4	ihm	und	uns
4	ihm	und	mit
4	ihm	und	in
4	ihm	und	es
4	ihm	und	die
4	ich	und	war
4	ich	und	so
4	ich	und	sah
4	ich	und	meine
4	ich	und	du
4	hören	und	sehen
4	höheren	und	allgemeineren
4	hätten	und	daß
4	hätte	und	sie
4	hoch	und	teuer
4	hoch	und	schön
4	hoch	und	schlank
4	hoch	und	höher
4	hoch	und	hehr
4	hinüber	und	sah
4	hinunter	und	sah
4	hinunter	und	lief
4	hinunter	und	in
4	hinein	und	ich
4	hinein	und	fand
4	hinein	und	der
4	hinein	und	da
4	hinein	und	auf
4	hinaus	und	auf
4	hinauf	und	in
4	hinauf	und	da
4	hin	und	weinte
4	hin	und	schrieb
4	hin	und	schlug
4	hin	und	ließ
4	hin	und	ich
4	hin	und	er
4	hin	und	das
4	hin	und	dann
4	hin	und	da
4	hier	und	dorthin
4	hier	und	dann
4	hervor	und	wollte
4	hervor	und	sah
4	hervor	und	in
4	herunter	und	er
4	herum	und	wenn
4	herum	und	sagte
4	heraus	und	sie
4	heran	und	sah
4	heran	und	legte
4	heran	und	bat
4	her	und	ein
4	heiter	und	guter
4	hatten	und	von
4	hatten	und	es
4	hatten	und	deren
4	hatten	und	dann
4	hatten	und	auf
4	hatte	und	über
4	hatte	und	nur
4	hatte	und	nahm
4	hatte	und	im
4	hatte	und	ihr
4	hatte	und	ihm
4	hatte	und	einen
4	hatte	und	eben
4	hatte	und	doch
4	hatte	und	deren
4	hatte	und	an
4	hat	und	was
4	hat	und	so
4	hat	und	sie
4	hat	und	nur
4	hat	und	mit
4	hat	und	diese
4	hat	und	deren
4	hat	und	da
4	hat	und	aus
4	hart	und	grausam
4	halten	und	sie
4	halten	und	mich
4	halten	und	die
4	haben	und	von
4	haben	und	uns
4	haben	und	ihre
4	haben	und	er
4	haben	und	ein
4	haben	und	dieser
4	haben	und	dann
4	haben	und	da
4	haben	und	als
4	haben	und	alle
4	habe	und	was
4	habe	und	mich
4	guten	und	bösen
4	gut	und	wahr
4	gut	und	so
4	gut	und	schön
4	gut	und	schlecht
4	gut	und	gern
4	gut	und	besser
4	größer	und	kleiner
4	großen	und	ganzen
4	groß	und	voll
4	groß	und	schön
4	groß	und	kleine
4	groß	und	die
4	ging	und	sich
4	gibt	und	daß
4	geöffnet	und	die
4	geworden	und	hat
4	geworden	und	als
4	gewiß	und	wahrhaftig
4	gewiß	und	nicht
4	gewesen	und	wie
4	gewesen	und	so
4	gewesen	und	ich
4	gewesen	und	hätte
4	gewesen	und	hatten
4	gewesen	und	haben
4	gesund	und	kräftig
4	gestern	und	vorgestern
4	gesprochen	und	von
4	gesessen	und	die
4	gesehen	und	mit
4	gesehen	und	ich
4	gesehen	und	die
4	gesehen	und	das
4	genug	und	das
4	genommen	und	in
4	genommen	und	die
4	gemacht	und	von
4	gemacht	und	mit
4	gemacht	und	ich
4	gelten	und	von
4	geliebt	und	geehrt
4	gekommen	und	in
4	gekommen	und	hat
4	gekommen	und	es
4	gekommen	und	der
4	geistig	und	sittlich
4	gehört	und	gesehen
4	geht	und	die
4	gehn	und	stehen
4	gehen	und	es
4	gehegt	und	gepflegt
4	gehabt	und	ich
4	gehabt	und	die
4	gegessen	und	getrunken
4	gegeben	und	sie
4	gegeben	und	nun
4	gegeben	und	ich
4	gegeben	und	die
4	gegeben	und	das
4	gegangen	und	habe
4	gefallen	und	die
4	gedacht	und	so
4	geboren	und	erzogen
4	geben	und	sich
4	geben	und	mit
4	geben	und	die
4	geben	und	daher
4	geben	und	auf
4	ganz	und	eine
4	gangen	und	wie
4	fünf	und	sechs
4	früh	und	spat
4	fröhlich	und	guter
4	froh	und	glücklich
4	frisch	und	munter
4	frisch	und	froh
4	fort	und	trat
4	fort	und	ließ
4	fort	und	legte
4	fort	und	der
4	fort	und	das
4	formale	und	logische
4	fix	und	fertig
4	finden	und	so
4	finden	und	sich
4	fest	und	ließ
4	fest	und	die
4	fern	und	nah
4	essen	und	sich
4	es	und	wir
4	es	und	sein
4	es	und	ich
4	erster	und	zweiter
4	ernst	und	still
4	ernst	und	ruhig
4	ernst	und	feierlich
4	erläutern	und	rechtfertigen
4	erhalten	und	sie
4	er	und	wurde
4	er	und	warf
4	er	und	trat
4	er	und	nahm
4	er	und	faßte
4	er	und	ein
4	er	und	alle
4	entstehen	und	vergehen
4	entlang	und	über
4	empor	und	schlug
4	empor	und	rief
4	empor	und	in
4	einer	und	der
4	einen	und	denselben
4	ein	und	sah
4	ein	und	mit
4	ein	und	dann
4	ein	und	brachte
4	ein	und	begann
4	du	und	was
4	du	und	deine
4	du	und	dann
4	drunter	und	drüber
4	dir	und	deinem
4	diesen	und	jenen
4	diese	und	ähnliche
4	dies	und	noch
4	dienen	und	die
4	die	und	jene
4	deutlicher	und	deutlicher
4	derselben	und	der
4	darüber	und	sagte
4	dahin	und	der
4	dabei	und	ich
4	da	und	wartete
4	da	und	man
4	da	und	ich
4	da	und	hatte
4	da	und	blickte
4	bringen	und	in
4	breit	und	voll
4	braun	und	blau
4	brachte	und	die
4	blieb	und	sich
4	bleich	und	mit
4	bleiben	und	den
4	bleiben	und	dann
4	bist	und	die
4	bist	und	bleibst
4	betrachtet	und	die
4	bestimmt	und	notwendig
4	bestimmen	und	daß
4	besteht	und	die
4	beiseite	und	sagte
4	beiseite	und	ging
4	aß	und	trank
4	ausübt	und	die
4	aus	und	wenn
4	aus	und	so
4	aus	und	seine
4	aus	und	schlug
4	aus	und	man
4	aus	und	machte
4	auf	und	zeigte
4	auf	und	während
4	auf	und	wieder
4	auf	und	wandte
4	auf	und	von
4	auf	und	unter
4	auf	und	trug
4	auf	und	tritt
4	auf	und	so
4	auf	und	setzt
4	auf	und	sein
4	auf	und	schlug
4	auf	und	schaute
4	auf	und	machte
4	auf	und	machen
4	auf	und	ihre
4	auf	und	geht
4	auf	und	folgte
4	auf	und	durch
4	auf	und	bemerkte
4	auf	und	aus
4	auch	und	das
4	anzunehmen	und	sich
4	andere	und	die
4	analytischer	und	synthetischer
4	an	und	zwar
4	an	und	zog
4	an	und	wollte
4	an	und	warf
4	an	und	versuchte
4	an	und	schaute
4	an	und	rief
4	an	und	nickte
4	an	und	lächelte
4	an	und	kann
4	an	und	ihre
4	an	und	hat
4	an	und	fuhr
4	an	und	ein
4	an	und	bat
4	alte	und	junge
4	alt	und	jung
4	alles	und	jedes
4	aller	und	jeder
4	allein	und	ohne
4	allein	und	mit
4	abstrahieren	und	es
4	aber	und	das
4	aber	und	abermals
4	ab	und	zwar
4	ab	und	stieg
4	ab	und	steckte
4	ab	und	stand
4	ab	und	sie
4	ab	und	sah
4	ab	und	nehmen
4	ab	und	legte
4	ab	und	hob
4	ab	und	gab
4	ab	und	führten
4	ab	und	fand
4	ab	und	es
4	ab	und	das
4	ab	und	begann
4	Zweige	und	Stengel
4	Zufälligkeit	und	Abhängigkeit
4	Zucht	und	Sitte
4	Zimmer	und	ging
4	Zeit	und	in
4	Zeit	und	das
4	Zeit	und	Umständen
4	Zeit	und	Umstände
4	Zeit	und	Ruhe
4	Zeit	und	Geld
4	Wünsche	und	Hoffnungen
4	Wärmland	und	Dalsland
4	Wälder	und	Berge
4	Wurst	und	Kohl
4	Wort	und	ich
4	Wort	und	Werk
4	Wort	und	Tat
4	Woldemar	und	ich
4	Woldemar	und	die
4	Wohl	und	Weh
4	Wissenschaft	und	Kunst
4	Wissen	und	das
4	Wirklichkeit	und	das
4	Wirklichkeit	und	Dasein
4	Wind	und	der
4	Willen	und	Wissen
4	Wesen	und	das
4	Welt	und	wenn
4	Welt	und	von
4	Welt	und	mithin
4	Welt	und	ihre
4	Welt	und	ich
4	Weinen	und	Klagen
4	Wehr	und	Waffen
4	Wanderer	und	Schatten
4	Wahren	und	Guten
4	Wagen	und	die
4	Verwandte	und	Freunde
4	Verstande	und	der
4	Verstand	und	das
4	Verstand	und	Freiheit
4	Vernunft	und	die
4	Vernunft	und	der
4	Vernunft	und	Wissenschaft
4	Vernunft	und	Geist
4	Vaters	und	der
4	Vater	und	von
4	Vater	und	seine
4	Vater	und	Rudolf
4	Urteilen	und	Schlüssen
4	Unruhe	und	das
4	Unrat	und	die
4	Uniform	und	mit
4	Tür	und	trat
4	Tür	und	der
4	Tuns	und	des
4	Tugend	und	der
4	Tugend	und	Laster
4	Träumen	und	nicht
4	Trompeten	und	Pauken
4	Triebe	und	Neigungen
4	Trank	und	Speise
4	Tom	und	Becky
4	Tisch	und	schrieb
4	Tiere	und	Pflanzen
4	Thomas	und	Gerda
4	Teller	und	Töpfe
4	Teilen	und	es
4	Tasche	und	hielt
4	Tage	und	die
4	Tage	und	Jahre
4	Söhne	und	Töchter
4	Subjekts	und	Prädikats
4	Subjekt	und	Prädikat
4	Stunden	und	Tage
4	Straßen	und	Plätze
4	Stirn	und	der
4	Stirn	und	Wangen
4	Stirn	und	Schläfen
4	Stadt	und	das
4	Spiel	und	Tanz
4	Spezifikation	und	der
4	Sonne	und	die
4	Sonne	und	des
4	Sonne	und	der
4	Sommer	und	Herbst
4	Soldaten	und	die
4	Sinnlichkeit	und	die
4	Sinne	und	die
4	Sinn	und	Bedeutung
4	Selbsts	und	der
4	Selbst	und	der
4	Selbst	und	das
4	Seite	und	sagte
4	Sein	und	Nichtsein
4	Seele	und	die
4	Seele	und	das
4	Scrooge	und	Marley
4	Schutz	und	Schirm
4	Schmutz	und	ein
4	Schmerz	und	Lust
4	Schloß	und	den
4	Schein	und	die
4	Ruhe	und	Ordnung
4	Roswitha	und	Annie
4	Ritter	und	die
4	Religion	und	der
4	Reinheit	und	Feinheit
4	Red	und	Antwort
4	Rechte	und	Pflichten
4	Recht	und	Unrecht
4	Recht	und	Pflicht
4	Recht	und	Billigkeit
4	Rat	und	Tat
4	Rang	und	Stand
4	Rand	und	Band
4	Psychiatrie	und	Neurologie
4	Pointe	und	Wirkung
4	Platz	und	die
4	Pflicht	und	Ehre
4	Pferde	und	ein
4	Pferd	und	zu
4	Ort	und	Zeit
4	Ordnung	und	Sauberkeit
4	Ohr	und	Auge
4	Offiziere	und	Unteroffiziere
4	Offiziere	und	Mannschaften
4	Näher	und	näher
4	Nun	und	wenn
4	Nun	und	was
4	Nebel	und	der
4	Natur	und	ihre
4	Natur	und	ein
4	Namen	und	die
4	Nadel	und	mit
4	Na	und	was
4	Na	und	da
4	Na	und	Sie
4	Männer	und	die
4	Mädchen	und	ein
4	Mutter	und	ich
4	Mutter	und	dem
4	Mutter	und	auch
4	Mutter	und	Schwestern
4	Mutes	und	der
4	Mut	und	die
4	Mut	und	Kraft
4	Mund	und	sprach
4	Mund	und	Wangen
4	Moral	und	Religion
4	Minz	und	Maunz
4	Milch	und	Wasser
4	Michael	und	Gabriel
4	Menschen	und	dem
4	Menschen	und	Vieh
4	Mensch	und	die
4	Meinen	und	Wahrnehmen
4	Mauern	und	Türme
4	Maria	und	Josef
4	Mannes	und	des
4	Mannes	und	der
4	Mann	und	ein
4	Mann	und	die
4	Mann	und	das
4	Löwen	und	Tiger
4	Lippen	und	der
4	Liebe	und	Hoffnung
4	Lieb	und	Treue
4	Lieb	und	Freundschaft
4	Licht	und	Luft
4	Leute	und	das
4	Leib	und	die
4	Lebens	und	die
4	Leben	und	alles
4	Land	und	Volk
4	Künstler	und	Kenner
4	König	und	Königin
4	Kunst	und	Wissenschaft
4	Krieg	und	der
4	Kreuz	und	Quer
4	Kraft	und	der
4	Kraft	und	Kühnheit
4	Kraft	und	Jugend
4	Kopfe	und	die
4	Kopf	und	das
4	Kopf	und	Herzen
4	Kopf	und	Herz
4	Konsul	und	wenn
4	Kolme	und	Neljä
4	Kisten	und	Kasten
4	Kirche	und	der
4	Kind	und	ich
4	Kind	und	die
4	Kieselack	und	Lohmann
4	Kenntnis	und	Überzeugung
4	Kay	und	Gerda
4	Karr	und	Graufell
4	Jammer	und	Noth
4	Jahre	und	die
4	Inneres	und	Äußeres
4	Idee	und	nicht
4	Ich	und	der
4	Höhen	und	Tiefen
4	Höhe	und	sprach
4	Hände	und	sagte
4	Hände	und	küßte
4	Hunger	und	Durst
4	Horatio	und	Marcellus
4	Hof	und	die
4	Hitz	und	Frost
4	Hin	und	Herreden
4	Hin	und	Herlaufen
4	Herzens	und	der
4	Herz	und	Kopf
4	Herrn	und	Frau
4	Herrlichkeit	und	der
4	Herr	und	Meister
4	Herr	und	König
4	Helm	und	Schildesrand
4	Heller	und	Pfennig
4	Heiligen	und	der
4	Heil	und	Se
4	Hause	und	der
4	Haus	und	die
4	Haus	und	der
4	Haus	und	Garten
4	Hasses	und	der
4	Hase	und	der
4	Hanno	und	Kai
4	Hand	und	stieg
4	Hand	und	legte
4	Hand	und	drückte
4	Hals	und	küßte
4	Güte	und	Liebe
4	Gänserich	und	Daunenfein
4	Guten	und	Schlechten
4	Gute	und	das
4	Gründe	und	Folgen
4	Größe	und	Verhältnis
4	Grunde	und	da
4	Großvater	und	die
4	Großbritannien	und	Irland
4	Griechen	und	Römer
4	Grausen	und	Entsetzen
4	Graf	und	die
4	Gold	und	Perlen
4	Giebel	und	die
4	Gewißheit	und	Wahrheit
4	Gestalt	und	Bewegung
4	Gesicht	und	er
4	Gesicht	und	den
4	Gesetzes	und	der
4	Gesetz	und	die
4	Gerechtigkeit	und	Rechtschaffenheit
4	Gerechten	und	der
4	Geld	und	die
4	Geld	und	Gut
4	Gelb	und	Blau
4	Geistes	und	der
4	Geist	und	seine
4	Geist	und	Kunst
4	Geheimnis	und	die
4	Gang	und	die
4	Füße	und	Hände
4	Fürsten	und	der
4	Furcht	und	Zittern
4	Fuchs	und	den
4	Frühling	und	Sommer
4	Freundschaft	und	Liebe
4	Freude	und	die
4	Freude	und	Entzücken
4	Freud	und	Leid
4	Frauen	und	Mütter
4	Frauen	und	Männer
4	Franz	und	ich
4	Frack	und	weißer
4	Form	und	Farbe
4	Flüsse	und	Seen
4	Flügelschön	und	Goldauge
4	Fibern	und	Nerven
4	Fenster	und	rief
4	Fenster	und	in
4	Fenster	und	als
4	Ernst	und	Strenge
4	Ernst	und	Scherz
4	Erkenntnis	und	ihrer
4	Erfahrung	und	eine
4	Erfahrung	und	der
4	Er	und	die
4	Entdeckung	und	Erklärung
4	Eltern	und	Geschwistern
4	Eltern	und	Geschwister
4	Einsicht	und	Wissen
4	Einsicht	und	Absicht
4	Einerleiheit	und	Verschiedenheit
4	Ehre	und	das
4	Du	und	ich
4	Donner	und	Blitz
4	Ding	und	die
4	Dienst	und	die
4	Diederich	und	Hornung
4	Diebe	und	Räuber
4	Denken	und	Fühlen
4	Dach	und	Fach
4	Crampas	und	Effi
4	Charlotte	und	der
4	Bäume	und	die
4	Bäume	und	des
4	Bäche	und	Flüsse
4	Butter	und	g
4	Bruder	und	er
4	Brot	und	Kuchen
4	Brot	und	Fleisch
4	Blut	und	Leben
4	Blut	und	Eisen
4	Blumen	und	die
4	Blumen	und	Blüten
4	Bewußtsein	und	die
4	Bett	und	schlief
4	Bertha	und	Hertha
4	Berge	und	Wälder
4	Berg	und	Thal
4	Begierde	und	die
4	Bedingungen	und	dem
4	Bedingung	und	Notwendigkeit
4	Baronin	und	Melusine
4	Augen	und	wenn
4	Augen	und	seine
4	Augen	und	sein
4	Augen	und	in
4	Augen	und	fühlte
4	Augen	und	einen
4	Augen	und	ein
4	Auge	und	den
4	Aufgang	und	Niedergang
4	Auf	und	Niedersteigen
4	Art	und	Abkunft
4	Armuth	und	Schmutz
4	Arme	und	Hände
4	Anna	und	Ferdl
4	Angst	und	Not
4	Angst	und	Grauen
4	Anfang	und	also
4	Akka	und	der
4	Adler	und	meine
4	Adler	und	Geier
4	Abend	und	die
4	A	und	B
3	öffnete	und	er
3	öffnen	und	der
3	äußern	und	innern
3	älteren	und	neueren
3	Überzeugung	und	das
3	Äußern	und	Innern
3	Ärmeln	und	einer
3	zweites	und	drittes
3	zusammen	und	wenn
3	zusammen	und	wandte
3	zusammen	und	seine
3	zusammen	und	nahm
3	zusammen	und	ließ
3	zusammen	und	legte
3	zusammen	und	ihre
3	zusammen	und	ich
3	zusammen	und	ging
3	zusammen	und	gab
3	zusammen	und	er
3	zusammen	und	eine
3	zurückzukehren	und	die
3	zurück	und	zum
3	zurück	und	zeigte
3	zurück	und	will
3	zurück	und	warf
3	zurück	und	von
3	zurück	und	suchte
3	zurück	und	streckte
3	zurück	und	setzte
3	zurück	und	nahm
3	zurück	und	nach
3	zurück	und	mit
3	zurück	und	meinte
3	zurück	und	man
3	zurück	und	kann
3	zurück	und	hat
3	zurück	und	gingen
3	zurück	und	gibt
3	zurück	und	gab
3	zurück	und	du
3	zurück	und	brachte
3	zurück	und	blieb
3	zu	und	wußte
3	zu	und	wandte
3	zu	und	sprach
3	zu	und	schloß
3	zu	und	schien
3	zu	und	nahmen
3	zu	und	legte
3	zu	und	in
3	zu	und	gab
3	zu	und	das
3	zu	und	dachte
3	zu	und	da
3	zu	und	auch
3	zog	und	mit
3	zitterten	und	sie
3	zieht	und	so
3	zerstört	und	die
3	zart	und	fein
3	würden	und	wir
3	würde	und	sie
3	würde	und	sehnte
3	würde	und	er
3	würde	und	doch
3	würde	und	das
3	wären	und	sie
3	wäre	und	es
3	wäre	und	er
3	wurde	und	wie
3	wurde	und	was
3	wurde	und	war
3	wurde	und	man
3	wurde	und	ich
3	wurde	und	eine
3	worden	und	von
3	worden	und	das
3	worden	und	also
3	wollten	und	sich
3	wollte	und	sie
3	wollte	und	sein
3	wollte	und	er
3	wollte	und	den
3	wollte	und	dann
3	wollte	und	auch
3	wollen	und	zwar
3	wollen	und	zu
3	wollen	und	sie
3	wollen	und	er
3	wollen	und	doch
3	wollen	und	die
3	wollen	und	das
3	wo	und	wann
3	wird	und	welches
3	wird	und	was
3	wird	und	so
3	wird	und	sich
3	wird	und	nur
3	wird	und	nicht
3	wird	und	ich
3	wird	und	endlich
3	wird	und	ein
3	wird	und	durch
3	wird	und	alle
3	will	und	muß
3	will	und	es
3	wieder	und	in
3	wieder	und	das
3	wie	und	woher
3	wie	und	warum
3	wie	und	mit
3	widrig	und	abscheulich
3	widerstehen	und	die
3	werden	und	wie
3	werden	und	uns
3	werden	und	sein
3	werden	und	ob
3	werden	und	nach
3	werden	und	mir
3	werden	und	meine
3	werden	und	ihr
3	werden	und	gebe
3	werden	und	für
3	werden	und	endlich
3	werden	und	eine
3	werden	und	du
3	werden	und	daher
3	werden	und	alle
3	werde	und	so
3	werde	und	die
3	wenig	und	sie
3	wenig	und	sagte
3	weißen	und	roten
3	weiß	und	rot
3	weiß	und	rein
3	weiß	und	das
3	weit	und	es
3	weit	und	bauschig
3	weinen	und	zu
3	weh	und	gleich
3	weg	und	sagte
3	weg	und	ich
3	weg	und	die
3	weg	und	den
3	weg	und	auf
3	warm	und	schön
3	waren	und	welche
3	waren	und	sagte
3	waren	und	ich
3	waren	und	er
3	waren	und	bis
3	waren	und	an
3	waren	und	alle
3	ward	und	hier
3	war	und	wartete
3	war	und	vor
3	war	und	sogar
3	war	und	sah
3	war	und	machte
3	war	und	ihre
3	war	und	hatte
3	war	und	ganz
3	war	und	fühlte
3	war	und	dem
3	war	und	bei
3	war	und	am
3	wann	und	wo
3	wann	und	wie
3	wahr	und	richtig
3	wahr	und	falsch
3	vorüber	und	wir
3	vorüber	und	er
3	vornehmen	und	reichen
3	vorne	und	hinten
3	vorhergeht	und	worauf
3	vorhergeht	und	in
3	vorher	und	macht
3	vorher	und	die
3	vorfinden	und	die
3	vorbeigegangen	und	hatte
3	vorbei	und	das
3	vorbei	und	da
3	voraussetzt	und	die
3	voraus	und	die
3	vor	und	nach
3	vor	und	es
3	vor	und	enthält
3	vor	und	da
3	vor	und	begann
3	vier	und	zwanzig
3	vielleicht	und	um
3	viele	und	so
3	viel	und	ich
3	viel	und	gut
3	verwirren	und	zu
3	versuchte	und	ich
3	verschaffen	und	die
3	verraten	und	die
3	vermuten	und	es
3	verloren	und	die
3	verlieren	und	zu
3	verlieren	und	in
3	verlieren	und	euch
3	verlassen	und	nach
3	verlassen	und	durch
3	vergessen	und	die
3	vereinigen	und	die
3	unüberwindlich	und	es
3	unterscheiden	und	sie
3	untereinander	und	mit
3	uns	und	wenn
3	uns	und	unsere
3	uns	und	für
3	uns	und	der
3	uns	und	an
3	unruhiger	und	unzufriedener
3	unendlichen	und	doch
3	unbefangen	und	heiter
3	umher	und	suchte
3	umher	und	in
3	umher	und	fragte
3	umher	und	es
3	umher	und	die
3	umfaßte	und	vergessene
3	um	und	trat
3	um	und	sie
3	um	und	schritt
3	um	und	lief
3	um	und	erblickte
3	um	und	die
3	um	und	da
3	um	und	bat
3	um	und	als
3	tun	und	sie
3	tun	und	lassen
3	tun	und	ich
3	tun	und	die
3	trinken	und	zu
3	treiben	und	was
3	treiben	und	die
3	trat	und	die
3	tot	und	der
3	tief	und	weit
3	tief	und	schwer
3	thun	und	zu
3	tausend	und	tausend
3	taub	und	blind
3	synthetisch	und	doch
3	suchte	und	suchte
3	suchte	und	die
3	suchte	und	den
3	suchen	und	nach
3	suchen	und	finden
3	suchen	und	dann
3	stören	und	fuhr
3	stumm	und	mit
3	streiten	und	ein
3	stolz	und	eingebildet
3	still	und	stumm
3	still	und	starrte
3	still	und	schön
3	still	und	sagte
3	still	und	ruhig
3	still	und	einsam
3	still	und	die
3	stellen	und	zu
3	stellen	und	das
3	stellen	und	dann
3	steinern	und	blitzend
3	steht	und	der
3	steht	und	daß
3	stehn	und	gehn
3	stehen	und	warten
3	stehen	und	schauten
3	stehen	und	sahen
3	stehen	und	fahrt
3	stehen	und	das
3	stehen	und	blickte
3	stark	und	so
3	stark	und	gesund
3	standen	und	die
3	standen	und	auf
3	stand	und	von
3	stand	und	sich
3	stand	und	seine
3	stand	und	fing
3	spuckt	und	speit
3	sprechen	und	wenn
3	sprechen	und	sagte
3	sprechen	und	ich
3	spitz	und	hoch
3	sonn	und	festtägigen
3	sollte	und	so
3	sollte	und	sie
3	sollte	und	nicht
3	sollte	und	doch
3	sollte	und	dann
3	soll	und	sie
3	soll	und	nicht
3	sitzen	und	die
3	sittlich	und	unsittlich
3	sinken	und	sah
3	sind	und	vor
3	sind	und	ob
3	sind	und	mit
3	sind	und	kein
3	sind	und	ist
3	sind	und	ihre
3	sind	und	ich
3	sind	und	es
3	sind	und	er
3	sind	und	dass
3	sind	und	dann
3	sie	und	wurde
3	sie	und	werden
3	sie	und	stellte
3	sie	und	rief
3	sie	und	nickte
3	sie	und	in
3	sie	und	ihren
3	sie	und	hielt
3	sie	und	ging
3	sie	und	begann
3	sie	und	atmete
3	sicher	und	fest
3	sich	und	während
3	sich	und	warf
3	sich	und	uns
3	sich	und	um
3	sich	und	tat
3	sich	und	schrieb
3	sich	und	man
3	sich	und	machte
3	sich	und	lächelte
3	sich	und	legte
3	sich	und	kam
3	sich	und	jetzt
3	sich	und	ihrem
3	sich	und	ihr
3	sich	und	ihm
3	sich	und	fiel
3	sich	und	einen
3	sich	und	einem
3	sich	und	diese
3	sich	und	dann
3	sich	und	bemerkte
3	sich	und	andere
3	sich	und	an
3	setzen	und	von
3	setzen	und	sich
3	setzen	und	mit
3	setzen	und	in
3	setzen	und	der
3	setzen	und	dadurch
3	selbst	und	weiß
3	selbst	und	was
3	selbst	und	war
3	selbst	und	vor
3	selbst	und	seinen
3	selbst	und	seinem
3	selbst	und	seine
3	selbst	und	sein
3	selbst	und	sagte
3	selbst	und	jeder
3	selbst	und	ihren
3	selbst	und	ihrem
3	selbst	und	ihre
3	selbst	und	ich
3	selbst	und	ging
3	selbst	und	den
3	selbst	und	alle
3	seiner	und	des
3	seiner	und	der
3	sein	und	zwar
3	sein	und	ohne
3	sein	und	noch
3	sein	und	nie
3	sein	und	mir
3	sein	und	meine
3	sein	und	man
3	sein	und	keinen
3	sein	und	kein
3	sein	und	kann
3	sein	und	infolge
3	sein	und	ihm
3	sein	und	eine
3	sein	und	ebenso
3	sein	und	du
3	sein	und	dieses
3	sein	und	dies
3	sein	und	dich
3	sein	und	dem
3	sein	und	damit
3	sein	und	da
3	sein	und	auf
3	sein	und	an
3	sein	und	alles
3	seid	und	die
3	sei	und	zu
3	sei	und	warum
3	sei	und	nur
3	sei	und	nach
3	sei	und	ihn
3	sei	und	ging
3	sei	und	endlich
3	sei	und	diese
3	sei	und	der
3	sei	und	daher
3	sei	und	an
3	sehen	und	wenn
3	sehen	und	unsere
3	sehen	und	sprechen
3	sehen	und	sie
3	sehen	und	mich
3	sehen	und	mein
3	sehen	und	ihre
3	sehen	und	auch
3	sehe	und	die
3	schön	und	liebenswürdig
3	schön	und	groß
3	schön	und	fein
3	schwieg	und	wartete
3	schwieg	und	schwieg
3	schwieg	und	schien
3	schwieg	und	ließ
3	schwieg	und	ich
3	schwieg	und	der
3	schweren	und	gefährlichen
3	schmatzte	und	jedesmal
3	schlaft	und	besoffen
3	schien	und	ein
3	schien	und	die
3	schicken	und	wenn
3	scheint	und	so
3	scharf	und	deutlich
3	saß	und	von
3	saß	und	sich
3	saß	und	sah
3	saß	und	mit
3	saß	und	das
3	sang	und	der
3	sanft	und	süß
3	sah	und	mit
3	sagt	und	ich
3	sagen	und	nicht
3	sagen	und	die
3	sagen	und	den
3	s	und	seiner
3	s	und	manchmal
3	ruhigen	und	prüfenden
3	ruhig	und	sachlich
3	ruhig	und	klar
3	rein	und	völlig
3	reich	und	schön
3	rege	und	findig
3	reden	und	seine
3	recht	und	ganz
3	recht	und	er
3	ratlos	und	rastlos
3	psychoanalyt	und	psychopathol
3	preisen	und	rühmen
3	plötzlich	und	überrascht
3	p	und	viele
3	ovalen	und	feingeformten
3	ordnen	und	zu
3	offen	und	frei
3	offen	und	der
3	offen	und	auf
3	nur	und	ich
3	noch	und	so
3	nimmer	und	nimmermehr
3	nieder	und	suchte
3	nieder	und	kroch
3	nieder	und	konnte
3	nieder	und	der
3	nieder	und	begann
3	nie	und	nirgends
3	nie	und	nimmermehr
3	nie	und	niemals
3	nichts	und	was
3	nichts	und	war
3	nichts	und	ich
3	nicht	und	wir
3	nicht	und	nun
3	nicht	und	mehr
3	nicht	und	kann
3	nicht	und	ihre
3	nicht	und	haben
3	nicht	und	ging
3	nicht	und	du
3	nicht	und	deshalb
3	nicht	und	dann
3	nicht	und	brauche
3	neuen	und	erneuten
3	nennen	und	es
3	nennen	und	das
3	nehmen	und	zu
3	nehmen	und	sich
3	nehmen	und	in
3	nehmen	und	ihr
3	nehmen	und	auf
3	nationale	und	kaisertreue
3	nahm	und	sich
3	nahm	und	es
3	nahm	und	die
3	nahm	und	dann
3	nach	und	sie
3	nach	und	meinte
3	nach	und	im
3	nach	und	fand
3	müssen	und	zwar
3	müssen	und	wenn
3	müssen	und	das
3	müsse	und	wie
3	müsse	und	sie
3	müde	und	hungrig
3	mächtig	und	breit
3	mußten	und	die
3	mußte	und	in
3	mußte	und	die
3	muß	und	wenn
3	muß	und	ich
3	mit	und	ohne
3	mit	und	nach
3	mit	und	hörte
3	mit	und	es
3	mit	und	einer
3	mit	und	die
3	mit	und	dann
3	mir	und	wie
3	mir	und	so
3	mir	und	ihm
3	mir	und	du
3	mir	und	dir
3	mir	und	der
3	mir	und	da
3	mild	und	weich
3	mich	und	wenn
3	mich	und	nun
3	mich	und	ließ
3	mich	und	kam
3	mich	und	hatte
3	mich	und	der
3	mich	und	auch
3	mehr	und	sie
3	mehr	und	konnte
3	mehr	und	doch
3	mehr	und	da
3	machte	und	ich
3	machte	und	die
3	machte	und	dann
3	machen	und	zu
3	machen	und	mich
3	machen	und	man
3	machen	und	dich
3	machen	und	der
3	machen	und	daß
3	machen	und	als
3	mache	und	daß
3	läßt	und	den
3	länger	und	in
3	lächelte	und	ging
3	lächelnd	und	mit
3	los	und	warf
3	los	und	stürzte
3	los	und	mit
3	los	und	die
3	ließen	und	sie
3	liegt	und	sich
3	liegt	und	dieses
3	liegen	und	wollte
3	liegen	und	auf
3	leuchteten	und	seine
3	lesen	und	zu
3	leise	und	schnell
3	leid	und	er
3	leicht	und	ohne
3	leibt	und	lebt
3	legen	und	so
3	leer	und	öde
3	leer	und	ohne
3	lebten	und	sich
3	lebt	und	webt
3	lebt	und	dem
3	lebhafter	und	meinte
3	leben	und	wirken
3	leben	und	sich
3	leben	und	die
3	leben	und	das
3	laut	und	mit
3	laut	und	heftig
3	lassen	und	war
3	lassen	und	sich
3	lassen	und	nun
3	lassen	und	noch
3	lassen	und	nicht
3	lassen	und	mit
3	lassen	und	ihnen
3	lassen	und	hätte
3	lassen	und	der
3	lassen	und	dabei
3	lassen	und	da
3	lassen	und	als
3	las	und	las
3	langsam	und	zögernd
3	langsam	und	nachdrücklich
3	langsam	und	feierlich
3	langsam	und	bedächtig
3	lange	und	schmale
3	lange	und	mit
3	lange	und	alle
3	lang	und	hager
3	lang	und	der
3	lagen	und	standen
3	lag	und	ließ
3	lag	und	daß
3	lachte	und	weinte
3	lachte	und	ging
3	lachend	und	die
3	lachen	und	weinen
3	kühn	und	allbereit
3	körperliche	und	geistige
3	könnten	und	nicht
3	könnte	und	wenn
3	könnte	und	sollte
3	könnte	und	er
3	könnte	und	die
3	könnte	und	daß
3	können	und	zu
3	können	und	sollen
3	können	und	sind
3	können	und	müssen
3	können	und	in
3	können	und	das
3	können	und	da
3	könne	und	er
3	kämpfen	und	sich
3	kurz	und	leise
3	kurz	und	klein
3	kurz	und	dick
3	konnten	und	die
3	konnte	und	zu
3	konnte	und	sich
3	konnte	und	ihm
3	konnte	und	ich
3	konnte	und	er
3	kommt	und	so
3	kommt	und	geht
3	kommen	und	wenn
3	kommen	und	sagte
3	kommen	und	mit
3	kommen	und	mich
3	kommen	und	ich
3	kommen	und	es
3	kommen	und	das
3	klug	und	tüchtig
3	kleine	und	große
3	klein	und	schwach
3	klein	und	fein
3	klar	und	zweifellos
3	klar	und	sicher
3	klar	und	gewiß
3	klar	und	die
3	klar	und	bestimmt
3	kehrt	und	ging
3	kannte	und	der
3	kann	und	wird
3	kann	und	da
3	kam	und	zuletzt
3	kam	und	was
3	kam	und	von
3	kam	und	meldete
3	kam	und	ihn
3	kalt	und	feucht
3	kalt	und	die
3	jetzt	und	jetzt
3	jetzt	und	der
3	ja	und	nein
3	ja	und	da
3	ißt	und	trinkt
3	ist	und	worüber
3	ist	und	weiß
3	ist	und	war
3	ist	und	unter
3	ist	und	unsere
3	ist	und	uns
3	ist	und	seinen
3	ist	und	noch
3	ist	und	nichts
3	ist	und	muß
3	ist	und	klar
3	ist	und	ist
3	ist	und	insofern
3	ist	und	indem
3	ist	und	immer
3	ist	und	hat
3	ist	und	für
3	ist	und	erst
3	ist	und	endlich
3	ist	und	einer
3	ist	und	eben
3	ist	und	du
3	ist	und	dieser
3	ist	und	dem
3	ist	und	dadurch
3	ist	und	da
3	ist	und	allen
3	innigste	und	unvergänglichste
3	innern	und	äußern
3	inneren	und	äußeren
3	innere	und	äußere
3	inne	und	sah
3	in	und	durch
3	ihr	und	küßte
3	ihr	und	ihrem
3	ihr	und	ihm
3	ihr	und	gab
3	ihr	und	euer
3	ihr	und	ein
3	ihr	und	die
3	ihnen	und	vor
3	ihn	und	mich
3	ihn	und	ließ
3	ihn	und	der
3	ihm	und	wenn
3	ihm	und	tat
3	ihm	und	sprach
3	ihm	und	sie
3	ihm	und	seine
3	ihm	und	sah
3	ihm	und	mir
3	ihm	und	ich
3	ihm	und	hatte
3	ihm	und	ging
3	ihm	und	fragte
3	ich	und	über
3	ich	und	wie
3	ich	und	mich
3	ich	und	ließ
3	ich	und	ein
3	ich	und	dann
3	hört	und	sieht
3	hören	und	zu
3	hören	und	sagte
3	hören	und	nicht
3	hätte	und	wie
3	hätte	und	die
3	hätte	und	der
3	hängenden	und	blöden
3	hängen	und	dann
3	hängen	und	blickte
3	hungrig	und	durstig
3	horchte	und	horchte
3	hold	und	schön
3	hoch	und	nieder
3	hoch	und	heilig
3	hoch	und	breit
3	hinüber	und	sagte
3	hinzukommt	und	ihn
3	hinweg	und	es
3	hinten	und	vorn
3	hinein	und	so
3	hinein	und	sagte
3	hinein	und	das
3	hindurch	und	dann
3	hindurch	und	an
3	hinausgeht	und	von
3	hinaus	und	rief
3	hinaus	und	ließ
3	hinaus	und	in
3	hinauf	und	wenn
3	hinauf	und	hinab
3	hinab	und	der
3	hin	und	zu
3	hin	und	sucht
3	hin	und	steckte
3	hin	und	sie
3	hin	und	kam
3	hin	und	hielt
3	hin	und	herging
3	hin	und	fanden
3	hier	und	wird
3	hier	und	ich
3	hier	und	hat
3	hielt	und	mit
3	hielt	und	dessen
3	hervor	und	sagte
3	hervor	und	nahm
3	hervor	und	legte
3	herum	und	die
3	herum	und	dann
3	herrlich	und	gut
3	herein	und	sie
3	herein	und	sagte
3	herein	und	die
3	herbei	und	die
3	heraus	und	setzte
3	heraus	und	legte
3	heraus	und	gab
3	heraus	und	fragten
3	heraus	und	fragte
3	heraus	und	die
3	heraus	und	der
3	heraus	und	das
3	heraus	und	dann
3	heraus	und	begann
3	heran	und	schließlich
3	herab	und	quer
3	herab	und	ich
3	her	und	wenn
3	her	und	sieh
3	her	und	rief
3	her	und	in
3	her	und	im
3	her	und	als
3	hell	und	still
3	hell	und	heiter
3	helfen	und	sie
3	heiter	und	sprach
3	hegt	und	pflegt
3	hatten	und	wie
3	hatten	und	nun
3	hatten	und	nach
3	hatten	und	mit
3	hatten	und	in
3	hatten	und	daß
3	hatten	und	das
3	hatten	und	alle
3	hatte	und	wollte
3	hatte	und	wenn
3	hatte	und	welche
3	hatte	und	um
3	hatte	und	sei
3	hatte	und	sagte
3	hatte	und	nach
3	hatte	und	ihre
3	hatte	und	ihn
3	hatte	und	hatte
3	hatte	und	gleichsam
3	hatte	und	ging
3	hatte	und	diese
3	hatte	und	auch
3	hat	und	zweitens
3	hat	und	wovon
3	hat	und	mir
3	hat	und	immer
3	hat	und	im
3	hat	und	er
3	hat	und	doch
3	hat	und	dann
3	hat	und	auf
3	hat	und	auch
3	hat	und	am
3	hat	und	also
3	hat	und	als
3	hast	und	es
3	hast	und	die
3	haben	und	zu
3	haben	und	wir
3	haben	und	noch
3	haben	und	man
3	haben	und	in
3	haben	und	ihr
3	haben	und	einen
3	haben	und	dem
3	haben	und	an
3	haben	und	also
3	habe	und	zwar
3	habe	und	von
3	habe	und	sehe
3	habe	und	nicht
3	habe	und	jetzt
3	habe	und	endlich
3	habe	und	den
3	habe	und	als
3	göttlichen	und	menschlichen
3	göttliche	und	menschliche
3	gut	und	wenn
3	gut	und	nicht
3	gut	und	munter
3	gut	und	mit
3	gut	und	ist
3	gut	und	es
3	grüßen	und	ihm
3	grünte	und	blühte
3	grün	und	gelb
3	großer	und	kleiner
3	groß	und	zu
3	groß	und	weit
3	groß	und	schlank
3	groß	und	ich
3	groß	und	hoch
3	groß	und	breit
3	glücklich	und	ohne
3	gleich	und	gleich
3	glauben	und	ich
3	ging	und	nahete
3	ging	und	ich
3	ging	und	er
3	ging	und	die
3	gezogen	und	nun
3	geworden	und	sie
3	geworden	und	sein
3	geworden	und	nun
3	geworden	und	man
3	geworden	und	es
3	gewesen	und	sie
3	gewesen	und	in
3	gewesen	und	im
3	gewesen	und	hätten
3	gewesen	und	hast
3	gewesen	und	ein
3	gewesen	und	doch
3	gewesen	und	daß
3	gevögelt	und	ich
3	geträumt	und	gedeutet
3	getreten	und	hatte
3	getragen	und	die
3	gesunden	und	kräftigen
3	gestorben	und	die
3	gestellt	und	die
3	gesprochen	und	auch
3	gesetzt	und	das
3	gesessen	und	mit
3	gesehen	und	sich
3	gesehen	und	nun
3	gesehen	und	jetzt
3	gesehen	und	es
3	gesehen	und	da
3	geschrieben	und	von
3	geschehen	und	zwar
3	gesagt	und	da
3	gerufen	und	die
3	gern	und	mit
3	gerichtet	und	wie
3	genießen	und	das
3	gemerkt	und	bin
3	gemacht	und	war
3	gemacht	und	im
3	gemacht	und	das
3	geliebten	und	verehrten
3	gelernt	und	ist
3	gelegt	und	in
3	gelegt	und	hat
3	gelegt	und	die
3	gelegen	und	da
3	gekommen	und	nun
3	gekommen	und	ihr
3	gekommen	und	ich
3	gekommen	und	hatten
3	gekommen	und	hatte
3	gekommen	und	daß
3	gekommen	und	das
3	gekannt	und	geliebt
3	gehört	und	wenn
3	gehört	und	als
3	geht	und	steht
3	geht	und	nicht
3	gehn	und	die
3	gehen	und	sich
3	gehen	und	sehen
3	gehen	und	nicht
3	gehen	und	mit
3	gehen	und	mich
3	gehen	und	ihr
3	gehen	und	ihn
3	gehen	und	das
3	gehabt	und	von
3	gehabt	und	der
3	gegessen	und	die
3	gegeben	und	der
3	geführt	und	in
3	gefällt	und	was
3	gefunden	und	durch
3	gefunden	und	die
3	gefallen	und	der
3	geekelt	und	erbrochen
3	gebunden	und	mit
3	gebrochen	und	es
3	gebracht	und	welches
3	geben	und	zu
3	geben	und	nicht
3	geben	und	es
3	geben	und	diese
3	geben	und	dadurch
3	geben	und	auch
3	gebe	und	daß
3	ganzen	und	nur
3	führt	und	die
3	führen	und	die
3	führe	und	auf
3	fuhren	und	die
3	froh	und	munter
3	froh	und	frisch
3	fremden	und	doch
3	fremd	und	unbekannt
3	frei	und	über
3	frei	und	ich
3	frei	und	doch
3	frank	und	frei
3	fort	und	zog
3	fort	und	sie
3	fort	und	rief
3	fort	und	nun
3	fort	und	kam
3	fort	und	jetzt
3	fort	und	in
3	fort	und	diese
3	fort	und	dachte
3	fort	und	als
3	formale	und	objektive
3	folgen	und	sie
3	findet	und	der
3	finden	und	vielleicht
3	finden	und	noch
3	finden	und	es
3	finden	und	erst
3	finden	und	der
3	fiel	und	die
3	festigen	und	zu
3	festgestellt	und	es
3	fest	und	treu
3	fest	und	tief
3	fest	und	sicher
3	fest	und	mit
3	fest	und	ich
3	fest	und	es
3	fertig	und	der
3	faßte	und	ihn
3	fassend	und	den
3	fassen	und	zu
3	fassen	und	so
3	fassen	und	sie
3	fand	und	die
3	fallen	und	nahm
3	fallen	und	er
3	fallen	und	die
3	fahren	und	ging
3	fahren	und	dort
3	etc	und	so
3	essen	und	dann
3	es	und	sie
3	es	und	sah
3	es	und	legte
3	erzogen	und	in
3	erwies	und	durch
3	erwarten	und	in
3	erste	und	wichtigste
3	erschöpft	und	sein
3	erscheint	und	die
3	erregen	und	die
3	ernst	und	traurig
3	erlösen	und	alles
3	erkennen	und	ob
3	erkennen	und	beschreiben
3	erhoben	und	zur
3	erheben	und	die
3	erhalten	und	zu
3	erhalten	und	sich
3	erhalten	und	nur
3	ergriff	und	in
3	erfüllt	und	dadurch
3	er	und	zog
3	er	und	wenn
3	er	und	strich
3	er	und	sprang
3	er	und	setzte
3	er	und	schüttelte
3	er	und	nur
3	er	und	nickte
3	er	und	mit
3	er	und	machte
3	er	und	holte
3	er	und	gab
3	er	und	drückte
3	er	und	da
3	entschlug	und	jedem
3	entlang	und	dann
3	enthalten	und	es
3	entgegen	und	sagte
3	entgegen	und	ich
3	entfernt	und	die
3	entfernt	und	der
3	entdeckt	und	er
3	empor	und	warf
3	empor	und	der
3	einzeln	und	allein
3	einsam	und	traurig
3	einsam	und	still
3	einmal	und	zwar
3	einfach	und	ohne
3	einem	und	dem
3	eine	und	die
3	eine	und	das
3	ein	und	wird
3	ein	und	wir
3	ein	und	war
3	ein	und	nahm
3	ein	und	macht
3	ein	und	eine
3	ein	und	da
3	ein	und	blieb
3	ein	und	auf
3	dürfen	und	deren
3	du	und	er
3	dritten	und	letzten
3	drei	und	drei
3	drauf	und	dran
3	dort	und	dort
3	doch	und	dann
3	dir	und	auch
3	dieses	und	das
3	diese	und	andere
3	dich	und	werde
3	dich	und	uns
3	dich	und	ihn
3	dich	und	ich
3	dich	und	du
3	deutlich	und	mit
3	desselben	und	die
3	desselben	und	das
3	denken	und	so
3	denken	und	nicht
3	denken	und	ich
3	denken	und	handeln
3	denken	und	an
3	denke	und	ich
3	deiner	und	meiner
3	daß	und	wie
3	dazwischen	und	als
3	dazu	und	es
3	dazu	und	breit
3	davon	und	es
3	dasselbe	und	die
3	das	und	jenes
3	das	und	er
3	darauf	und	ließ
3	daran	und	wenn
3	dar	und	dieser
3	dahin	und	die
3	dabei	und	zwar
3	da	und	wir
3	da	und	starrte
3	da	und	so
3	da	und	schaute
3	da	und	rührte
3	da	und	redete
3	da	und	es
3	böser	und	tiefer
3	bringen	und	zugleich
3	bringen	und	so
3	bringen	und	indem
3	bringen	und	ihn
3	bringen	und	der
3	brav	und	gut
3	brachte	und	sich
3	blendet	und	verwirrt
3	bleich	und	seine
3	bleiben	und	warten
3	bleiben	und	so
3	bleiben	und	doch
3	bleiben	und	als
3	bittersten	und	vielleicht
3	bitte	und	beschwöre
3	binden	und	zu
3	bin	und	wie
3	bin	und	oft
3	bin	und	ich
3	bin	und	du
3	bezeugten	und	wenige
3	bey	und	verschloß
3	bewegte	und	die
3	bestimmt	und	mit
3	bestimmt	und	es
3	bestimmt	und	daher
3	bestimmt	und	auf
3	bestimmen	und	was
3	bestimmen	und	so
3	bestimmen	und	dadurch
3	bessern	und	zu
3	bereit	und	reif
3	bereit	und	fertig
3	beobachten	und	sich
3	bekommen	und	stöhnte
3	bekommen	und	sich
3	bekommen	und	ihre
3	behandeln	und	sie
3	begreift	und	die
3	begegnen	und	ihr
3	begann	und	die
3	befreien	und	die
3	bauen	und	wie
3	auszugehen	und	die
3	aussah	und	als
3	ausmacht	und	zwar
3	auseinander	und	die
3	aus	und	wir
3	aus	und	wieder
3	aus	und	wartete
3	aus	und	waren
3	aus	und	trat
3	aus	und	spielte
3	aus	und	schlich
3	aus	und	sagt
3	aus	und	rief
3	aus	und	nun
3	aus	und	mit
3	aus	und	legten
3	aus	und	kam
3	aus	und	hob
3	aus	und	hatte
3	aus	und	gingen
3	aus	und	fuhr
3	aus	und	eingehen
3	aus	und	begann
3	aufzuheben	und	sie
3	aufstehen	und	nicht
3	aufschreiben	und	eine
3	aufrecht	und	sah
3	auflösen	und	in
3	aufging	und	ein
3	aufgerichtet	und	mit
3	aufgekommen	und	fuhr
3	aufgeht	und	untergeht
3	aufgehoben	und	in
3	aufgehoben	und	es
3	aufgehoben	und	die
3	auf	und	zu
3	auf	und	will
3	auf	und	wiederholte
3	auf	und	warf
3	auf	und	wanderte
3	auf	und	versuchte
3	auf	und	suchte
3	auf	und	stürmten
3	auf	und	steckte
3	auf	und	starrte
3	auf	und	stand
3	auf	und	sinkt
3	auf	und	schloß
3	auf	und	schien
3	auf	und	richtete
3	auf	und	küßte
3	auf	und	konnte
3	auf	und	holte
3	auf	und	hielt
3	auf	und	griff
3	auf	und	faßte
3	auf	und	fand
3	auf	und	erwachte
3	auf	und	bringt
3	auf	und	betrachtete
3	auf	und	auf
3	auch	und	ich
3	arm	und	reich
3	arbeiten	und	zu
3	anwesend	und	sie
3	antwortete	und	sagte
3	angekommen	und	ich
3	angehört	und	die
3	anders	und	wenn
3	anderes	und	Besseres
3	andererseits	und	einem
3	an	und	wurde
3	an	und	um
3	an	und	trat
3	an	und	sein
3	an	und	schüttelte
3	an	und	schwieg
3	an	und	schlug
3	an	und	schickte
3	an	und	sagten
3	an	und	nahm
3	an	und	mußte
3	an	und	macht
3	an	und	legte
3	an	und	ihr
3	an	und	horchte
3	an	und	hielt
3	an	und	fand
3	an	und	da
3	an	und	brachte
3	an	und	bemerkte
3	an	und	auch
3	an	und	alle
3	alte	und	der
3	alt	und	so
3	alt	und	neu
3	allgemeine	und	reine
3	alles	und	ist
3	alles	und	das
3	allem	und	jedem
3	allein	und	gar
3	allein	und	es
3	all	und	jedes
3	all	und	jedem
3	adj	und	adv
3	abnehmen	und	so
3	abgestoßenen	und	grüblerischen
3	ab	und	tat
3	ab	und	schleuderte
3	ab	und	schien
3	ab	und	machte
3	ab	und	führte
3	ab	und	er
3	ab	und	blieb
3	ab	und	alles
3	Zärtlichkeit	und	Liebe
3	Zweige	und	Blätter
3	Zwecke	und	der
3	Zweck	und	Wesen
3	Zweck	und	Inhalt
3	Zustand	und	die
3	Zimmer	und	war
3	Zimmer	und	der
3	Zenzi	und	ich
3	Zeiten	und	die
3	Zeiten	und	Völker
3	Zeit	und	sie
3	Zeit	und	sein
3	Zeit	und	nicht
3	Zeit	und	mit
3	Zeit	und	jeder
3	Zeit	und	er
3	Zeit	und	Sammlung
3	Zeit	und	Ort
3	Zeit	und	Kraft
3	Zeit	und	Gelegenheit
3	Zarathustra	und	viele
3	Zarathustra	und	lächelte
3	Wärme	und	andere
3	Wärme	und	Kälte
3	Wälder	und	Seen
3	Wut	und	Verzweiflung
3	Wut	und	Angst
3	Wunsch	und	Willen
3	Wunsch	und	Will
3	Wulckow	und	Diederich
3	Worten	und	Bewegungen
3	Worte	und	Werthe
3	Wort	und	sagte
3	Wort	und	das
3	Wort	und	That
3	Wollens	und	Vollbringens
3	Wollen	und	Vollbringen
3	Woldemar	und	Armgard
3	Wochen	und	Tage
3	Wissenschaften	und	dem
3	Wissenschaft	und	die
3	Wissens	und	Tuns
3	Wissen	und	der
3	Wirkungen	und	Ursachen
3	Wirklichkeit	und	als
3	Winter	und	Sommer
3	Wink	und	Wort
3	Wind	und	ein
3	Wind	und	Regen
3	Willens	und	der
3	Wieder	und	wieder
3	Wesen	und	so
3	Wesen	und	sein
3	Wesen	und	in
3	Wesen	und	ihren
3	Wesen	und	Ziel
3	Wert	und	Sinn
3	Werbel	und	Schwemmelein
3	Welt	und	ihr
3	Welt	und	es
3	Welt	und	bis
3	Welt	und	alle
3	Weit	und	breit
3	Weisheit	und	der
3	Weise	und	in
3	Weise	und	die
3	Weile	und	dann
3	Weib	und	seine
3	Weib	und	Kinder
3	Wege	und	Mittel
3	Weg	und	so
3	Wasser	und	zu
3	Wasser	und	wir
3	Wasser	und	dann
3	Wasser	und	Feuer
3	Wange	und	sagte
3	Wanderer	und	sein
3	Wand	und	der
3	Wald	und	die
3	Wald	und	Wiesen
3	Wald	und	Wiese
3	Wahrnehmung	und	Idee
3	Wahrheit	und	Wissenschaft
3	Wahrheit	und	Wirklichkeit
3	Wahrheit	und	Notwendigkeit
3	Wahrheit	und	Irrtum
3	Wahre	und	Gute
3	Wagen	und	fuhren
3	Waffen	und	die
3	Wachen	und	Schlafen
3	Västerbotten	und	Lappland
3	Vorwärts	und	rückwärts
3	Vorstellungen	und	zwar
3	Volkes	und	die
3	Vieh	und	das
3	Verwundete	und	Gefangene
3	Vertrauens	und	der
3	Verstand	und	die
3	Verstand	und	Talent
3	Veronika	und	Mali
3	Vernunft	und	ist
3	Vermögen	und	die
3	Verlust	und	die
3	Verkehrte	und	Verkehrende
3	Vaters	und	Bruders
3	Vater	und	der
3	Vater	und	den
3	Vater	und	deine
3	Unrat	und	seine
3	Unnahbaren	und	ein
3	Universitäten	und	die
3	Uniform	und	die
3	Uhr	und	die
3	Türmen	und	Zinnen
3	Tür	und	öffnete
3	Tür	und	rief
3	Tür	und	ließ
3	Tür	und	Tor
3	Tücher	und	Binden
3	Täuschung	und	Irrtum
3	Typs	und	einen
3	Tun	und	Wesen
3	Tun	und	Handeln
3	Tugend	und	mit
3	Träumens	und	d
3	Träume	und	ihre
3	Traumreize	und	Traumquellen
3	Traum	und	seine
3	Traum	und	nicht
3	Traum	und	Wirklichkeit
3	Traum	und	Vhtg
3	Traum	und	Mythus
3	Traum	und	Geistesstörung
3	Tony	und	Morten
3	Ton	und	Textbildern
3	Tomaten	und	sein
3	Tom	und	Joe
3	Tom	und	Gerda
3	Tod	und	der
3	Tod	und	Teufel
3	Tod	und	Nacht
3	Tochter	und	dem
3	Tochter	und	Erbin
3	Tische	und	Bänke
3	Tisch	und	einen
3	Tisch	und	Schrank
3	Tiger	und	der
3	Tiere	und	die
3	Tiere	und	Menschen
3	Tiefer	und	tiefer
3	Tiefen	und	Höhen
3	Thür	und	die
3	Teufel	und	die
3	Teile	und	es
3	Teil	und	das
3	Tee	und	Biskuits
3	Tausenden	und	Myriaden
3	Tat	und	die
3	Tanz	und	Gesang
3	Tage	und	selbst
3	Tage	und	es
3	Tage	und	bei
3	Tag	und	Nachtgleiche
3	Sünder	und	der
3	Säure	und	Base
3	Säulen	und	Mauern
3	Synthesis	und	die
3	Summ	und	brumm
3	Stühle	und	Tische
3	Stärke	und	Deutlichkeit
3	Städten	und	Dörfern
3	Sturm	und	Drang
3	Stunde	und	die
3	Stuhl	und	sagte
3	Stube	und	fand
3	Strenge	und	Härte
3	Straßen	und	die
3	Straße	und	der
3	Stirn	und	rief
3	Stimme	und	sah
3	Stimme	und	sagte
3	Stimme	und	dann
3	Stiege	und	das
3	Sterne	und	alle
3	Steigen	und	Fallen
3	Staunen	und	Schreck
3	Stadt	und	im
3	Stadt	und	es
3	Stadt	und	der
3	Stadt	und	den
3	Stadt	und	dem
3	Staatsmacht	und	Reichtum
3	Spoelmann	und	die
3	Sonntag	und	der
3	Sonnenschein	und	die
3	Sonne	und	von
3	Sommer	und	Winter
3	Soldaten	und	dem
3	Sohn	und	Erben
3	Sohn	und	Erbe
3	So	und	So
3	Sitten	und	Einrichtungen
3	Sinnlichkeit	und	Verstand
3	Sinnen	und	eine
3	Sinnen	und	dem
3	Sinn	und	die
3	Sinn	und	Zweck
3	Sinn	und	Wesen
3	Sinn	und	Muth
3	Silber	und	von
3	Siegmund	und	Siegelind
3	Sie	und	mich
3	Sicherheit	und	Bequemlichkeit
3	Selbsts	und	des
3	Selbstbewußtseins	und	des
3	Selbstbewußtsein	und	das
3	Seins	und	die
3	Seins	und	der
3	Seins	und	Denkens
3	Seele	und	so
3	Seele	und	mit
3	Seele	und	ihre
3	Seele	und	ich
3	Seele	und	des
3	Schönen	und	Guten
3	Schöne	und	Edle
3	Schwierigkeit	und	Strenge
3	Schwelle	und	die
3	Schweiß	und	mit
3	Schultern	und	die
3	Schule	und	die
3	Schule	und	der
3	Schuld	und	Unschuld
3	Schrecken	und	die
3	Schnurrbart	und	seiner
3	Schmerzes	und	der
3	Schmach	und	Schande
3	Schläfen	und	in
3	Schluss	und	als
3	Schloß	und	das
3	Schlag	und	die
3	Schimpf	und	ohne
3	Schilf	und	Binsen
3	Schicksal	und	die
3	Schatten	und	Scheine
3	Scham	und	der
3	Schall	und	Rauch
3	Sauerstoff	und	Wasserstoff
3	Sang	und	Klang
3	Saladin	und	Sittah
3	Rüstung	und	mit
3	Rücken	und	flog
3	Rücken	und	die
3	Rücken	und	den
3	Räthsel	und	grauser
3	Ruhm	und	Ehre
3	Ruhe	und	Würde
3	Ruh	und	Frieden
3	Rossen	und	von
3	Ross	und	auch
3	Rock	und	Weste
3	Rock	und	Hosen
3	Risse	und	Sprünge
3	Risse	und	Löcher
3	Reu	und	Buße
3	Religion	und	Kunst
3	Reihe	und	die
3	Regsamkeit	und	Findigkeit
3	Regierung	und	das
3	Regennacht	und	schrie
3	Regen	und	Wind
3	Regen	und	Tau
3	Regen	und	Kälte
3	Regen	und	Bewegen
3	Rechte	und	Gute
3	Rechte	und	Ansprüche
3	Recht	und	Vorrecht
3	Recht	und	Gesetz
3	Rechnen	und	Reden
3	Raum	und	in
3	Raum	und	Licht
3	Rank	und	Sachs
3	Proben	und	Prüfungen
3	Prinzipien	und	den
3	Prinzen	und	der
3	Prinzen	und	Prinzessinnen
3	Pracht	und	Herrlichkeit
3	Platz	und	setzte
3	Physiognomik	und	Schädellehre
3	Pflicht	und	der
3	Pflege	und	Abhärtung
3	Pflanzen	und	die
3	Pflanzen	und	Tiere
3	Pflanze	und	das
3	Pferde	und	Maultiere
3	Pferde	und	Kühe
3	Person	und	der
3	Permaneder	und	Erika
3	Peitsche	und	Sporen
3	Pech	und	Schwefel
3	Papst	und	die
3	Papa	und	Mama
3	Pali	und	Melaf
3	Osaka	und	die
3	Orten	und	Enden
3	Ort	und	Klima
3	Orsini	und	Vitelli
3	Orest	und	Pylades
3	Ordnung	und	die
3	Ordnung	und	Reinlichkeit
3	Ordnung	und	Regelmäßigkeit
3	Ordnung	und	Einheit
3	Ohr	und	flüsterte
3	Oh	und	Ach
3	Offiziere	und	Soldaten
3	Nässe	und	Kälte
3	Notwendigkeit	und	Zufälligkeit
3	Not	und	Gefahr
3	Not	und	Bedrängnis
3	Norden	und	Süden
3	Nerven	und	des
3	Nepomuk	und	der
3	Neigungen	und	Leidenschaften
3	Neigungen	und	Abneigungen
3	Neid	und	Zorn
3	Natur	und	im
3	Natur	und	hat
3	Natur	und	deren
3	Natur	und	dem
3	Nase	und	den
3	Nase	und	dem
3	Nase	und	Mund
3	Nacht	und	wird
3	Nacht	und	Wind
3	Nacht	und	Nebel
3	Na	und	wie
3	Na	und	du
3	Na	und	dann
3	Mühe	und	Sorge
3	Mädchen	und	sie
3	Mädchen	und	der
3	Mutter	und	ihre
3	Mutter	und	das
3	Musik	und	zwar
3	Musik	und	die
3	Musik	und	Tanz
3	Mund	und	rief
3	Mund	und	der
3	Mund	und	Kinn
3	Mund	und	Augen
3	Mpangire	und	seine
3	Mord	und	Tod
3	Modell	und	dem
3	Mizzi	und	ihr
3	Milde	und	Güte
3	Miene	und	Gebärde
3	Messer	und	Gabeln
3	Menschheit	und	der
3	Menschenfresser	und	seine
3	Menschen	und	ihre
3	Menschen	und	hunderterlei
3	Menschen	und	den
3	Mensch	und	ein
3	Mensch	und	der
3	Mensch	und	Gott
3	Menge	und	der
3	Meer	und	ich
3	Maß	und	Gewicht
3	Markt	und	an
3	Maria	und	die
3	Mann	und	eine
3	Mann	und	du
3	Mann	und	Kind
3	Lüdegast	und	Lüdeger
3	Lust	und	Macht
3	Lust	und	Begierde
3	Luft	und	in
3	Luft	und	das
3	Luft	und	Wasser
3	Lob	und	Ehre
3	Lippen	und	seine
3	Lippen	und	sagte
3	Lippen	und	er
3	Liebe	und	des
3	Liebe	und	Zärtlichkeit
3	Liebe	und	Güte
3	Liebe	und	Freude
3	Liebe	und	Ehrfurcht
3	Lieb	und	Lust
3	Licht	und	Wärme
3	Licht	und	Glut
3	Licht	und	Farbenwelt
3	Leute	und	ich
3	Leute	und	die
3	Leiden	und	Freuden
3	Leid	und	Freude
3	Leib	und	Erde
3	Leib	und	Blut
3	Lehrer	und	die
3	Lehrer	und	Schüler
3	Lebens	und	das
3	Leben	und	zu
3	Leben	und	vor
3	Leben	und	so
3	Leben	und	sie
3	Leben	und	an
3	Leben	und	alle
3	Leben	und	Weben
3	Leben	und	Kraft
3	Lauer	und	Heuteufel
3	Landzungen	und	Inseln
3	Landes	und	der
3	Land	und	Leute
3	Lachen	und	Weinen
3	Künste	und	Wissenschaften
3	Küche	und	Speisekammer
3	Kübeln	und	Töpfen
3	Körpers	und	der
3	Königin	und	die
3	Könige	und	der
3	König	und	sein
3	König	und	eine
3	König	und	der
3	König	und	den
3	König	und	Vaterland
3	Kälte	und	Nässe
3	Kräuter	und	Salate
3	Kräfte	und	der
3	Kräfte	und	Vermögen
3	Krieg	und	Kriegsvolke
3	Kraft	und	Willen
3	Kraft	und	Verstand
3	Kraft	und	Stärke
3	Kraft	und	Schönheit
3	Kraft	und	Muth
3	Kraft	und	Mut
3	Kraft	und	Größe
3	Kopfe	und	mit
3	Kopf	und	seine
3	Kopf	und	sein
3	Kopf	und	er
3	Kopf	und	dann
3	Kopf	und	Ohren
3	Kopf	und	Hals
3	Kommen	und	Gehen
3	Kognak	und	Zigaretten
3	Knabe	und	ein
3	Klipp	und	Sturm
3	Kleider	und	die
3	Kirchen	und	Dörfer
3	Kirche	und	das
3	Kindern	und	der
3	Kinder	und	sich
3	Kinder	und	der
3	Kinder	und	Kindeskinder
3	Kinder	und	Enkel
3	Kind	und	der
3	Kind	und	Ehe
3	Keuchen	und	Sprechen
3	Katheder	und	ich
3	Kamele	und	Esel
3	Kaffee	und	Buttersemmeln
3	Jungen	und	die
3	Junge	und	sprang
3	Junge	und	der
3	Jugend	und	die
3	Jugend	und	Schönheit
3	Juden	und	Christen
3	Jockele	und	die
3	Jahre	und	zwar
3	Jahr	und	mehr
3	Jadassohn	und	Diederich
3	Ja	und	wie
3	Ja	und	ich
3	Ja	und	du
3	Itzt	und	Hier
3	Irrtums	und	der
3	Innere	und	Äußere
3	Inhalts	und	der
3	Individualität	und	der
3	Imma	und	Klaus
3	Illustration	und	in
3	Ihnen	und	ich
3	Idee	und	Wahrnehmung
3	Idee	und	Erfahrung
3	Ich	und	meine
3	Ich	und	mein
3	Ich	und	die
3	Ich	und	des
3	Hühner	und	Gänse
3	Häuser	und	die
3	Händen	und	er
3	Hände	und	rief
3	Hände	und	der
3	Hut	und	Mantel
3	Hunde	und	Jäger
3	Hof	und	in
3	Hof	und	Landadel
3	Hof	und	Garten
3	Hin	und	Hergehen
3	Himmel	und	indem
3	Himmel	und	er
3	Himmel	und	ein
3	Herzogin	und	die
3	Herzer	und	seine
3	Herzen	und	mit
3	Herz	und	seine
3	Herz	und	eine
3	Herz	und	auch
3	Herz	und	Geist
3	Herrn	und	Meister
3	Herr	und	hat
3	Herr	und	eine
3	Herr	und	Knecht
3	Herr	und	Heiland
3	Herbst	und	Winter
3	Hemd	und	Hose
3	Heinrich	und	Fräulein
3	Heimat	und	die
3	Heil	und	Segen
3	Heidentum	und	Judentum
3	Haut	und	Haar
3	Hause	und	war
3	Hause	und	legte
3	Hause	und	in
3	Hause	und	er
3	Hause	und	die
3	Hause	und	dem
3	Hause	und	da
3	Hause	und	auf
3	Haus	und	seine
3	Haus	und	in
3	Haus	und	ich
3	Haupt	und	Staatsaktion
3	Hans	und	Ingeborg
3	Handlungen	und	ihrer
3	Handelns	und	des
3	Handel	und	Wandel
3	Hand	und	während
3	Hand	und	wollte
3	Hand	und	warf
3	Hand	und	war
3	Hand	und	schlug
3	Hand	und	sagt
3	Hand	und	rief
3	Hand	und	in
3	Hand	und	hielt
3	Hand	und	flüsterte
3	Hand	und	er
3	Hand	und	der
3	Hand	und	den
3	Hand	und	da
3	Hand	und	begann
3	Hand	und	Mund
3	Hand	und	Herz
3	Hammed	und	Dschowari
3	Hamlet	und	Horatio
3	Haltung	und	Würde
3	Haltung	und	Sprache
3	Hals	und	sagt
3	Hals	und	ließ
3	Hals	und	die
3	Halef	und	ich
3	Halb	und	Halben
3	Hacke	und	Spaten
3	Haar	und	einem
3	Haar	und	den
3	Haar	und	Bart
3	Güte	und	in
3	Göttern	und	Menschen
3	Gärten	und	Felder
3	Guten	und	des
3	Gut	und	schön
3	Guste	und	Diederich
3	Größe	und	der
3	Grössten	und	auch
3	Gruß	und	Kuß
3	Gruppen	und	Stellungen
3	Grundsätze	und	die
3	Grunde	und	die
3	Grund	und	Wesen
3	Großes	und	Kleines
3	Grauen	und	Entsetzen
3	Gras	und	Erde
3	Grafen	und	die
3	Grad	und	die
3	Gottes	und	ein
3	Gottes	und	das
3	Gott	und	seine
3	Gott	und	daß
3	Gott	und	Teufel
3	Gott	und	Seligkeit
3	Gott	und	Gott
3	Gold	und	Seide
3	Gold	und	Purpur
3	Gold	und	Gewand
3	Goethe	und	kein
3	Glück	und	eine
3	Glück	und	der
3	Glück	und	Freude
3	Glaubens	und	der
3	Glauben	und	die
3	Glauben	und	Wissen
3	Giebeln	und	Dächern
3	Gewißheit	und	Wahrnehmung
3	Gewitter	und	Sturm
3	Gesundheit	und	Kraft
3	Gestern	und	Heute
3	Gestalt	und	seine
3	Gestalt	und	Größe
3	Gespräch	und	Gelächter
3	Gesinnungen	und	Empfindungen
3	Gesicht	und	von
3	Gesicht	und	seine
3	Gesicht	und	ließ
3	Gesicht	und	ihre
3	Gesicht	und	ich
3	Gesetze	und	Gewissen
3	Geschwister	und	die
3	Gesang	und	rollenden
3	Gernot	und	Geiselher
3	Gerechtigkeit	und	es
3	Gerechten	und	den
3	Gerechten	und	Auserwählten
3	Gerda	und	Thomas
3	Geplauder	und	Gewirre
3	Genitale	und	zwar
3	Gelächter	und	Spott
3	Geld	und	er
3	Geistes	und	seiner
3	Geistes	und	diese
3	Geistes	und	die
3	Geist	und	wenn
3	Geist	und	das
3	Geist	und	alles
3	Geist	und	Wort
3	Geist	und	Sinn
3	Geist	und	Körper
3	Gegenwart	und	Zukunft
3	Gegenstand	und	die
3	Gegenstand	und	Wesen
3	Gefühle	und	Stimmungen
3	Gefühl	und	der
3	Gedankens	und	der
3	Gedanken	und	Hintergedanken
3	Gedanken	und	Gefühlen
3	Gedanken	und	Gefühle
3	Gedanken	und	Empfindungen
3	Geburt	und	wenn
3	Geburt	und	Grab
3	Gatten	und	der
3	Garten	und	das
3	Ganzen	und	nicht
3	Gaben	und	Fähigkeiten
3	Fürsten	und	die
3	Fächer	und	die
3	Fuß	und	zu
3	Frühling	und	der
3	Friederike	und	Henriette
3	Frieden	und	die
3	Frieden	und	das
3	Freundschaft	und	die
3	Freunden	und	nicht
3	Freunde	und	Freundinnen
3	Freunde	und	Die
3	Freunde	und	Bekannten
3	Freund	und	sein
3	Freund	und	als
3	Freund	und	Mannen
3	Freude	und	Leid
3	Freud	und	Schmerz
3	Fremdes	und	Ausländisches
3	Freiheit	und	der
3	Freiheit	und	Vaterland
3	Freiheit	und	Leben
3	Frauen	und	manche
3	Frauen	und	Kindern
3	Frau	und	meine
3	Frankreich	und	Italien
3	Frage	und	Antwort
3	Formen	und	Farben
3	Flügeln	und	flog
3	Flügel	und	quellenahnende
3	Flügel	und	flog
3	Flügel	und	die
3	Fluß	und	auch
3	Fleisch	und	mit
3	Fleisch	und	Reis
3	Fleisch	und	Bein
3	Finsternis	und	in
3	Finger	und	Zehen
3	Feuer	und	ihr
3	Feuer	und	der
3	Feuer	und	Schwert
3	Fenster	und	riß
3	Felsen	und	Bäumen
3	Felder	und	Wälder
3	Feind	und	der
3	Feder	und	schrieb
3	Euphrat	und	Tigris
3	Euch	und	mich
3	Euch	und	ich
3	Etzel	und	Kriemhild
3	Esel	und	Maultiere
3	Erziehung	und	Bildung
3	Erlebnisse	und	Gedanken
3	Erkenntnis	und	in
3	Erfahrung	und	zwar
3	Erfahrung	und	selbst
3	Erfahrung	und	die
3	Erde	und	von
3	Erde	und	sie
3	Erde	und	nicht
3	Erde	und	er
3	Erde	und	auf
3	Erde	und	alle
3	Erde	und	Mars
3	Entfernung	und	Geschwindigkeit
3	Engel	und	die
3	Ende	und	ihr
3	Ende	und	der
3	Empfindungen	und	Trieben
3	Empfindungen	und	Stimmungen
3	Eltern	und	die
3	Eltern	und	Vorgesetzten
3	Eltern	und	Schwestern
3	Eltern	und	Kindern
3	Eltern	und	Kinder
3	Eltern	und	Erzieher
3	Elends	und	der
3	Ekstatik	und	werdende
3	Ekel	und	Überdruß
3	Einzelnheit	und	die
3	Einzelnheit	und	der
3	Einzelnheit	und	Zufälligkeit
3	Einsamkeit	und	die
3	Eile	und	Kåra
3	Eigentümliche	und	Unterscheidende
3	Eichen	und	Linden
3	Ehrgeizes	und	der
3	Ehre	und	des
3	Ehr	und	Seligkeit
3	Ebbe	und	Fluth
3	Dächer	und	Türme
3	Durchstecherei	und	schleichendes
3	Dunst	und	Nebel
3	Dubslav	und	Engelke
3	Diplomaten	und	die
3	Dinge	und	das
3	Dinge	und	Vorgänge
3	Diesseits	und	Jenseits
3	Diederich	und	sah
3	Denkens	und	Handelns
3	Denken	und	Sinnen
3	Denken	und	Handeln
3	Denken	und	Erleben
3	Denken	und	Empfinden
3	Dasein	und	Wirklichkeit
3	Dasein	und	Bewegung
3	Dantons	und	Camilles
3	Dankwart	und	Volker
3	Dankwart	und	Hagen
3	Dank	und	Gruß
3	Cucufa	und	Tournemine
3	Cohn	und	Heuteufel
3	Cohn	und	Genossen
3	Charakter	und	den
3	Bürgermeister	und	den
3	Bären	und	Wölfen
3	Buchten	und	Landzungen
3	Buben	und	Mädel
3	Brust	und	sprach
3	Brust	und	ich
3	Brust	und	dem
3	Brust	und	Rücken
3	Brot	und	Butter
3	Breite	und	Länge
3	Bogen	und	Pfeil
3	Boden	und	mit
3	Boden	und	in
3	Blüten	und	Früchten
3	Blüten	und	Früchte
3	Blüt	und	Frucht
3	Blick	und	ließ
3	Blech	und	Blech
3	Blatt	und	die
3	Bett	und	rief
3	Bett	und	Zenzi
3	Bergen	und	die
3	Berge	und	Täler
3	Berg	und	Wald
3	Benvolio	und	Mercutio
3	Beine	und	den
3	Beharrlichkeit	und	mit
3	Begriffs	und	die
3	Begriffe	und	nicht
3	Begriffe	und	mit
3	Begriffe	und	der
3	Begriff	und	der
3	Bedingung	und	die
3	Bedeutung	und	der
3	Bedeutung	und	Gültigkeit
3	Bausch	und	Bogen
3	Baum	und	die
3	Baum	und	der
3	Baron	und	Baronin
3	Augen	und	zu
3	Augen	und	versank
3	Augen	und	sah
3	Augen	und	lachte
3	Augen	und	ihrer
3	Augen	und	fragte
3	Augen	und	blickte
3	Auge	und	ich
3	Auge	und	der
3	Aug	und	Brust
3	Aufregung	und	Freude
3	Aufklärung	und	der
3	Aufgabe	und	die
3	Askese	und	Heiligkeit
3	Askaris	und	Wahehe
3	Art	und	Kunst
3	Arme	und	küßte
3	Arme	und	begann
3	Arm	und	führte
3	Arm	und	den
3	Arm	und	Hand
3	Arm	und	Bein
3	Arbeit	und	Freude
3	Anselmus	und	der
3	Anschauung	und	wenn
3	Anschauung	und	die
3	Anschauung	und	der
3	Angst	und	Unruhe
3	Angst	und	Graus
3	Anführerin	und	sie
3	Anfang	und	ohne
3	Anfang	und	keine
3	Anfang	und	Ende
3	Amar	und	Vouland
3	Alltäglichkeit	und	Langeweile
3	Agnes	und	Diederich
3	Abend	und	ich
